Nome: ITATIAIA (FUNIL)
Codigo Estacao: 83017
Latitude: -22.53
Longitude: -44.57
Altitude: 545
Situacao: Desativada
Data Inicial: 1963-04-30
Data Final: 1966-10-30
Periodicidade da Medicao: Diaria

Data Medicao;TEMPERATURA MAXIMA, DIARIA(°C);TEMPERATURA MINIMA, DIARIA(°C);
1963-04-30;null;null;
1963-05-01;null;null;
1963-05-02;null;null;
1963-05-03;null;null;
1963-05-04;null;null;
1963-05-05;null;null;
1963-05-06;null;null;
1963-05-07;null;null;
1963-05-08;null;null;
1963-05-09;null;null;
1963-05-10;null;null;
1963-05-11;null;null;
1963-05-12;null;null;
1963-05-13;null;null;
1963-05-14;null;null;
1963-05-15;null;null;
1963-05-16;null;null;
1963-05-17;null;null;
1963-05-18;null;null;
1963-05-19;null;null;
1963-05-20;null;null;
1963-05-21;null;null;
1963-05-22;null;null;
1963-05-23;null;null;
1963-05-24;null;null;
1963-05-25;null;null;
1963-05-26;null;null;
1963-05-27;null;null;
1963-05-28;null;null;
1963-05-29;null;null;
1963-05-30;null;null;
1963-05-31;null;null;
1963-06-01;null;null;
1963-06-02;null;null;
1963-06-03;null;null;
1963-06-04;null;null;
1963-06-05;null;null;
1963-06-06;null;null;
1963-06-07;null;null;
1963-06-08;null;null;
1963-06-09;null;null;
1963-06-10;null;null;
1963-06-11;null;null;
1963-06-12;null;null;
1963-06-13;null;null;
1963-06-14;null;null;
1963-06-15;null;null;
1963-06-16;null;null;
1963-06-17;null;null;
1963-06-18;null;null;
1963-06-19;null;null;
1963-06-20;null;null;
1963-06-21;null;null;
1963-06-22;null;null;
1963-06-23;null;null;
1963-06-24;null;null;
1963-06-25;null;null;
1963-06-26;null;null;
1963-06-27;null;null;
1963-06-28;null;null;
1963-06-29;null;null;
1963-06-30;null;null;
1963-07-01;null;null;
1963-07-02;null;null;
1963-07-03;null;null;
1963-07-04;null;null;
1963-07-05;null;null;
1963-07-06;null;null;
1963-07-07;null;null;
1963-07-08;null;null;
1963-07-09;null;null;
1963-07-10;null;null;
1963-07-11;null;null;
1963-07-12;null;null;
1963-07-13;null;null;
1963-07-14;null;null;
1963-07-15;null;null;
1963-07-16;null;null;
1963-07-17;null;null;
1963-07-18;null;null;
1963-07-19;null;null;
1963-07-20;null;null;
1963-07-21;null;null;
1963-07-22;null;null;
1963-07-23;null;null;
1963-07-24;null;null;
1963-07-25;null;null;
1963-07-26;null;null;
1963-07-27;null;null;
1963-07-28;null;null;
1963-07-29;null;null;
1963-07-30;null;null;
1963-07-31;null;null;
1963-08-01;null;null;
1963-08-02;null;null;
1963-08-03;null;null;
1963-08-04;null;null;
1963-08-05;null;null;
1963-08-06;null;null;
1963-08-07;null;null;
1963-08-08;null;null;
1963-08-09;null;null;
1963-08-10;null;null;
1963-08-11;null;null;
1963-08-12;null;null;
1963-08-13;null;null;
1963-08-14;null;null;
1963-08-15;null;null;
1963-08-16;null;null;
1963-08-17;null;null;
1963-08-18;null;null;
1963-08-19;null;null;
1963-08-20;null;null;
1963-08-21;null;null;
1963-08-22;null;null;
1963-08-23;null;null;
1963-08-24;null;null;
1963-08-25;null;null;
1963-08-26;null;null;
1963-08-27;null;null;
1963-08-28;null;null;
1963-08-29;null;null;
1963-08-30;null;null;
1963-08-31;null;null;
1963-09-01;null;null;
1963-09-02;null;null;
1963-09-03;null;null;
1963-09-04;null;null;
1963-09-05;null;null;
1963-09-06;null;null;
1963-09-07;null;null;
1963-09-08;null;null;
1963-09-09;null;null;
1963-09-10;null;null;
1963-09-11;null;null;
1963-09-12;null;null;
1963-09-13;null;null;
1963-09-14;null;null;
1963-09-15;null;null;
1963-09-16;null;null;
1963-09-17;null;null;
1963-09-18;null;null;
1963-09-19;null;null;
1963-09-20;null;null;
1963-09-21;null;null;
1963-09-22;null;null;
1963-09-23;null;null;
1963-09-24;null;null;
1963-09-25;null;null;
1963-09-26;null;null;
1963-09-27;null;null;
1963-09-28;null;null;
1963-09-29;null;null;
1963-09-30;null;null;
1963-10-01;null;null;
1963-10-02;null;null;
1963-10-03;null;null;
1963-10-04;null;null;
1963-10-05;null;null;
1963-10-06;null;null;
1963-10-07;null;null;
1963-10-08;null;null;
1963-10-09;null;null;
1963-10-10;null;null;
1963-10-11;null;null;
1963-10-12;null;null;
1963-10-13;null;null;
1963-10-14;null;null;
1963-10-15;null;null;
1963-10-16;null;null;
1963-10-17;null;null;
1963-10-18;null;null;
1963-10-19;null;null;
1963-10-20;null;null;
1963-10-21;null;null;
1963-10-22;null;null;
1963-10-23;null;null;
1963-10-24;null;null;
1963-10-25;null;null;
1963-10-26;null;null;
1963-10-27;null;null;
1963-10-28;null;null;
1963-10-29;null;null;
1963-10-30;null;null;
1963-10-31;null;null;
1963-11-01;null;null;
1963-11-02;null;null;
1963-11-03;null;null;
1963-11-04;null;null;
1963-11-05;null;null;
1963-11-06;null;null;
1963-11-07;null;null;
1963-11-08;null;null;
1963-11-09;null;null;
1963-11-10;null;null;
1963-11-11;null;null;
1963-11-12;null;null;
1963-11-13;null;null;
1963-11-14;null;null;
1963-11-15;null;null;
1963-11-16;null;null;
1963-11-17;null;null;
1963-11-18;null;null;
1963-11-19;null;null;
1963-11-20;null;null;
1963-11-21;null;null;
1963-11-22;null;null;
1963-11-23;null;null;
1963-11-24;null;null;
1963-11-25;null;null;
1963-11-26;null;null;
1963-11-27;null;null;
1963-11-28;null;null;
1963-11-29;null;null;
1963-11-30;null;null;
1963-12-01;null;null;
1963-12-02;null;null;
1963-12-03;null;null;
1963-12-04;null;null;
1963-12-05;null;null;
1963-12-06;null;null;
1963-12-07;null;null;
1963-12-08;null;null;
1963-12-09;null;null;
1963-12-10;null;null;
1963-12-11;null;null;
1963-12-12;null;null;
1963-12-13;null;null;
1963-12-14;null;null;
1963-12-15;null;null;
1963-12-16;null;null;
1963-12-17;null;null;
1963-12-18;null;null;
1963-12-19;null;null;
1963-12-20;null;null;
1963-12-21;null;null;
1963-12-22;null;null;
1963-12-23;null;null;
1963-12-24;null;null;
1963-12-25;null;null;
1963-12-26;null;null;
1963-12-27;null;null;
1963-12-28;null;null;
1963-12-29;null;null;
1963-12-30;null;null;
1963-12-31;null;null;
1964-01-01;null;null;
1964-01-02;null;null;
1964-01-03;null;null;
1964-01-04;null;null;
1964-01-05;null;null;
1964-01-06;null;null;
1964-01-07;null;null;
1964-01-08;null;null;
1964-01-09;null;null;
1964-01-10;null;null;
1964-01-11;null;null;
1964-01-12;null;null;
1964-01-13;null;null;
1964-01-14;null;null;
1964-01-15;null;null;
1964-01-16;null;null;
1964-01-17;null;null;
1964-01-18;null;null;
1964-01-19;null;null;
1964-01-20;null;null;
1964-01-21;null;null;
1964-01-22;null;null;
1964-01-23;null;null;
1964-01-24;null;null;
1964-01-25;null;null;
1964-01-26;null;null;
1964-01-27;null;null;
1964-01-28;null;null;
1964-01-29;null;null;
1964-01-30;null;null;
1964-01-31;null;null;
1964-02-01;null;null;
1964-02-02;null;null;
1964-02-03;null;null;
1964-02-04;null;null;
1964-02-05;null;null;
1964-02-06;null;null;
1964-02-07;null;null;
1964-02-08;null;null;
1964-02-09;null;null;
1964-02-10;null;null;
1964-02-11;null;null;
1964-02-12;null;null;
1964-02-13;null;null;
1964-02-14;null;null;
1964-02-15;null;null;
1964-02-16;null;null;
1964-02-17;null;null;
1964-02-18;null;null;
1964-02-19;null;null;
1964-02-20;null;null;
1964-02-21;null;null;
1964-02-22;null;null;
1964-02-23;null;null;
1964-02-24;null;null;
1964-02-25;null;null;
1964-02-26;null;null;
1964-02-27;null;null;
1964-02-28;null;null;
1964-02-29;null;null;
1964-03-01;null;null;
1964-03-02;null;null;
1964-03-03;null;null;
1964-03-04;null;null;
1964-03-05;null;null;
1964-03-06;null;null;
1964-03-07;null;null;
1964-03-08;null;null;
1964-03-09;null;null;
1964-03-10;null;null;
1964-03-11;null;null;
1964-03-12;null;null;
1964-03-13;null;null;
1964-03-14;null;null;
1964-03-15;null;null;
1964-03-16;null;null;
1964-03-17;null;null;
1964-03-18;null;null;
1964-03-19;null;null;
1964-03-20;null;null;
1964-03-21;null;null;
1964-03-22;null;null;
1964-03-23;null;null;
1964-03-24;null;null;
1964-03-25;null;null;
1964-03-26;null;null;
1964-03-27;null;null;
1964-03-28;null;null;
1964-03-29;null;null;
1964-03-30;null;null;
1964-03-31;null;null;
1964-04-01;null;null;
1964-04-02;null;null;
1964-04-03;null;null;
1964-04-04;null;null;
1964-04-05;null;null;
1964-04-06;null;null;
1964-04-07;null;null;
1964-04-08;null;null;
1964-04-09;null;null;
1964-04-10;null;null;
1964-04-11;null;null;
1964-04-12;null;null;
1964-04-13;null;null;
1964-04-14;null;null;
1964-04-15;null;null;
1964-04-16;null;null;
1964-04-17;null;null;
1964-04-18;null;null;
1964-04-19;null;null;
1964-04-20;null;null;
1964-04-21;null;null;
1964-04-22;null;null;
1964-04-23;null;null;
1964-04-24;null;null;
1964-04-25;null;null;
1964-04-26;null;null;
1964-04-27;null;null;
1964-04-28;null;null;
1964-04-29;null;null;
1964-04-30;null;null;
1964-05-01;null;null;
1964-05-02;null;null;
1964-05-03;null;null;
1964-05-04;null;null;
1964-05-05;null;null;
1964-05-06;null;null;
1964-05-07;null;null;
1964-05-08;null;null;
1964-05-09;null;null;
1964-05-10;null;null;
1964-05-11;null;null;
1964-05-12;null;null;
1964-05-13;null;null;
1964-05-14;null;null;
1964-05-15;null;null;
1964-05-16;null;null;
1964-05-17;null;null;
1964-05-18;null;null;
1964-05-19;null;null;
1964-05-20;null;null;
1964-05-21;null;null;
1964-05-22;null;null;
1964-05-23;null;null;
1964-05-24;null;null;
1964-05-25;null;null;
1964-05-26;null;null;
1964-05-27;null;null;
1964-05-28;null;null;
1964-05-29;null;null;
1964-05-30;null;null;
1964-05-31;null;null;
1964-06-01;null;null;
1964-06-02;null;null;
1964-06-03;null;null;
1964-06-04;null;null;
1964-06-05;null;null;
1964-06-06;null;null;
1964-06-07;null;null;
1964-06-08;null;null;
1964-06-09;null;null;
1964-06-10;null;null;
1964-06-11;null;null;
1964-06-12;null;null;
1964-06-13;null;null;
1964-06-14;null;null;
1964-06-15;null;null;
1964-06-16;null;null;
1964-06-17;null;null;
1964-06-18;null;null;
1964-06-19;null;null;
1964-06-20;null;null;
1964-06-21;null;null;
1964-06-22;null;null;
1964-06-23;null;null;
1964-06-24;null;null;
1964-06-25;null;null;
1964-06-26;null;null;
1964-06-27;null;null;
1964-06-28;null;null;
1964-06-29;null;null;
1964-06-30;null;null;
1964-07-01;null;null;
1964-07-02;null;null;
1964-07-03;null;null;
1964-07-04;null;null;
1964-07-05;null;null;
1964-07-06;null;null;
1964-07-07;null;null;
1964-07-08;null;null;
1964-07-09;null;null;
1964-07-10;null;null;
1964-07-11;null;null;
1964-07-12;null;null;
1964-07-13;null;null;
1964-07-14;null;null;
1964-07-15;null;null;
1964-07-16;null;null;
1964-07-17;null;null;
1964-07-18;null;null;
1964-07-19;null;null;
1964-07-20;null;null;
1964-07-21;null;null;
1964-07-22;null;null;
1964-07-23;null;null;
1964-07-24;null;null;
1964-07-25;null;null;
1964-07-26;null;null;
1964-07-27;null;null;
1964-07-28;null;null;
1964-07-29;null;null;
1964-07-30;null;null;
1964-07-31;null;null;
1964-08-01;null;null;
1964-08-02;null;null;
1964-08-03;null;null;
1964-08-04;null;null;
1964-08-05;null;null;
1964-08-06;null;null;
1964-08-07;null;null;
1964-08-08;null;null;
1964-08-09;null;null;
1964-08-10;null;null;
1964-08-11;null;null;
1964-08-12;null;null;
1964-08-13;null;null;
1964-08-14;null;null;
1964-08-15;null;null;
1964-08-16;null;null;
1964-08-17;null;null;
1964-08-18;null;null;
1964-08-19;null;null;
1964-08-20;null;null;
1964-08-21;null;null;
1964-08-22;null;null;
1964-08-23;null;null;
1964-08-24;null;null;
1964-08-25;null;null;
1964-08-26;null;null;
1964-08-27;null;null;
1964-08-28;null;null;
1964-08-29;null;null;
1964-08-30;null;null;
1964-08-31;null;null;
1964-09-01;null;null;
1964-09-02;null;null;
1964-09-03;null;null;
1964-09-04;null;null;
1964-09-05;null;null;
1964-09-06;null;null;
1964-09-07;null;null;
1964-09-08;null;null;
1964-09-09;null;null;
1964-09-10;null;null;
1964-09-11;null;null;
1964-09-12;null;null;
1964-09-13;null;null;
1964-09-14;null;null;
1964-09-15;null;null;
1964-09-16;null;null;
1964-09-17;null;null;
1964-09-18;null;null;
1964-09-19;null;null;
1964-09-20;null;null;
1964-09-21;null;null;
1964-09-22;null;null;
1964-09-23;null;null;
1964-09-24;null;null;
1964-09-25;null;null;
1964-09-26;null;null;
1964-09-27;null;null;
1964-09-28;null;null;
1964-09-29;null;null;
1964-09-30;null;null;
1964-10-01;null;null;
1964-10-02;null;null;
1964-10-03;null;null;
1964-10-04;null;null;
1964-10-05;null;null;
1964-10-06;null;null;
1964-10-07;null;null;
1964-10-08;null;null;
1964-10-09;null;null;
1964-10-10;null;null;
1964-10-11;null;null;
1964-10-12;null;null;
1964-10-13;null;null;
1964-10-14;null;null;
1964-10-15;null;null;
1964-10-16;null;null;
1964-10-17;null;null;
1964-10-18;null;null;
1964-10-19;null;null;
1964-10-20;null;null;
1964-10-21;null;null;
1964-10-22;null;null;
1964-10-23;null;null;
1964-10-24;null;null;
1964-10-25;null;null;
1964-10-26;null;null;
1964-10-27;null;null;
1964-10-28;null;null;
1964-10-29;null;null;
1964-10-30;null;null;
1964-10-31;null;null;
1964-11-01;null;null;
1964-11-02;null;null;
1964-11-03;null;null;
1964-11-04;null;null;
1964-11-05;null;null;
1964-11-06;null;null;
1964-11-07;null;null;
1964-11-08;null;null;
1964-11-09;null;null;
1964-11-10;null;null;
1964-11-11;null;null;
1964-11-12;null;null;
1964-11-13;null;null;
1964-11-14;null;null;
1964-11-15;null;null;
1964-11-16;null;null;
1964-11-17;null;null;
1964-11-18;null;null;
1964-11-19;null;null;
1964-11-20;null;null;
1964-11-21;null;null;
1964-11-22;null;null;
1964-11-23;null;null;
1964-11-24;null;null;
1964-11-25;null;null;
1964-11-26;null;null;
1964-11-27;null;null;
1964-11-28;null;null;
1964-11-29;null;null;
1964-11-30;null;null;
1964-12-01;null;null;
1964-12-02;null;null;
1964-12-03;null;null;
1964-12-04;null;null;
1964-12-05;null;null;
1964-12-06;null;null;
1964-12-07;null;null;
1964-12-08;null;null;
1964-12-09;null;null;
1964-12-10;null;null;
1964-12-11;null;null;
1964-12-12;null;null;
1964-12-13;null;null;
1964-12-14;null;null;
1964-12-15;null;null;
1964-12-16;null;null;
1964-12-17;null;null;
1964-12-18;null;null;
1964-12-19;null;null;
1964-12-20;null;null;
1964-12-21;null;null;
1964-12-22;null;null;
1964-12-23;null;null;
1964-12-24;null;null;
1964-12-25;null;null;
1964-12-26;null;null;
1964-12-27;null;null;
1964-12-28;null;null;
1964-12-29;null;null;
1964-12-30;null;null;
1964-12-31;null;null;
1965-01-01;null;null;
1965-01-02;null;null;
1965-01-03;null;null;
1965-01-04;null;null;
1965-01-05;null;null;
1965-01-06;null;null;
1965-01-07;null;null;
1965-01-08;null;null;
1965-01-09;null;null;
1965-01-10;null;null;
1965-01-11;null;null;
1965-01-12;null;null;
1965-01-13;null;null;
1965-01-14;null;null;
1965-01-15;null;null;
1965-01-16;null;null;
1965-01-17;null;null;
1965-01-18;null;null;
1965-01-19;null;null;
1965-01-20;null;null;
1965-01-21;null;null;
1965-01-22;null;null;
1965-01-23;null;null;
1965-01-24;null;null;
1965-01-25;null;null;
1965-01-26;null;null;
1965-01-27;null;null;
1965-01-28;null;null;
1965-01-29;null;null;
1965-01-30;null;null;
1965-01-31;null;null;
1965-02-01;null;null;
1965-02-02;null;null;
1965-02-03;null;null;
1965-02-04;null;null;
1965-02-05;null;null;
1965-02-06;null;null;
1965-02-07;null;null;
1965-02-08;null;null;
1965-02-09;null;null;
1965-02-10;null;null;
1965-02-11;null;null;
1965-02-12;null;null;
1965-02-13;null;null;
1965-02-14;null;null;
1965-02-15;null;null;
1965-02-16;null;null;
1965-02-17;null;null;
1965-02-18;null;null;
1965-02-19;null;null;
1965-02-20;null;null;
1965-02-21;null;null;
1965-02-22;null;null;
1965-02-23;null;null;
1965-02-24;null;null;
1965-02-25;null;null;
1965-02-26;null;null;
1965-02-27;null;null;
1965-02-28;null;null;
1965-03-01;null;null;
1965-03-02;null;null;
1965-03-03;null;null;
1965-03-04;null;null;
1965-03-05;null;null;
1965-03-06;null;null;
1965-03-07;null;null;
1965-03-08;null;null;
1965-03-09;null;null;
1965-03-10;null;null;
1965-03-11;null;null;
1965-03-12;null;null;
1965-03-13;null;null;
1965-03-14;null;null;
1965-03-15;null;null;
1965-03-16;null;null;
1965-03-17;null;null;
1965-03-18;null;null;
1965-03-19;null;null;
1965-03-20;null;null;
1965-03-21;null;null;
1965-03-22;null;null;
1965-03-23;null;null;
1965-03-24;null;null;
1965-03-25;null;null;
1965-03-26;null;null;
1965-03-27;null;null;
1965-03-28;null;null;
1965-03-29;null;null;
1965-03-30;null;null;
1965-03-31;null;null;
1965-04-01;null;null;
1965-04-02;null;null;
1965-04-03;null;null;
1965-04-04;null;null;
1965-04-05;null;null;
1965-04-06;null;null;
1965-04-07;null;null;
1965-04-08;null;null;
1965-04-09;null;null;
1965-04-10;null;null;
1965-04-11;null;null;
1965-04-12;null;null;
1965-04-13;null;null;
1965-04-14;null;null;
1965-04-15;null;null;
1965-04-16;null;null;
1965-04-17;null;null;
1965-04-18;null;null;
1965-04-19;null;null;
1965-04-20;null;null;
1965-04-21;null;null;
1965-04-22;null;null;
1965-04-23;null;null;
1965-04-24;null;null;
1965-04-25;null;null;
1965-04-26;null;null;
1965-04-27;null;null;
1965-04-28;null;null;
1965-04-29;null;null;
1965-04-30;null;null;
1965-05-01;null;null;
1965-05-02;null;null;
1965-05-03;null;null;
1965-05-04;null;null;
1965-05-05;null;null;
1965-05-06;null;null;
1965-05-07;null;null;
1965-05-08;null;null;
1965-05-09;null;null;
1965-05-10;null;null;
1965-05-11;null;null;
1965-05-12;null;null;
1965-05-13;null;null;
1965-05-14;null;null;
1965-05-15;null;null;
1965-05-16;null;null;
1965-05-17;null;null;
1965-05-18;null;null;
1965-05-19;null;null;
1965-05-20;null;null;
1965-05-21;null;null;
1965-05-22;null;null;
1965-05-23;null;null;
1965-05-24;null;null;
1965-05-25;null;null;
1965-05-26;null;null;
1965-05-27;null;null;
1965-05-28;null;null;
1965-05-29;null;null;
1965-05-30;null;null;
1965-05-31;null;null;
1965-06-01;null;null;
1965-06-02;null;null;
1965-06-03;null;null;
1965-06-04;null;null;
1965-06-05;null;null;
1965-06-06;null;null;
1965-06-07;null;null;
1965-06-08;null;null;
1965-06-09;null;null;
1965-06-10;null;null;
1965-06-11;null;null;
1965-06-12;null;null;
1965-06-13;null;null;
1965-06-14;null;null;
1965-06-15;null;null;
1965-06-16;null;null;
1965-06-17;null;null;
1965-06-18;null;null;
1965-06-19;null;null;
1965-06-20;null;null;
1965-06-21;null;null;
1965-06-22;null;null;
1965-06-23;null;null;
1965-06-24;null;null;
1965-06-25;null;null;
1965-06-26;null;null;
1965-06-27;null;null;
1965-06-28;null;null;
1965-06-29;null;null;
1965-06-30;null;null;
1965-07-01;null;null;
1965-07-02;null;null;
1965-07-03;null;null;
1965-07-04;null;null;
1965-07-05;null;null;
1965-07-06;null;null;
1965-07-07;null;null;
1965-07-08;null;null;
1965-07-09;null;null;
1965-07-10;null;null;
1965-07-11;null;null;
1965-07-12;null;null;
1965-07-13;null;null;
1965-07-14;null;null;
1965-07-15;null;null;
1965-07-16;null;null;
1965-07-17;null;null;
1965-07-18;null;null;
1965-07-19;null;null;
1965-07-20;null;null;
1965-07-21;null;null;
1965-07-22;null;null;
1965-07-23;null;null;
1965-07-24;null;null;
1965-07-25;null;null;
1965-07-26;null;null;
1965-07-27;null;null;
1965-07-28;null;null;
1965-07-29;null;null;
1965-07-30;null;null;
1965-07-31;null;null;
1965-08-01;null;null;
1965-08-02;null;null;
1965-08-03;null;null;
1965-08-04;null;null;
1965-08-05;null;null;
1965-08-06;null;null;
1965-08-07;null;null;
1965-08-08;null;null;
1965-08-09;null;null;
1965-08-10;null;null;
1965-08-11;null;null;
1965-08-12;null;null;
1965-08-13;null;null;
1965-08-14;null;null;
1965-08-15;null;null;
1965-08-16;null;null;
1965-08-17;null;null;
1965-08-18;null;null;
1965-08-19;null;null;
1965-08-20;null;null;
1965-08-21;null;null;
1965-08-22;null;null;
1965-08-23;null;null;
1965-08-24;null;null;
1965-08-25;null;null;
1965-08-26;null;null;
1965-08-27;null;null;
1965-08-28;null;null;
1965-08-29;null;null;
1965-08-30;null;null;
1965-08-31;null;null;
1965-09-01;null;null;
1965-09-02;null;null;
1965-09-03;null;null;
1965-09-04;null;null;
1965-09-05;null;null;
1965-09-06;null;null;
1965-09-07;null;null;
1965-09-08;null;null;
1965-09-09;null;null;
1965-09-10;null;null;
1965-09-11;null;null;
1965-09-12;null;null;
1965-09-13;null;null;
1965-09-14;null;null;
1965-09-15;null;null;
1965-09-16;null;null;
1965-09-17;null;null;
1965-09-18;null;null;
1965-09-19;null;null;
1965-09-20;null;null;
1965-09-21;null;null;
1965-09-22;null;null;
1965-09-23;null;null;
1965-09-24;null;null;
1965-09-25;null;null;
1965-09-26;null;null;
1965-09-27;null;null;
1965-09-28;null;null;
1965-09-29;null;null;
1965-09-30;null;null;
1965-10-01;null;null;
1965-10-02;null;null;
1965-10-03;null;null;
1965-10-04;null;null;
1965-10-05;null;null;
1965-10-06;null;null;
1965-10-07;null;null;
1965-10-08;null;null;
1965-10-09;null;null;
1965-10-10;null;null;
1965-10-11;null;null;
1965-10-12;null;null;
1965-10-13;null;null;
1965-10-14;null;null;
1965-10-15;null;null;
1965-10-16;null;null;
1965-10-17;null;null;
1965-10-18;null;null;
1965-10-19;null;null;
1965-10-20;null;null;
1965-10-21;null;null;
1965-10-22;null;null;
1965-10-23;null;null;
1965-10-24;null;null;
1965-10-25;null;null;
1965-10-26;null;null;
1965-10-27;null;null;
1965-10-28;null;null;
1965-10-29;null;null;
1965-10-30;null;null;
1965-10-31;null;null;
1965-11-01;null;null;
1965-11-02;null;null;
1965-11-03;null;null;
1965-11-04;null;null;
1965-11-05;null;null;
1965-11-06;null;null;
1965-11-07;null;null;
1965-11-08;null;null;
1965-11-09;null;null;
1965-11-10;null;null;
1965-11-11;null;null;
1965-11-12;null;null;
1965-11-13;null;null;
1965-11-14;null;null;
1965-11-15;null;null;
1965-11-16;null;null;
1965-11-17;null;null;
1965-11-18;null;null;
1965-11-19;null;null;
1965-11-20;null;null;
1965-11-21;null;null;
1965-11-22;null;null;
1965-11-23;null;null;
1965-11-24;null;null;
1965-11-25;null;null;
1965-11-26;null;null;
1965-11-27;null;null;
1965-11-28;null;null;
1965-11-29;null;null;
1965-11-30;null;null;
1965-12-01;null;null;
1965-12-02;null;null;
1965-12-03;null;null;
1965-12-04;null;null;
1965-12-05;null;null;
1965-12-06;null;null;
1965-12-07;null;null;
1965-12-08;null;null;
1965-12-09;null;null;
1965-12-10;null;null;
1965-12-11;null;null;
1965-12-12;null;null;
1965-12-13;null;null;
1965-12-14;null;null;
1965-12-15;null;null;
1965-12-16;null;null;
1965-12-17;null;null;
1965-12-18;null;null;
1965-12-19;null;null;
1965-12-20;null;null;
1965-12-21;null;null;
1965-12-22;null;null;
1965-12-23;null;null;
1965-12-24;null;null;
1965-12-25;null;null;
1965-12-26;null;null;
1965-12-27;null;null;
1965-12-28;null;null;
1965-12-29;null;null;
1965-12-30;null;null;
1965-12-31;null;null;
1966-01-01;26;19.3;
1966-01-02;30.1;20.5;
1966-01-03;29.5;19.2;
1966-01-04;32.3;19.2;
1966-01-05;30.8;20.1;
1966-01-06;31.7;19.7;
1966-01-07;31.5;22.9;
1966-01-08;27.7;21.5;
1966-01-09;31.3;20.4;
1966-01-10;30.3;20;
1966-01-11;23.2;20.1;
1966-01-12;20.7;18.7;
1966-01-13;20.2;17.2;
1966-01-14;27.5;18.3;
1966-01-15;30.3;18.5;
1966-01-16;30.2;20;
1966-01-17;29.3;19.9;
1966-01-18;33.8;21.2;
1966-01-19;33.1;19.7;
1966-01-20;33.8;21;
1966-01-21;34.5;20.6;
1966-01-22;39.1;21.8;
1966-01-23;34;21;
1966-01-24;34.7;22;
1966-01-25;34.1;18.7;
1966-01-26;33.2;19.4;
1966-01-27;28.3;21.2;
1966-01-28;29.8;20;
1966-01-29;30.7;18.7;
1966-01-30;33.2;20.7;
1966-01-31;29;20;
1966-02-01;26;20;
1966-02-02;30;19.9;
1966-02-03;32.2;19.8;
1966-02-04;32.7;21.2;
1966-02-05;28.8;21.1;
1966-02-06;31.2;20.9;
1966-02-07;31.6;21.4;
1966-02-08;32.5;20;
1966-02-09;33.5;21;
1966-02-10;33.6;21.6;
1966-02-11;33.3;20.7;
1966-02-12;33.4;21.7;
1966-02-13;33.5;20.4;
1966-02-14;33;20.2;
1966-02-15;33.9;20;
1966-02-16;34.3;19.1;
1966-02-17;34.6;21.1;
1966-02-18;34.4;18.2;
1966-02-19;34.3;19.3;
1966-02-20;29.8;21.5;
1966-02-21;33.8;19.8;
1966-02-22;29.7;21;
1966-02-23;28.6;20.3;
1966-02-24;32.6;20.3;
1966-02-25;30.2;21.2;
1966-02-26;31.6;18.7;
1966-02-27;31.3;18.8;
1966-02-28;32.5;19;
1966-03-01;29.4;18.2;
1966-03-02;33;18.2;
1966-03-03;33.4;20.7;
1966-03-04;32.3;20.5;
1966-03-05;28.1;16.7;
1966-03-06;24.6;16.7;
1966-03-07;20.3;16.2;
1966-03-08;20.3;17;
1966-03-09;20.1;17.2;
1966-03-10;20.7;16.3;
1966-03-11;27.5;17.2;
1966-03-12;30.7;20;
1966-03-13;31.1;18.8;
1966-03-14;29.3;18.7;
1966-03-15;31.5;20.7;
1966-03-16;30.6;19.2;
1966-03-17;31.9;17.7;
1966-03-18;32.5;17.9;
1966-03-19;32.7;17.5;
1966-03-20;34;20.5;
1966-03-21;33;18.7;
1966-03-22;32.6;19.4;
1966-03-23;33.7;18.8;
1966-03-24;30.9;17.5;
1966-03-25;32.7;20.2;
1966-03-26;29.6;20.2;
1966-03-27;23.5;18.6;
1966-03-28;22.7;17.2;
1966-03-29;24.9;16.7;
1966-03-30;28.4;16.6;
1966-03-31;28.5;17.8;
1966-04-01;27.5;20.4;
1966-04-02;29.8;20.8;
1966-04-03;29.1;19.1;
1966-04-04;24.2;17.4;
1966-04-05;24.6;17.1;
1966-04-06;21.2;17;
1966-04-07;26.4;18.2;
1966-04-08;26.2;15;
1966-04-09;26.9;17.5;
1966-04-10;25.6;15.3;
1966-04-11;26.6;14.5;
1966-04-12;27;13.8;
1966-04-13;27.3;13.3;
1966-04-14;28.9;16.3;
1966-04-15;30.3;16.7;
1966-04-16;28.3;19.5;
1966-04-17;30.6;18.7;
1966-04-18;30.6;18.5;
1966-04-19;31.4;16.3;
1966-04-20;31.3;16.6;
1966-04-21;29.4;18;
1966-04-22;28.5;19;
1966-04-23;29.6;17.8;
1966-04-24;29.9;17.1;
1966-04-25;25.8;18.1;
1966-04-26;25.2;18.4;
1966-04-27;25.9;16.9;
1966-04-28;28.9;19;
1966-04-29;30.3;19.1;
1966-04-30;28.8;19.3;
1966-05-01;28.8;20.6;
1966-05-02;28.8;19.4;
1966-05-03;28.8;15.7;
1966-05-04;31.2;16.9;
1966-05-05;27.7;19.7;
1966-05-06;20.5;17.7;
1966-05-07;27.4;17.8;
1966-05-08;26.4;17.8;
1966-05-09;25.9;17.2;
1966-05-10;28.1;18.6;
1966-05-11;27.2;17.1;
1966-05-12;20.9;18;
1966-05-13;26;15.1;
1966-05-14;24.9;17.7;
1966-05-15;25.7;16.1;
1966-05-16;25.6;14.4;
1966-05-17;26.1;15;
1966-05-18;25;12.7;
1966-05-19;25.1;10.5;
1966-05-20;25.6;10.1;
1966-05-21;21;13.7;
1966-05-22;28.4;14.6;
1966-05-23;22.7;17.1;
1966-05-24;18.9;12.6;
1966-05-25;22.4;10.6;
1966-05-26;21.8;13.9;
1966-05-27;23.8;13.6;
1966-05-28;25;14.4;
1966-05-29;24.6;11.6;
1966-05-30;25.2;14.7;
1966-05-31;22.9;14;
1966-06-01;26.3;13.7;
1966-06-02;25.6;10.5;
1966-06-03;23.8;14.7;
1966-06-04;24.8;13.6;
1966-06-05;23.5;10.9;
1966-06-06;25.2;14;
1966-06-07;25.8;15.3;
1966-06-08;25.5;11.8;
1966-06-09;25.6;15.1;
1966-06-10;26.4;13.2;
1966-06-11;22.4;13.2;
1966-06-12;27.7;11.7;
1966-06-13;27.6;10.6;
1966-06-14;28.4;10.3;
1966-06-15;30.7;12.1;
1966-06-16;29;13.9;
1966-06-17;29.1;16.7;
1966-06-18;26.7;14.6;
1966-06-19;20.3;15.8;
1966-06-20;23.1;15.2;
1966-06-21;25.3;12.1;
1966-06-22;27.1;10.6;
1966-06-23;29.4;11.7;
1966-06-24;26.9;13.9;
1966-06-25;23.7;17.3;
1966-06-26;25.7;16;
1966-06-27;28.2;12.6;
1966-06-28;29.6;12.3;
1966-06-29;29.7;12.2;
1966-06-30;25.9;13.1;
1966-07-01;19.8;14.2;
1966-07-02;24.7;15.1;
1966-07-03;23.4;16.4;
1966-07-04;24.3;15.7;
1966-07-05;26.5;15.1;
1966-07-06;25.6;15.9;
1966-07-07;22.3;14.4;
1966-07-08;21.7;12.7;
1966-07-09;26;13.1;
1966-07-10;26.7;12.5;
1966-07-11;27.1;14;
1966-07-12;27.6;14.7;
1966-07-13;28;11.9;
1966-07-14;29;10.5;
1966-07-15;28.8;10.7;
1966-07-16;29.6;15;
1966-07-17;26.9;15.3;
1966-07-18;27.4;16.3;
1966-07-19;28;14.5;
1966-07-20;27.3;14.2;
1966-07-21;29.2;13.4;
1966-07-22;29;15.1;
1966-07-23;27.5;15.3;
1966-07-24;18.3;13.5;
1966-07-25;18;12.7;
1966-07-26;23.6;14;
1966-07-27;21.2;12.2;
1966-07-28;22.2;13.5;
1966-07-29;27.5;11.8;
1966-07-30;31.6;15.1;
1966-07-31;24.7;15.7;
1966-08-01;17.6;13.4;
1966-08-02;19.7;13.5;
1966-08-03;27.8;15.4;
1966-08-04;30;13.6;
1966-08-05;31.8;13.8;
1966-08-06;22.6;12.7;
1966-08-07;17.3;11.2;
1966-08-08;26.8;12.7;
1966-08-09;29;13.6;
1966-08-10;26.2;15.4;
1966-08-11;26.2;16.1;
1966-08-12;27.2;14.6;
1966-08-13;30.4;12.8;
1966-08-14;32.9;12.2;
1966-08-15;26.1;16.3;
1966-08-16;18.9;14;
1966-08-17;17.1;13.2;
1966-08-18;24;13.6;
1966-08-19;28.1;14.2;
1966-08-20;31.9;13.1;
1966-08-21;27.8;17;
1966-08-22;26.2;14.7;
1966-08-23;27.4;15.8;
1966-08-24;null;15.6;
1966-08-25;null;12;
1966-08-26;null;11;
1966-08-27;null;12;
1966-08-28;null;11;
1966-08-29;null;11;
1966-08-30;null;15;
1966-08-31;null;15.6;
1966-09-01;null;16.8;
1966-09-02;22.6;15.9;
1966-09-03;23.1;14.6;
1966-09-04;19.9;15.5;
1966-09-05;24.1;16;
1966-09-06;28.7;15.5;
1966-09-07;30.8;13.6;
1966-09-08;33.2;16.4;
1966-09-09;32.3;14.8;
1966-09-10;33;17.4;
1966-09-11;35.4;15.3;
1966-09-12;35.4;15.8;
1966-09-13;33.7;16.8;
1966-09-14;33.6;18;
1966-09-15;35.3;14.3;
1966-09-16;26.3;17.4;
1966-09-17;19.8;14.2;
1966-09-18;22.4;9.8;
1966-09-19;23.6;8.2;
1966-09-20;20.8;13;
1966-09-21;19.3;13.2;
1966-09-22;22.7;10.7;
1966-09-23;22.1;8.4;
1966-09-24;23;11.8;
1966-09-25;27.8;12.1;
1966-09-26;33.9;11.8;
1966-09-27;22.5;14.5;
1966-09-28;22.3;15.6;
1966-09-29;22;16.1;
1966-09-30;27.4;11.8;
1966-10-01;32.5;16.5;
1966-10-02;34.4;16.2;
1966-10-03;36;17.4;
1966-10-04;27.5;17.9;
1966-10-05;22;16.7;
1966-10-06;20.2;15.4;
1966-10-07;25.5;16.1;
1966-10-08;27.5;16.6;
1966-10-09;26.6;18.8;
1966-10-10;27.3;17.5;
1966-10-11;31.5;16.2;
1966-10-12;33.9;19.2;
1966-10-13;22.2;18.6;
1966-10-14;31.1;18.5;
1966-10-15;33.4;19.6;
1966-10-16;27.2;19.6;
1966-10-17;22.1;18.6;
1966-10-18;24.9;18;
1966-10-19;24.2;16.9;
1966-10-20;24.2;13;
1966-10-21;21.7;13.3;
1966-10-22;28.5;15.3;
1966-10-23;24.7;17.2;
1966-10-24;29.8;16.7;
1966-10-25;30.1;15.5;
1966-10-26;33.7;19.2;
1966-10-27;30.1;20.1;
1966-10-28;26.4;18.3;
1966-10-29;21.2;18.2;
1966-10-30;19.6;16.8;

