Nome: SANTOS DUMONT
Codigo Estacao: 83690
Latitude: -21.45
Longitude: -43.55
Altitude: 908
Situacao: Desativada
Data Inicial: 1961-01-01
Data Final: 1966-07-31
Periodicidade da Medicao: Diaria

Data Medicao;TEMPERATURA MAXIMA, DIARIA(°C);TEMPERATURA MINIMA, DIARIA(°C);
1961-01-01;null;null;
1961-01-02;null;null;
1961-01-03;null;null;
1961-01-04;null;null;
1961-01-05;null;null;
1961-01-06;null;null;
1961-01-07;null;null;
1961-01-08;null;null;
1961-01-09;null;null;
1961-01-10;null;null;
1961-01-11;null;null;
1961-01-12;null;null;
1961-01-13;null;null;
1961-01-14;null;null;
1961-01-15;null;null;
1961-01-16;null;null;
1961-01-17;null;null;
1961-01-18;null;null;
1961-01-19;null;null;
1961-01-20;null;null;
1961-01-21;null;null;
1961-01-22;null;null;
1961-01-23;null;null;
1961-01-24;null;null;
1961-01-25;null;null;
1961-01-26;null;null;
1961-01-27;null;null;
1961-01-28;null;null;
1961-01-29;null;null;
1961-01-30;null;null;
1961-01-31;null;null;
1961-02-01;null;null;
1961-02-02;null;null;
1961-02-03;null;null;
1961-02-04;null;null;
1961-02-05;null;null;
1961-02-06;null;null;
1961-02-07;null;null;
1961-02-08;null;null;
1961-02-09;null;null;
1961-02-10;null;null;
1961-02-11;null;null;
1961-02-12;null;null;
1961-02-13;null;null;
1961-02-14;null;null;
1961-02-15;null;null;
1961-02-16;null;null;
1961-02-17;null;null;
1961-02-18;null;null;
1961-02-19;null;null;
1961-02-20;null;null;
1961-02-21;null;null;
1961-02-22;null;null;
1961-02-23;null;null;
1961-02-24;null;null;
1961-02-25;null;null;
1961-02-26;null;null;
1961-02-27;null;null;
1961-02-28;null;null;
1961-03-01;null;null;
1961-03-02;null;null;
1961-03-03;null;null;
1961-03-04;null;null;
1961-03-05;null;null;
1961-03-06;null;null;
1961-03-07;null;null;
1961-03-08;null;null;
1961-03-09;null;null;
1961-03-10;null;null;
1961-03-11;null;null;
1961-03-12;null;null;
1961-03-13;null;null;
1961-03-14;null;null;
1961-03-15;null;null;
1961-03-16;null;null;
1961-03-17;null;null;
1961-03-18;null;null;
1961-03-19;null;null;
1961-03-20;null;null;
1961-03-21;null;null;
1961-03-22;null;null;
1961-03-23;null;null;
1961-03-24;null;null;
1961-03-25;null;null;
1961-03-26;null;null;
1961-03-27;null;null;
1961-03-28;null;null;
1961-03-29;null;null;
1961-03-30;null;null;
1961-03-31;null;null;
1961-04-01;null;null;
1961-04-02;null;null;
1961-04-03;null;null;
1961-04-04;null;null;
1961-04-05;null;null;
1961-04-06;null;null;
1961-04-07;null;null;
1961-04-08;null;null;
1961-04-09;null;null;
1961-04-10;null;null;
1961-04-11;null;null;
1961-04-12;null;null;
1961-04-13;null;null;
1961-04-14;null;null;
1961-04-15;null;null;
1961-04-16;null;null;
1961-04-17;null;null;
1961-04-18;null;null;
1961-04-19;null;null;
1961-04-20;null;null;
1961-04-21;null;null;
1961-04-22;null;null;
1961-04-23;null;null;
1961-04-24;null;null;
1961-04-25;null;null;
1961-04-26;null;null;
1961-04-27;null;null;
1961-04-28;null;null;
1961-04-29;null;null;
1961-04-30;null;null;
1961-05-01;null;null;
1961-05-02;null;null;
1961-05-03;null;null;
1961-05-04;null;null;
1961-05-05;null;null;
1961-05-06;null;null;
1961-05-07;null;null;
1961-05-08;null;null;
1961-05-09;null;null;
1961-05-10;null;null;
1961-05-11;null;null;
1961-05-12;null;null;
1961-05-13;null;null;
1961-05-14;null;null;
1961-05-15;null;null;
1961-05-16;null;null;
1961-05-17;null;null;
1961-05-18;null;null;
1961-05-19;null;null;
1961-05-20;null;null;
1961-05-21;null;null;
1961-05-22;null;null;
1961-05-23;null;null;
1961-05-24;null;null;
1961-05-25;null;null;
1961-05-26;null;null;
1961-05-27;null;null;
1961-05-28;null;null;
1961-05-29;null;null;
1961-05-30;null;null;
1961-05-31;null;null;
1961-06-01;null;null;
1961-06-02;null;null;
1961-06-03;null;null;
1961-06-04;null;null;
1961-06-05;null;null;
1961-06-06;null;null;
1961-06-07;null;null;
1961-06-08;null;null;
1961-06-09;null;null;
1961-06-10;null;null;
1961-06-11;null;null;
1961-06-12;null;null;
1961-06-13;null;null;
1961-06-14;null;null;
1961-06-15;null;null;
1961-06-16;null;null;
1961-06-17;null;null;
1961-06-18;null;null;
1961-06-19;null;null;
1961-06-20;null;null;
1961-06-21;null;null;
1961-06-22;null;null;
1961-06-23;null;null;
1961-06-24;null;null;
1961-06-25;null;null;
1961-06-26;null;null;
1961-06-27;null;null;
1961-06-28;null;null;
1961-06-29;null;null;
1961-06-30;null;null;
1961-07-01;null;null;
1961-07-02;null;null;
1961-07-03;null;null;
1961-07-04;null;null;
1961-07-05;null;null;
1961-07-06;null;null;
1961-07-07;null;null;
1961-07-08;null;null;
1961-07-09;null;null;
1961-07-10;null;null;
1961-07-11;null;null;
1961-07-12;null;null;
1961-07-13;null;null;
1961-07-14;null;null;
1961-07-15;null;null;
1961-07-16;null;null;
1961-07-17;null;null;
1961-07-18;null;null;
1961-07-19;null;null;
1961-07-20;null;null;
1961-07-21;null;null;
1961-07-22;null;null;
1961-07-23;null;null;
1961-07-24;null;null;
1961-07-25;null;null;
1961-07-26;null;null;
1961-07-27;null;null;
1961-07-28;null;null;
1961-07-29;null;null;
1961-07-30;null;null;
1961-07-31;null;null;
1961-08-01;null;null;
1961-08-02;null;null;
1961-08-03;null;null;
1961-08-04;null;null;
1961-08-05;null;null;
1961-08-06;null;null;
1961-08-07;null;null;
1961-08-08;null;null;
1961-08-09;null;null;
1961-08-10;null;null;
1961-08-11;null;null;
1961-08-12;null;null;
1961-08-13;null;null;
1961-08-14;null;null;
1961-08-15;null;null;
1961-08-16;null;null;
1961-08-17;null;null;
1961-08-18;null;null;
1961-08-19;null;null;
1961-08-20;null;null;
1961-08-21;null;null;
1961-08-22;null;null;
1961-08-23;null;null;
1961-08-24;null;null;
1961-08-25;null;null;
1961-08-26;null;null;
1961-08-27;null;null;
1961-08-28;null;null;
1961-08-29;null;null;
1961-08-30;null;null;
1961-08-31;null;null;
1961-09-01;null;null;
1961-09-02;null;null;
1961-09-03;null;null;
1961-09-04;null;null;
1961-09-05;null;null;
1961-09-06;null;null;
1961-09-07;null;null;
1961-09-08;null;null;
1961-09-09;null;null;
1961-09-10;null;null;
1961-09-11;null;null;
1961-09-12;null;null;
1961-09-13;null;null;
1961-09-14;null;null;
1961-09-15;null;null;
1961-09-16;null;null;
1961-09-17;null;null;
1961-09-18;null;null;
1961-09-19;null;null;
1961-09-20;null;null;
1961-09-21;null;null;
1961-09-22;null;null;
1961-09-23;null;null;
1961-09-24;null;null;
1961-09-25;null;null;
1961-09-26;null;null;
1961-09-27;null;null;
1961-09-28;null;null;
1961-09-29;null;null;
1961-09-30;null;null;
1961-10-01;null;null;
1961-10-02;null;null;
1961-10-03;null;null;
1961-10-04;null;null;
1961-10-05;null;null;
1961-10-06;null;null;
1961-10-07;null;null;
1961-10-08;null;null;
1961-10-09;null;null;
1961-10-10;null;null;
1961-10-11;null;null;
1961-10-12;null;null;
1961-10-13;null;null;
1961-10-14;null;null;
1961-10-15;null;null;
1961-10-16;null;null;
1961-10-17;null;null;
1961-10-18;null;null;
1961-10-19;null;null;
1961-10-20;null;null;
1961-10-21;null;null;
1961-10-22;null;null;
1961-10-23;null;null;
1961-10-24;null;null;
1961-10-25;null;null;
1961-10-26;null;null;
1961-10-27;null;null;
1961-10-28;null;null;
1961-10-29;null;null;
1961-10-30;null;null;
1961-10-31;null;null;
1961-11-01;null;null;
1961-11-02;null;null;
1961-11-03;null;null;
1961-11-04;null;null;
1961-11-05;null;null;
1961-11-06;null;null;
1961-11-07;null;null;
1961-11-08;null;null;
1961-11-09;null;null;
1961-11-10;null;null;
1961-11-11;null;null;
1961-11-12;null;null;
1961-11-13;null;null;
1961-11-14;null;null;
1961-11-15;null;null;
1961-11-16;null;null;
1961-11-17;null;null;
1961-11-18;null;null;
1961-11-19;null;null;
1961-11-20;null;null;
1961-11-21;null;null;
1961-11-22;null;null;
1961-11-23;null;null;
1961-11-24;null;null;
1961-11-25;null;null;
1961-11-26;null;null;
1961-11-27;null;null;
1961-11-28;null;null;
1961-11-29;null;null;
1961-11-30;null;null;
1961-12-01;null;null;
1961-12-02;null;null;
1961-12-03;null;null;
1961-12-04;null;null;
1961-12-05;null;null;
1961-12-06;null;null;
1961-12-07;null;null;
1961-12-08;null;null;
1961-12-09;null;null;
1961-12-10;null;null;
1961-12-11;null;null;
1961-12-12;null;null;
1961-12-13;null;null;
1961-12-14;null;null;
1961-12-15;null;null;
1961-12-16;null;null;
1961-12-17;null;null;
1961-12-18;null;null;
1961-12-19;null;null;
1961-12-20;null;null;
1961-12-21;null;null;
1961-12-22;null;null;
1961-12-23;null;null;
1961-12-24;null;null;
1961-12-25;null;null;
1961-12-26;null;null;
1961-12-27;null;null;
1961-12-28;null;null;
1961-12-29;null;null;
1961-12-30;null;null;
1961-12-31;null;null;
1962-01-01;null;null;
1962-01-02;null;null;
1962-01-03;null;null;
1962-01-04;null;null;
1962-01-05;null;null;
1962-01-06;null;null;
1962-01-07;null;null;
1962-01-08;null;null;
1962-01-09;null;null;
1962-01-10;null;null;
1962-01-11;null;null;
1962-01-12;null;null;
1962-01-13;null;null;
1962-01-14;null;null;
1962-01-15;null;null;
1962-01-16;null;null;
1962-01-17;null;null;
1962-01-18;null;null;
1962-01-19;null;null;
1962-01-20;null;null;
1962-01-21;null;null;
1962-01-22;null;null;
1962-01-23;null;null;
1962-01-24;null;null;
1962-01-25;null;null;
1962-01-26;null;null;
1962-01-27;null;null;
1962-01-28;null;null;
1962-01-29;null;null;
1962-01-30;null;null;
1962-01-31;null;null;
1962-02-01;null;null;
1962-02-02;null;null;
1962-02-03;null;null;
1962-02-04;null;null;
1962-02-05;null;null;
1962-02-06;null;null;
1962-02-07;null;null;
1962-02-08;null;null;
1962-02-09;null;null;
1962-02-10;null;null;
1962-02-11;null;null;
1962-02-12;null;null;
1962-02-13;null;null;
1962-02-14;null;null;
1962-02-15;null;null;
1962-02-16;null;null;
1962-02-17;null;null;
1962-02-18;null;null;
1962-02-19;null;null;
1962-02-20;null;null;
1962-02-21;null;null;
1962-02-22;null;null;
1962-02-23;null;null;
1962-02-24;null;null;
1962-02-25;null;null;
1962-02-26;null;null;
1962-02-27;null;null;
1962-02-28;null;null;
1962-03-01;null;null;
1962-03-02;null;null;
1962-03-03;null;null;
1962-03-04;null;null;
1962-03-05;null;null;
1962-03-06;null;null;
1962-03-07;null;null;
1962-03-08;null;null;
1962-03-09;null;null;
1962-03-10;null;null;
1962-03-11;null;null;
1962-03-12;null;null;
1962-03-13;null;null;
1962-03-14;null;null;
1962-03-15;null;null;
1962-03-16;null;null;
1962-03-17;null;null;
1962-03-18;null;null;
1962-03-19;null;null;
1962-03-20;null;null;
1962-03-21;null;null;
1962-03-22;null;null;
1962-03-23;null;null;
1962-03-24;null;null;
1962-03-25;null;null;
1962-03-26;null;null;
1962-03-27;null;null;
1962-03-28;null;null;
1962-03-29;null;null;
1962-03-30;null;null;
1962-03-31;null;null;
1962-04-01;null;null;
1962-04-02;null;null;
1962-04-03;null;null;
1962-04-04;null;null;
1962-04-05;null;null;
1962-04-06;null;null;
1962-04-07;null;null;
1962-04-08;null;null;
1962-04-09;null;null;
1962-04-10;null;null;
1962-04-11;null;null;
1962-04-12;null;null;
1962-04-13;null;null;
1962-04-14;null;null;
1962-04-15;null;null;
1962-04-16;null;null;
1962-04-17;null;null;
1962-04-18;null;null;
1962-04-19;null;null;
1962-04-20;null;null;
1962-04-21;null;null;
1962-04-22;null;null;
1962-04-23;null;null;
1962-04-24;null;null;
1962-04-25;null;null;
1962-04-26;null;null;
1962-04-27;null;null;
1962-04-28;null;null;
1962-04-29;null;null;
1962-04-30;null;null;
1962-05-01;25;12.3;
1962-05-02;26.2;13;
1962-05-03;25.2;14.3;
1962-05-04;21.1;11.3;
1962-05-05;21.2;11;
1962-05-06;25;13.3;
1962-05-07;22;10.3;
1962-05-08;19.1;10.8;
1962-05-09;17.1;11;
1962-05-10;18.3;10.8;
1962-05-11;18.3;10.5;
1962-05-12;19.2;.9;
1962-05-13;21.1;9.2;
1962-05-14;21.3;9.3;
1962-05-15;21;10;
1962-05-16;25;9.1;
1962-05-17;27.3;10.6;
1962-05-18;27.1;12.2;
1962-05-19;22.2;16.4;
1962-05-20;23.4;16.2;
1962-05-21;24.3;14.4;
1962-05-22;26;14;
1962-05-23;27;11.4;
1962-05-24;25;12.3;
1962-05-25;22.2;13.6;
1962-05-26;24.3;6.6;
1962-05-27;23.7;10.4;
1962-05-28;25.3;15.2;
1962-05-29;19.3;13.2;
1962-05-30;16.4;10.2;
1962-05-31;15.1;4.4;
1962-06-01;17.1;6.2;
1962-06-02;20.5;3;
1962-06-03;23.7;8.6;
1962-06-04;16.5;12;
1962-06-05;13.9;10.6;
1962-06-06;16.2;12.2;
1962-06-07;21.2;13.8;
1962-06-08;22.2;10.6;
1962-06-09;20.5;13.8;
1962-06-10;22.3;13;
1962-06-11;21.1;8;
1962-06-12;19.1;8.5;
1962-06-13;19.5;null;
1962-06-14;16.9;null;
1962-06-15;16.3;null;
1962-06-16;17.3;null;
1962-06-17;16.3;null;
1962-06-18;19;null;
1962-06-19;21.3;null;
1962-06-20;24.3;null;
1962-06-21;23.1;null;
1962-06-22;24.1;null;
1962-06-23;24.3;null;
1962-06-24;19.1;null;
1962-06-25;23.1;null;
1962-06-26;18.9;null;
1962-06-27;19.9;null;
1962-06-28;21.5;null;
1962-06-29;20.7;null;
1962-06-30;22.5;null;
1962-07-01;22.9;null;
1962-07-02;22.3;null;
1962-07-03;22.9;null;
1962-07-04;22.1;null;
1962-07-05;25;null;
1962-07-06;24.3;null;
1962-07-07;18.3;null;
1962-07-08;17.5;null;
1962-07-09;19.3;null;
1962-07-10;22.9;null;
1962-07-11;24.3;null;
1962-07-12;24.1;null;
1962-07-13;20.9;null;
1962-07-14;21.9;null;
1962-07-15;24.7;null;
1962-07-16;23.9;null;
1962-07-17;24.3;null;
1962-07-18;25;null;
1962-07-19;25.7;null;
1962-07-20;14.9;null;
1962-07-21;15.8;null;
1962-07-22;21.3;null;
1962-07-23;23.3;null;
1962-07-24;18.3;null;
1962-07-25;20.3;null;
1962-07-26;22.7;null;
1962-07-27;17.7;null;
1962-07-28;18.2;null;
1962-07-29;19.1;null;
1962-07-30;21.1;null;
1962-07-31;23.3;null;
1962-08-01;24.7;null;
1962-08-02;25.1;null;
1962-08-03;24.3;null;
1962-08-04;24.9;null;
1962-08-05;null;null;
1962-08-06;22.9;null;
1962-08-07;21.7;null;
1962-08-08;23.7;null;
1962-08-09;24;null;
1962-08-10;25.1;null;
1962-08-11;27;null;
1962-08-12;26.7;null;
1962-08-13;22.3;null;
1962-08-14;16.1;null;
1962-08-15;20.1;null;
1962-08-16;24.7;null;
1962-08-17;23.4;null;
1962-08-18;25;null;
1962-08-19;30.2;null;
1962-08-20;19.5;null;
1962-08-21;19.9;null;
1962-08-22;26.9;null;
1962-08-23;20.5;null;
1962-08-24;22.5;null;
1962-08-25;20.7;null;
1962-08-26;23.9;null;
1962-08-27;29.7;null;
1962-08-28;28.9;null;
1962-08-29;27.9;null;
1962-08-30;30.7;null;
1962-08-31;20.2;null;
1962-09-01;16.5;null;
1962-09-02;20.4;null;
1962-09-03;23.5;null;
1962-09-04;26.3;null;
1962-09-05;27.9;null;
1962-09-06;27.9;null;
1962-09-07;28.5;null;
1962-09-08;29.7;null;
1962-09-09;23.7;null;
1962-09-10;25.5;null;
1962-09-11;28.3;null;
1962-09-12;22.7;null;
1962-09-13;14.9;null;
1962-09-14;13.5;null;
1962-09-15;15.9;null;
1962-09-16;20.7;null;
1962-09-17;24.1;null;
1962-09-18;27.1;null;
1962-09-19;27.7;null;
1962-09-20;29.5;null;
1962-09-21;28.1;null;
1962-09-22;21.1;null;
1962-09-23;14.6;null;
1962-09-24;20.7;null;
1962-09-25;23.9;null;
1962-09-26;25.3;null;
1962-09-27;27;null;
1962-09-28;27.9;null;
1962-09-29;21.3;null;
1962-09-30;23.9;null;
1962-10-01;28.7;null;
1962-10-02;23.3;null;
1962-10-03;27.2;null;
1962-10-04;27.7;null;
1962-10-05;26.9;null;
1962-10-06;23.7;null;
1962-10-07;24.7;null;
1962-10-08;28.3;null;
1962-10-09;23.3;null;
1962-10-10;20.1;null;
1962-10-11;23.3;null;
1962-10-12;18.5;null;
1962-10-13;17.3;null;
1962-10-14;16.9;null;
1962-10-15;17.1;null;
1962-10-16;20.7;null;
1962-10-17;25.9;null;
1962-10-18;28.1;null;
1962-10-19;26.1;null;
1962-10-20;18.5;null;
1962-10-21;13.5;null;
1962-10-22;null;null;
1962-10-23;17;null;
1962-10-24;16;null;
1962-10-25;16.5;null;
1962-10-26;19.1;null;
1962-10-27;21.5;null;
1962-10-28;23.7;null;
1962-10-29;19;null;
1962-10-30;21.7;null;
1962-10-31;20.7;null;
1962-11-01;23.3;null;
1962-11-02;28.5;null;
1962-11-03;31.1;null;
1962-11-04;29.8;null;
1962-11-05;30.1;null;
1962-11-06;29.7;null;
1962-11-07;24.4;null;
1962-11-08;19.9;null;
1962-11-09;17.8;null;
1962-11-10;17.5;null;
1962-11-11;21.5;null;
1962-11-12;22.1;null;
1962-11-13;22.1;null;
1962-11-14;25.3;null;
1962-11-15;29.7;null;
1962-11-16;31.9;null;
1962-11-17;29.7;null;
1962-11-18;28.3;null;
1962-11-19;25.3;null;
1962-11-20;26;null;
1962-11-21;24.9;null;
1962-11-22;18.7;null;
1962-11-23;17.6;null;
1962-11-24;23.9;null;
1962-11-25;28.1;null;
1962-11-26;28.7;null;
1962-11-27;30.3;null;
1962-11-28;29.5;null;
1962-11-29;29.3;null;
1962-11-30;30.1;null;
1962-12-01;28.8;18.8;
1962-12-02;29.3;18.2;
1962-12-03;31.3;17.8;
1962-12-04;26.7;18.4;
1962-12-05;21.1;17;
1962-12-06;17.6;15.2;
1962-12-07;16.1;13.6;
1962-12-08;17.1;13.2;
1962-12-09;24.5;14.2;
1962-12-10;25.2;17;
1962-12-11;26.5;18;
1962-12-12;19.7;17.8;
1962-12-13;23.5;17.2;
1962-12-14;24.5;15.8;
1962-12-15;20.7;15.1;
1962-12-16;25.7;14.4;
1962-12-17;26.7;17.7;
1962-12-18;21.5;19;
1962-12-19;24.5;18;
1962-12-20;24.9;17.3;
1962-12-21;23.4;17.6;
1962-12-22;24.9;17.2;
1962-12-23;22.3;18.2;
1962-12-24;26.8;17.8;
1962-12-25;26.9;16.5;
1962-12-26;27.8;19.1;
1962-12-27;24.9;19.6;
1962-12-28;24.1;19;
1962-12-29;23.4;18.6;
1962-12-30;26.5;19.1;
1962-12-31;24.1;18.8;
1963-01-01;28.1;17.9;
1963-01-02;26.5;19;
1963-01-03;30.4;18.8;
1963-01-04;29;18.1;
1963-01-05;28.7;17.9;
1963-01-06;28.9;17.6;
1963-01-07;29.9;17.1;
1963-01-08;30;17.4;
1963-01-09;30.7;19.8;
1963-01-10;31.3;18.5;
1963-01-11;31.5;15.4;
1963-01-12;29.2;16.2;
1963-01-13;29.5;18.5;
1963-01-14;29.3;18.6;
1963-01-15;26.1;19;
1963-01-16;26.3;18.4;
1963-01-17;30.3;15.7;
1963-01-18;27.3;18.1;
1963-01-19;27.3;17.6;
1963-01-20;28.3;16.3;
1963-01-21;28.1;16.9;
1963-01-22;29.5;18.8;
1963-01-23;27.7;18;
1963-01-24;27.5;18;
1963-01-25;28.6;18.9;
1963-01-26;29.8;16.4;
1963-01-27;30.9;15.8;
1963-01-28;31.7;16.2;
1963-01-29;32.3;17.4;
1963-01-30;31.5;16.3;
1963-01-31;30.1;17.6;
1963-02-01;27.9;17.2;
1963-02-02;27.9;17.4;
1963-02-03;27.3;16.4;
1963-02-04;28.1;16.3;
1963-02-05;26.5;16.6;
1963-02-06;22.5;17.4;
1963-02-07;21.8;17.6;
1963-02-08;24.5;16.4;
1963-02-09;22.3;15.4;
1963-02-10;24;15;
1963-02-11;25.1;15.2;
1963-02-12;26.3;17.4;
1963-02-13;27.9;17.9;
1963-02-14;27.8;17.1;
1963-02-15;26;17.7;
1963-02-16;27.5;18;
1963-02-17;28.5;16.4;
1963-02-18;29;18;
1963-02-19;31.1;15.8;
1963-02-20;31.5;18.2;
1963-02-21;30.3;19.1;
1963-02-22;22.3;18.3;
1963-02-23;25.1;16.7;
1963-02-24;26.1;18.4;
1963-02-25;28.1;17.8;
1963-02-26;28.7;18.6;
1963-02-27;28.8;15.3;
1963-02-28;30.1;16.7;
1963-03-01;31.1;16.6;
1963-03-02;28.9;16.1;
1963-03-03;26.3;16.8;
1963-03-04;25.3;16.6;
1963-03-05;26.9;16.6;
1963-03-06;29.5;17.7;
1963-03-07;30.5;15;
1963-03-08;30.2;14.8;
1963-03-09;31.3;16.6;
1963-03-10;28.7;18.7;
1963-03-11;28.1;17.6;
1963-03-12;28.4;17;
1963-03-13;29.1;17.6;
1963-03-14;31.8;15;
1963-03-15;30.1;17.8;
1963-03-16;29.1;18.8;
1963-03-17;30.8;18.6;
1963-03-18;31.3;16.2;
1963-03-19;30;15.2;
1963-03-20;30.9;15;
1963-03-21;32.1;15.2;
1963-03-22;32.1;16.2;
1963-03-23;31.8;16.4;
1963-03-24;31.9;16.6;
1963-03-25;30;18.8;
1963-03-26;31.7;18.4;
1963-03-27;32.5;15.3;
1963-03-28;29.3;17.2;
1963-03-29;28.1;18.3;
1963-03-30;27.3;17.7;
1963-03-31;28.7;18.3;
1963-04-01;null;null;
1963-04-02;null;null;
1963-04-03;null;null;
1963-04-04;null;null;
1963-04-05;null;null;
1963-04-06;null;null;
1963-04-07;null;null;
1963-04-08;null;null;
1963-04-09;null;null;
1963-04-10;null;null;
1963-04-11;null;null;
1963-04-12;null;null;
1963-04-13;null;null;
1963-04-14;null;null;
1963-04-15;null;null;
1963-04-16;null;null;
1963-04-17;null;null;
1963-04-18;null;null;
1963-04-19;null;null;
1963-04-20;null;null;
1963-04-21;null;null;
1963-04-22;null;null;
1963-04-23;null;null;
1963-04-24;null;null;
1963-04-25;null;null;
1963-04-26;null;null;
1963-04-27;null;null;
1963-04-28;null;null;
1963-04-29;null;null;
1963-04-30;null;null;
1963-05-01;27;15;
1963-05-02;28.2;13.3;
1963-05-03;28.9;11.6;
1963-05-04;26;14.2;
1963-05-05;21.1;9.2;
1963-05-06;27.1;5.8;
1963-05-07;25.3;9.1;
1963-05-08;25.2;10.6;
1963-05-09;27.8;8.3;
1963-05-10;27.5;9.3;
1963-05-11;27.2;9.4;
1963-05-12;27.2;9.1;
1963-05-13;25.2;10.4;
1963-05-14;27.3;11.2;
1963-05-15;28.7;9.8;
1963-05-16;25.5;14.4;
1963-05-17;21.3;14.4;
1963-05-18;17.3;12.9;
1963-05-19;22.1;11.4;
1963-05-20;23.7;9.4;
1963-05-21;24.9;5.8;
1963-05-22;23.7;5.8;
1963-05-23;23.7;5.4;
1963-05-24;24.7;6.5;
1963-05-25;23.1;6;
1963-05-26;23.5;10;
1963-05-27;25.5;6.4;
1963-05-28;23.9;7;
1963-05-29;24.5;12.2;
1963-05-30;22.2;8.3;
1963-05-31;23.2;7;
1963-06-01;20.3;10.9;
1963-06-02;20.5;11.4;
1963-06-03;21.8;7.8;
1963-06-04;19.1;7.2;
1963-06-05;22.7;7.1;
1963-06-06;23.6;8.2;
1963-06-07;23.9;7;
1963-06-08;23;7.8;
1963-06-09;25.3;7.6;
1963-06-10;25.3;7.6;
1963-06-11;26.8;7.6;
1963-06-12;27.8;12.5;
1963-06-13;25.9;10.3;
1963-06-14;22.5;15;
1963-06-15;17.9;14.3;
1963-06-16;24.5;14.3;
1963-06-17;27.3;10.1;
1963-06-18;26.7;12.3;
1963-06-19;25.3;13.4;
1963-06-20;25.5;10.9;
1963-06-21;22.1;10.2;
1963-06-22;19.1;4.5;
1963-06-23;21.1;6.3;
1963-06-24;21.5;6.1;
1963-06-25;22.9;4.6;
1963-06-26;22.3;7.3;
1963-06-27;21.5;13.8;
1963-06-28;22.9;10.2;
1963-06-29;23.5;10.4;
1963-06-30;25.8;13.4;
1963-07-01;24.9;9.8;
1963-07-02;24.9;6.7;
1963-07-03;22.7;9.4;
1963-07-04;22.9;8.8;
1963-07-05;21.1;10.4;
1963-07-06;20.5;8.6;
1963-07-07;19.5;8.6;
1963-07-08;23.3;4.6;
1963-07-09;24.9;6.3;
1963-07-10;26.2;5.3;
1963-07-11;27.5;5.1;
1963-07-12;27.3;6;
1963-07-13;25.8;5.2;
1963-07-14;null;null;
1963-07-15;26.6;6.5;
1963-07-16;28.6;7;
1963-07-17;27.9;10.7;
1963-07-18;29.1;12;
1963-07-19;23.3;14.2;
1963-07-20;25.9;15.4;
1963-07-21;29.5;14.3;
1963-07-22;29.9;13;
1963-07-23;19.8;12.7;
1963-07-24;16.9;12;
1963-07-25;20.9;12.6;
1963-07-26;20.2;10.4;
1963-07-27;20.1;5.8;
1963-07-28;17.6;12.9;
1963-07-29;22.8;13;
1963-07-30;24.3;7.8;
1963-07-31;23.8;6.2;
1963-08-01;26.7;7.8;
1963-08-02;26.2;7.4;
1963-08-03;26.1;5.7;
1963-08-04;27.7;7.2;
1963-08-05;27.5;8.6;
1963-08-06;15.7;9.8;
1963-08-07;14.7;7.8;
1963-08-08;22.8;10.6;
1963-08-09;24.5;5.4;
1963-08-10;27.3;5.7;
1963-08-11;27.1;10.5;
1963-08-12;29.9;14.4;
1963-08-13;30.7;12.5;
1963-08-14;26.9;9.2;
1963-08-15;29.7;9;
1963-08-16;22.9;13.8;
1963-08-17;16.3;11.6;
1963-08-18;14.3;10.7;
1963-08-19;17.7;12;
1963-08-20;25.1;12.4;
1963-08-21;27.5;10;
1963-08-22;29.1;10.6;
1963-08-23;29.1;12.4;
1963-08-24;27.9;13.4;
1963-08-25;29.2;12.6;
1963-08-26;27.3;13.4;
1963-08-27;21.3;16;
1963-08-28;27.8;14;
1963-08-29;32.5;10.4;
1963-08-30;32.3;13.7;
1963-08-31;33.5;11.4;
1963-09-01;31.3;11.6;
1963-09-02;31.1;11.8;
1963-09-03;30.7;10.8;
1963-09-04;29.7;10.6;
1963-09-05;28.9;15.4;
1963-09-06;27.9;16.6;
1963-09-07;29.7;12.4;
1963-09-08;32.1;10.2;
1963-09-09;31.7;10.1;
1963-09-10;29.9;11.6;
1963-09-11;27.9;11.6;
1963-09-12;30.1;10.6;
1963-09-13;30.3;15.3;
1963-09-14;28.2;14;
1963-09-15;24.3;15.2;
1963-09-16;31.2;15.2;
1963-09-17;25.5;15;
1963-09-18;27.2;13;
1963-09-19;27.3;7.5;
1963-09-20;27.3;7.8;
1963-09-21;28.9;12.8;
1963-09-22;23.5;11.4;
1963-09-23;26.1;11.1;
1963-09-24;26.5;15.4;
1963-09-25;28.1;13;
1963-09-26;30.1;16.7;
1963-09-27;32.2;13;
1963-09-28;30.5;14.8;
1963-09-29;29.9;18.4;
1963-09-30;33.3;14.4;
1963-10-01;24.5;17.6;
1963-10-02;19.3;15.6;
1963-10-03;22.7;16.2;
1963-10-04;28;16;
1963-10-05;30.5;15;
1963-10-06;30.1;16.5;
1963-10-07;26.2;16;
1963-10-08;24.7;14.4;
1963-10-09;32.7;14.5;
1963-10-10;34.5;15;
1963-10-11;32.3;15.2;
1963-10-12;33.7;17.8;
1963-10-13;30.9;16.5;
1963-10-14;33.7;16.6;
1963-10-15;24.9;19.1;
1963-10-16;31.5;16.8;
1963-10-17;31.7;17.4;
1963-10-18;28.1;16;
1963-10-19;28.3;18;
1963-10-20;19.3;15.8;
1963-10-21;27.9;15.3;
1963-10-22;23.5;18.5;
1963-10-23;21.1;16.4;
1963-10-24;18.3;16;
1963-10-25;19.9;16.2;
1963-10-26;26.1;15.6;
1963-10-27;28.5;14.7;
1963-10-28;29.1;17.5;
1963-10-29;28.7;16.4;
1963-10-30;26.1;15;
1963-10-31;31.5;15.1;
1963-11-01;32.5;18.2;
1963-11-02;23.5;16.4;
1963-11-03;23.9;17.4;
1963-11-04;21.2;15.8;
1963-11-05;28.1;16;
1963-11-06;30.5;16.4;
1963-11-07;29.9;17;
1963-11-08;31.2;18.3;
1963-11-09;31.1;18;
1963-11-10;28.5;19.4;
1963-11-11;26.9;18.4;
1963-11-12;null;null;
1963-11-13;30.5;16.5;
1963-11-14;27.6;20.8;
1963-11-15;26.5;18.2;
1963-11-16;20.5;13;
1963-11-17;19.4;14.5;
1963-11-18;28.7;17.1;
1963-11-19;27.3;17.2;
1963-11-20;29.9;18.3;
1963-11-21;30.1;16.4;
1963-11-22;18.7;15.1;
1963-11-23;27.5;15.5;
1963-11-24;30.1;18;
1963-11-25;31.9;17.4;
1963-11-26;34.1;16.9;
1963-11-27;33.5;18.8;
1963-11-28;31.7;16.8;
1963-11-29;32.3;17.2;
1963-11-30;32.1;18.1;
1963-12-01;33.1;16.6;
1963-12-02;29.9;18;
1963-12-03;28.7;17.8;
1963-12-04;30.3;18;
1963-12-05;31.7;20.8;
1963-12-06;33.1;17.9;
1963-12-07;32.9;20.2;
1963-12-08;32.7;18.2;
1963-12-09;33.5;18.7;
1963-12-10;31.1;20;
1963-12-11;30.7;19.4;
1963-12-12;29.7;18.6;
1963-12-13;28.9;19.2;
1963-12-14;22.3;17.2;
1963-12-15;22.5;15.8;
1963-12-16;25.1;15.4;
1963-12-17;26.9;15.8;
1963-12-18;29.5;15.6;
1963-12-19;29.7;17.8;
1963-12-20;21.1;16;
1963-12-21;21.7;13.2;
1963-12-22;22.5;10.4;
1963-12-23;21.3;10.2;
1963-12-24;23.5;9.9;
1963-12-25;24.1;13.2;
1963-12-26;24.9;11.3;
1963-12-27;22.7;15.7;
1963-12-28;27.1;14.8;
1963-12-29;25.9;15;
1963-12-30;27.1;14.6;
1963-12-31;29.5;15.2;
1964-01-01;24.4;18.7;
1964-01-02;24.5;19.6;
1964-01-03;26.1;19.1;
1964-01-04;21.1;17.9;
1964-01-05;25.3;16.8;
1964-01-06;25.1;16.4;
1964-01-07;25.9;17.2;
1964-01-08;28.3;17.6;
1964-01-09;29.5;19.5;
1964-01-10;27.9;17.4;
1964-01-11;22.3;15.9;
1964-01-12;24.1;15;
1964-01-13;21.1;17.6;
1964-01-14;24.7;17.2;
1964-01-15;22.3;15.4;
1964-01-16;25.5;16;
1964-01-17;28.9;16.3;
1964-01-18;22.6;16.4;
1964-01-19;18.2;15.2;
1964-01-20;22.5;15;
1964-01-21;23.7;14.5;
1964-01-22;null;null;
1964-01-23;null;null;
1964-01-24;null;null;
1964-01-25;null;15.8;
1964-01-26;19.3;16.1;
1964-01-27;27.1;17.1;
1964-01-28;26.1;17.3;
1964-01-29;28.6;18.7;
1964-01-30;26.1;18.8;
1964-01-31;29.7;19.2;
1964-02-01;30.3;18.2;
1964-02-02;29.5;18.6;
1964-02-03;23.6;20;
1964-02-04;23.9;18.4;
1964-02-05;25.3;15.6;
1964-02-06;27;14;
1964-02-07;29.7;16.6;
1964-02-08;29.9;19.1;
1964-02-09;27.9;19;
1964-02-10;25.1;19.4;
1964-02-11;30.3;18.8;
1964-02-12;29.1;19.4;
1964-02-13;28;18.6;
1964-02-14;23.1;18.2;
1964-02-15;27.8;19.2;
1964-02-16;26.7;19.3;
1964-02-17;28.2;19.7;
1964-02-18;30.1;19.6;
1964-02-19;29.4;19.2;
1964-02-20;25.7;17.8;
1964-02-21;18;15.7;
1964-02-22;19.4;15.4;
1964-02-23;21.5;17;
1964-02-24;26.2;15.6;
1964-02-25;25.5;18;
1964-02-26;22.7;17;
1964-02-27;25.9;17.5;
1964-02-28;25.3;18.6;
1964-02-29;27.1;18.1;
1964-03-01;25.5;17.4;
1964-03-02;24.7;18;
1964-03-03;28.7;16.8;
1964-03-04;28.5;18;
1964-03-05;28.1;18.8;
1964-03-06;29.1;18.6;
1964-03-07;28.3;17.4;
1964-03-08;27.1;16.4;
1964-03-09;24;17;
1964-03-10;24.7;16.8;
1964-03-11;28.5;15.8;
1964-03-12;29.4;14.8;
1964-03-13;29.9;18.9;
1964-03-14;32.3;16.8;
1964-03-15;28.3;18.1;
1964-03-16;21.5;15.1;
1964-03-17;21.3;12.2;
1964-03-18;17.3;13.2;
1964-03-19;19.3;14.2;
1964-03-20;23.4;15.4;
1964-03-21;24.1;14;
1964-03-22;25;14.4;
1964-03-23;26.7;14.4;
1964-03-24;27.5;16.2;
1964-03-25;29.5;16.2;
1964-03-26;31.3;14.2;
1964-03-27;31.3;15.4;
1964-03-28;30.3;15.8;
1964-03-29;30.7;19.5;
1964-03-30;23.5;18.1;
1964-03-31;23.2;16.6;
1964-04-01;25.5;17.6;
1964-04-02;21.3;16.2;
1964-04-03;17.5;15.2;
1964-04-04;20.7;14.6;
1964-04-05;25.5;16.8;
1964-04-06;24.7;17;
1964-04-07;28.3;16.4;
1964-04-08;27.6;16;
1964-04-09;26.5;17.2;
1964-04-10;27.3;17.6;
1964-04-11;24.7;16.5;
1964-04-12;23.9;16.8;
1964-04-13;27.6;16.8;
1964-04-14;29.3;17.4;
1964-04-15;27.1;18.2;
1964-04-16;27.4;18;
1964-04-17;29.3;13.2;
1964-04-18;27.7;15.3;
1964-04-19;28.9;12.6;
1964-04-20;27.9;16.1;
1964-04-21;25.9;17;
1964-04-22;null;null;
1964-04-23;null;null;
1964-04-24;null;null;
1964-04-25;24.9;18;
1964-04-26;20.5;16.2;
1964-04-27;25.7;17.6;
1964-04-28;25.7;17.8;
1964-04-29;24.9;16.6;
1964-04-30;22.7;16.4;
1964-05-01;19.7;16.8;
1964-05-02;22.5;15.2;
1964-05-03;20.7;10.6;
1964-05-04;21.7;12.4;
1964-05-05;19.7;11;
1964-05-06;17.7;15.4;
1964-05-07;24.9;14.8;
1964-05-08;23.7;12.6;
1964-05-09;21.3;13.4;
1964-05-10;25.3;13.8;
1964-05-11;26.3;15.8;
1964-05-12;25.7;14.6;
1964-05-13;26.3;11.6;
1964-05-14;23.1;14.6;
1964-05-15;19.7;13.8;
1964-05-16;19.9;12.7;
1964-05-17;20.5;12.6;
1964-05-18;22.4;11.2;
1964-05-19;23.5;12.1;
1964-05-20;20.9;14.5;
1964-05-21;25.3;15.8;
1964-05-22;25.9;14.2;
1964-05-23;25.7;13;
1964-05-24;25.3;15.8;
1964-05-25;23.5;14.8;
1964-05-26;23.3;10.8;
1964-05-27;24.1;6.7;
1964-05-28;23.7;8.6;
1964-05-29;17.5;9;
1964-05-30;16.5;9.4;
1964-05-31;16.9;4.4;
1964-06-01;null;null;
1964-06-02;null;null;
1964-06-03;null;null;
1964-06-04;null;null;
1964-06-05;null;null;
1964-06-06;null;null;
1964-06-07;null;null;
1964-06-08;null;null;
1964-06-09;null;null;
1964-06-10;null;null;
1964-06-11;null;null;
1964-06-12;null;null;
1964-06-13;null;null;
1964-06-14;null;null;
1964-06-15;null;null;
1964-06-16;null;null;
1964-06-17;null;null;
1964-06-18;null;null;
1964-06-19;null;null;
1964-06-20;null;null;
1964-06-21;null;null;
1964-06-22;null;null;
1964-06-23;null;null;
1964-06-24;null;null;
1964-06-25;null;null;
1964-06-26;null;null;
1964-06-27;null;null;
1964-06-28;null;null;
1964-06-29;null;null;
1964-06-30;null;null;
1964-07-01;16.1;11.7;
1964-07-02;20.9;13.2;
1964-07-03;22.3;14.6;
1964-07-04;22.5;13.3;
1964-07-05;19.6;11.1;
1964-07-06;17.1;11;
1964-07-07;20.5;11;
1964-07-08;21.9;8.6;
1964-07-09;21.5;8.8;
1964-07-10;17.5;13.2;
1964-07-11;19.7;12.8;
1964-07-12;23.1;13;
1964-07-13;23.9;9;
1964-07-14;21.7;11;
1964-07-15;21.5;6.2;
1964-07-16;24.5;5.6;
1964-07-17;17.7;11.8;
1964-07-18;14.9;11.5;
1964-07-19;17.3;12.4;
1964-07-20;14.7;9.4;
1964-07-21;13.9;10.2;
1964-07-22;18.3;9.8;
1964-07-23;17.7;9.8;
1964-07-24;16.2;10.8;
1964-07-25;19.1;10.8;
1964-07-26;23.3;13.4;
1964-07-27;17.3;9;
1964-07-28;15.1;5.8;
1964-07-29;18.5;7.3;
1964-07-30;17.9;11;
1964-07-31;20.4;7.8;
1964-08-01;21.3;6;
1964-08-02;24.7;7.8;
1964-08-03;25.9;8.2;
1964-08-04;16.4;12.6;
1964-08-05;16.3;11.8;
1964-08-06;19.9;8.6;
1964-08-07;22.7;4.2;
1964-08-08;25.3;11;
1964-08-09;26.9;7.4;
1964-08-10;22.5;12.2;
1964-08-11;19.4;13.6;
1964-08-12;19.9;13.6;
1964-08-13;19.9;12.5;
1964-08-14;19.8;12.6;
1964-08-15;18.9;13;
1964-08-16;22.9;14.2;
1964-08-17;23.2;9;
1964-08-18;24.5;14.9;
1964-08-19;27.9;15.2;
1964-08-20;24.1;16.2;
1964-08-21;22.9;16;
1964-08-22;28.1;15.2;
1964-08-23;20.4;13.6;
1964-08-24;20.9;13;
1964-08-25;26.9;13.2;
1964-08-26;27.3;10.7;
1964-08-27;26;10.8;
1964-08-28;26.7;9.5;
1964-08-29;30.5;9.6;
1964-08-30;29.1;15.6;
1964-08-31;26.5;16;
1964-09-01;28.7;13.1;
1964-09-02;27.9;14.8;
1964-09-03;16.5;10;
1964-09-04;12.7;8.6;
1964-09-05;20.5;9.8;
1964-09-06;25.9;11.4;
1964-09-07;27.3;9.6;
1964-09-08;28.7;9.8;
1964-09-09;27.9;11;
1964-09-10;28.5;9.8;
1964-09-11;26.7;13.6;
1964-09-12;19.8;13.7;
1964-09-13;17.7;12.4;
1964-09-14;24.5;12.8;
1964-09-15;25.1;11.5;
1964-09-16;26.4;12.4;
1964-09-17;27.9;13.2;
1964-09-18;27.7;10.4;
1964-09-19;26.9;10.8;
1964-09-20;26.9;13.8;
1964-09-21;26.3;12;
1964-09-22;27.7;10.9;
1964-09-23;28.5;16.5;
1964-09-24;27.1;16.4;
1964-09-25;21.3;16.2;
1964-09-26;23.7;16;
1964-09-27;25.3;15.1;
1964-09-28;22.3;16;
1964-09-29;27.5;16;
1964-09-30;28.1;17.2;
1964-10-01;23.1;17.4;
1964-10-02;20.9;16.2;
1964-10-03;17.5;14;
1964-10-04;16.7;12.8;
1964-10-05;16.3;13.4;
1964-10-06;16.7;13.8;
1964-10-07;22.7;14.4;
1964-10-08;25.9;16.2;
1964-10-09;27.8;15.6;
1964-10-10;23.7;14.8;
1964-10-11;26.1;16.4;
1964-10-12;27.9;12.8;
1964-10-13;24.7;13.6;
1964-10-14;23.7;12.8;
1964-10-15;18.7;13.2;
1964-10-16;24.1;13.3;
1964-10-17;27.3;14.6;
1964-10-18;27.9;14.4;
1964-10-19;26.3;14.6;
1964-10-20;18.5;15.6;
1964-10-21;24.9;17.2;
1964-10-22;25.5;17.8;
1964-10-23;20.3;16;
1964-10-24;22.7;15.6;
1964-10-25;24.5;15.6;
1964-10-26;28.1;16.6;
1964-10-27;27.9;16.6;
1964-10-28;18.3;15.4;
1964-10-29;23.5;1.5;
1964-10-30;23.7;16.4;
1964-10-31;23.7;16;
1964-11-01;22.5;13.6;
1964-11-02;17.3;13.4;
1964-11-03;21.7;12.6;
1964-11-04;24.9;13.3;
1964-11-05;24.5;15.2;
1964-11-06;23.7;17;
1964-11-07;27.5;15.6;
1964-11-08;26.3;12.8;
1964-11-09;27.9;15.4;
1964-11-10;25.5;14.6;
1964-11-11;19.4;11.4;
1964-11-12;null;null;
1964-11-13;null;null;
1964-11-14;null;null;
1964-11-15;24.5;15.6;
1964-11-16;24.1;16.8;
1964-11-17;24.1;16.5;
1964-11-18;27.3;17.5;
1964-11-19;25.9;16.8;
1964-11-20;25.3;17.6;
1964-11-21;22.1;18;
1964-11-22;21.5;15.6;
1964-11-23;22.5;14.2;
1964-11-24;24.9;10.8;
1964-11-25;24.9;12.5;
1964-11-26;19.7;15;
1964-11-27;24.3;13.4;
1964-11-28;28.7;10.6;
1964-11-29;30.1;12.4;
1964-11-30;27.7;15;
1964-12-01;25.4;16.4;
1964-12-02;22.1;16.6;
1964-12-03;25.1;18.6;
1964-12-04;21.7;13.4;
1964-12-05;19.7;11.2;
1964-12-06;21.3;11.7;
1964-12-07;22.5;14.6;
1964-12-08;24.9;16.2;
1964-12-09;26.6;16.2;
1964-12-10;29.3;14.8;
1964-12-11;27.7;15.6;
1964-12-12;29.3;18.5;
1964-12-13;27.1;18.8;
1964-12-14;20.1;14;
1964-12-15;17.3;12.8;
1964-12-16;25.8;15.7;
1964-12-17;27.3;16.8;
1964-12-18;25.3;17;
1964-12-19;19.7;16.1;
1964-12-20;22.9;16.4;
1964-12-21;25;18;
1964-12-22;25.3;16.4;
1964-12-23;23.7;18;
1964-12-24;24.7;17.2;
1964-12-25;24.3;18.6;
1964-12-26;26.7;19.2;
1964-12-27;28.1;17.2;
1964-12-28;28.3;18.4;
1964-12-29;28.3;19.6;
1964-12-30;23.9;15.6;
1964-12-31;22.3;15.8;
1965-01-01;21.5;15.8;
1965-01-02;23.7;5.5;
1965-01-03;24.4;6.3;
1965-01-04;25.5;7.1;
1965-01-05;18.9;4;
1965-01-06;17.5;4.3;
1965-01-07;null;null;
1965-01-08;29.9;12.9;
1965-01-09;21.5;6.7;
1965-01-10;16.3;4.7;
1965-01-11;25.5;10.7;
1965-01-12;27.9;12.1;
1965-01-13;27.9;17.8;
1965-01-14;27.5;17.9;
1965-01-15;25.9;null;
1965-01-16;27.1;17.6;
1965-01-17;27.9;10.2;
1965-01-18;28.7;13.8;
1965-01-19;22.5;null;
1965-01-20;19.9;null;
1965-01-21;24.1;null;
1965-01-22;26.7;null;
1965-01-23;27.1;17.9;
1965-01-24;24.7;15.4;
1965-01-25;26.1;10.5;
1965-01-26;25.9;15.6;
1965-01-27;25.9;10.9;
1965-01-28;24.3;7.3;
1965-01-29;25.5;7.7;
1965-01-30;26.1;9.7;
1965-01-31;27.5;10.1;
1965-02-01;27.9;18.6;
1965-02-02;27.3;18.9;
1965-02-03;28.2;19.3;
1965-02-04;28.1;19.4;
1965-02-05;27.9;19.3;
1965-02-06;25.3;17.1;
1965-02-07;29.3;17;
1965-02-08;29.9;17;
1965-02-09;26.9;17.2;
1965-02-10;21.7;18;
1965-02-11;19.9;17.2;
1965-02-12;25.3;17;
1965-02-13;27.7;18.4;
1965-02-14;28.7;17.8;
1965-02-15;28.5;17.6;
1965-02-16;25.7;19.2;
1965-02-17;25.3;18.6;
1965-02-18;20.9;16.2;
1965-02-19;19.9;15.1;
1965-02-20;22.9;16.1;
1965-02-21;21.5;17.2;
1965-02-22;24.7;17.2;
1965-02-23;26.5;18;
1965-02-24;24.9;17.6;
1965-02-25;22.7;18.6;
1965-02-26;26.7;18.2;
1965-02-27;27.7;18.6;
1965-02-28;29.1;18.2;
1965-03-01;30.5;17.4;
1965-03-02;30.5;17.2;
1965-03-03;30.5;17.8;
1965-03-04;24.9;17.6;
1965-03-05;20.7;16.2;
1965-03-06;21.3;17.4;
1965-03-07;21.9;16.4;
1965-03-08;21.5;17.2;
1965-03-09;22.9;17.4;
1965-03-10;25.5;19;
1965-03-11;25.9;17.2;
1965-03-12;22.5;16.9;
1965-03-13;20.9;16.8;
1965-03-14;23.7;16;
1965-03-15;23.5;16.2;
1965-03-16;25.1;15.4;
1965-03-17;22.3;16.2;
1965-03-18;24.7;16;
1965-03-19;27.3;16;
1965-03-20;24.1;16;
1965-03-21;24.1;12;
1965-03-22;23.5;15.7;
1965-03-23;25.1;15.4;
1965-03-24;29.3;17.2;
1965-03-25;28.3;14;
1965-03-26;23.1;16.2;
1965-03-27;25.9;17.8;
1965-03-28;27.5;16.4;
1965-03-29;26.5;13.8;
1965-03-30;27.1;13;
1965-03-31;27.9;13.1;
1965-04-01;23.5;16.2;
1965-04-02;25.1;16;
1965-04-03;25.7;15.8;
1965-04-04;25.5;15.5;
1965-04-05;23.7;15.6;
1965-04-06;25.3;14.8;
1965-04-07;26.5;13.6;
1965-04-08;28.3;17.6;
1965-04-09;26.1;17.2;
1965-04-10;22.5;15.6;
1965-04-11;26.7;14.4;
1965-04-12;28.5;14.8;
1965-04-13;26.3;16.4;
1965-04-14;23.1;15.4;
1965-04-15;26.5;17;
1965-04-16;26.9;16.8;
1965-04-17;25.9;16;
1965-04-18;29.1;12.6;
1965-04-19;29.1;14.4;
1965-04-20;26.1;18.1;
1965-04-21;29.5;17;
1965-04-22;20.9;14.6;
1965-04-23;22.9;13.8;
1965-04-24;25.5;11.6;
1965-04-25;27.5;9.4;
1965-04-26;29.7;10;
1965-04-27;28.5;15;
1965-04-28;27.7;18;
1965-04-29;24.5;16.6;
1965-04-30;25.1;17;
1965-05-01;null;null;
1965-05-02;null;null;
1965-05-03;null;null;
1965-05-04;null;null;
1965-05-05;null;null;
1965-05-06;null;null;
1965-05-07;null;null;
1965-05-08;null;null;
1965-05-09;null;null;
1965-05-10;null;null;
1965-05-11;null;null;
1965-05-12;null;null;
1965-05-13;null;null;
1965-05-14;null;null;
1965-05-15;null;null;
1965-05-16;null;null;
1965-05-17;null;null;
1965-05-18;null;null;
1965-05-19;null;null;
1965-05-20;null;null;
1965-05-21;null;null;
1965-05-22;null;null;
1965-05-23;null;null;
1965-05-24;null;null;
1965-05-25;null;null;
1965-05-26;null;null;
1965-05-27;null;null;
1965-05-28;null;null;
1965-05-29;null;null;
1965-05-30;null;null;
1965-05-31;null;null;
1965-06-01;23.9;10.4;
1965-06-02;26.1;10.2;
1965-06-03;26.5;10.4;
1965-06-04;26.1;13.2;
1965-06-05;23.3;12.8;
1965-06-06;20.5;13;
1965-06-07;24.1;12;
1965-06-08;22.7;11.6;
1965-06-09;24.9;12.2;
1965-06-10;23.5;11;
1965-06-11;26.3;10.6;
1965-06-12;26.1;12.8;
1965-06-13;25.1;13.6;
1965-06-14;22.3;15.4;
1965-06-15;22.7;13.4;
1965-06-16;22.9;11;
1965-06-17;23.7;13.4;
1965-06-18;23.7;11.2;
1965-06-19;20.9;12.4;
1965-06-20;23.1;10;
1965-06-21;22.3;11;
1965-06-22;20.1;11.2;
1965-06-23;23.7;7.6;
1965-06-24;20.5;9.4;
1965-06-25;23.3;12.6;
1965-06-26;21.9;14;
1965-06-27;20.5;13.7;
1965-06-28;22.5;9.2;
1965-06-29;24.3;10.6;
1965-06-30;25.3;10;
1965-07-01;27;10;
1965-07-02;27.1;10;
1965-07-03;26.3;11;
1965-07-04;28.1;13;
1965-07-05;22.5;11.8;
1965-07-06;21.3;14.5;
1965-07-07;15.7;13.4;
1965-07-08;16.5;13.2;
1965-07-09;22.7;12.6;
1965-07-10;21.9;12.6;
1965-07-11;19.5;11;
1965-07-12;15.5;6.8;
1965-07-13;23.1;10.8;
1965-07-14;24.9;8.4;
1965-07-15;25.7;12.8;
1965-07-16;20.9;15.2;
1965-07-17;19.7;14.4;
1965-07-18;19.5;13.6;
1965-07-19;23.7;15.4;
1965-07-20;26.7;11.6;
1965-07-21;27.1;11.6;
1965-07-22;19.4;12.8;
1965-07-23;23.1;13.2;
1965-07-24;20.3;10.4;
1965-07-25;18.3;10.4;
1965-07-26;20.5;11;
1965-07-27;21.7;11;
1965-07-28;21.9;11;
1965-07-29;24.7;10.8;
1965-07-30;24.7;8.8;
1965-07-31;20.9;12.8;
1965-08-01;25.5;9;
1965-08-02;25.3;9;
1965-08-03;26.7;9.6;
1965-08-04;22.7;9.8;
1965-08-05;16.1;13.5;
1965-08-06;21.3;12.4;
1965-08-07;21.5;8.2;
1965-08-08;17.7;10.8;
1965-08-09;21.5;12.8;
1965-08-10;null;null;
1965-08-11;23.5;12.4;
1965-08-12;27.5;8.4;
1965-08-13;28.7;10;
1965-08-14;28.3;8.8;
1965-08-15;29.5;12;
1965-08-16;29.5;15.6;
1965-08-17;29.9;15.3;
1965-08-18;29.9;14.8;
1965-08-19;29.3;16;
1965-08-20;24.5;16.8;
1965-08-21;19.5;11.2;
1965-08-22;22.9;11.2;
1965-08-23;26.3;12.2;
1965-08-24;26.3;9.2;
1965-08-25;27.7;13;
1965-08-26;25.7;9;
1965-08-27;26.3;11.6;
1965-08-28;27.9;9.8;
1965-08-29;25.5;13.4;
1965-08-30;28.5;9.4;
1965-08-31;25.5;14.2;
1965-09-01;23.7;16.4;
1965-09-02;29.9;10.6;
1965-09-03;30.3;11.8;
1965-09-04;31.7;12.8;
1965-09-05;29.3;11.4;
1965-09-06;31.9;12.4;
1965-09-07;25.1;11.8;
1965-09-08;26.9;16.8;
1965-09-09;28.1;13.7;
1965-09-10;29.7;13.9;
1965-09-11;29.8;13.4;
1965-09-12;20.5;15.4;
1965-09-13;21.5;14.4;
1965-09-14;23.1;14.6;
1965-09-15;27.5;11.2;
1965-09-16;25.9;12.7;
1965-09-17;24.7;12.7;
1965-09-18;29.5;9.8;
1965-09-19;29.3;16.8;
1965-09-20;30.3;13.8;
1965-09-21;19.9;14.8;
1965-09-22;16.9;12;
1965-09-23;24.3;13.5;
1965-09-24;24.9;14.6;
1965-09-25;25.5;16.2;
1965-09-26;25.3;15.2;
1965-09-27;22.3;15;
1965-09-28;19.3;14.2;
1965-09-29;25.1;13.6;
1965-09-30;27.1;16.8;
1965-10-01;22.4;12;
1965-10-02;18.4;null;
1965-10-03;15.9;10.4;
1965-10-04;21.1;12.2;
1965-10-05;26.3;10;
1965-10-06;25.7;15.4;
1965-10-07;27.7;15.5;
1965-10-08;28.9;14;
1965-10-09;29.5;18;
1965-10-10;25.3;18;
1965-10-11;21.3;14.2;
1965-10-12;null;null;
1965-10-13;19.5;11;
1965-10-14;24.3;10.7;
1965-10-15;22.3;13.7;
1965-10-16;24.7;11.8;
1965-10-17;22.9;15.2;
1965-10-18;22.5;16.3;
1965-10-19;27.3;17.2;
1965-10-20;27.1;15.8;
1965-10-21;29.1;15.2;
1965-10-22;28.1;18.4;
1965-10-23;30;18;
1965-10-24;30.1;16.8;
1965-10-25;29.1;17.4;
1965-10-26;21.7;16;
1965-10-27;22.1;14.4;
1965-10-28;25.7;17.1;
1965-10-29;24.7;18;
1965-10-30;19.3;14.4;
1965-10-31;17.5;12.7;
1965-11-01;23.3;9.4;
1965-11-02;19.9;12.8;
1965-11-03;25.3;14.8;
1965-11-04;27.7;16.6;
1965-11-05;27.5;15.6;
1965-11-06;26.5;17.6;
1965-11-07;27.3;17.4;
1965-11-08;28.4;13.2;
1965-11-09;27.7;15.2;
1965-11-10;27.3;18;
1965-11-11;29.9;16.4;
1965-11-12;25.9;17.6;
1965-11-13;25.3;18.8;
1965-11-14;25.3;18.6;
1965-11-15;21.5;17.6;
1965-11-16;25.3;17.2;
1965-11-17;23;16.8;
1965-11-18;21.9;15;
1965-11-19;27.1;16;
1965-11-20;24.9;16;
1965-11-21;19.9;14;
1965-11-22;19.3;13.4;
1965-11-23;24.1;13.4;
1965-11-24;26.3;15;
1965-11-25;25.9;16.4;
1965-11-26;27.7;17.5;
1965-11-27;22.3;18.4;
1965-11-28;24.9;17.6;
1965-11-29;23.9;17.4;
1965-11-30;27.3;17;
1965-12-01;29.5;16.4;
1965-12-02;28.5;17.4;
1965-12-03;26.9;16.8;
1965-12-04;25.9;18.2;
1965-12-05;27.7;19.4;
1965-12-06;27.6;19.4;
1965-12-07;28.1;19;
1965-12-08;27.1;19.2;
1965-12-09;27.1;18.2;
1965-12-10;28.2;18.6;
1965-12-11;27.7;19;
1965-12-12;29.1;18.6;
1965-12-13;30.3;18.7;
1965-12-14;29.9;17;
1965-12-15;30.3;16.8;
1965-12-16;24.9;18.2;
1965-12-17;27.2;17.4;
1965-12-18;29.9;18.6;
1965-12-19;30.3;20;
1965-12-20;31.2;17.2;
1965-12-21;33.1;17;
1965-12-22;24.9;17.2;
1965-12-23;23.5;15.8;
1965-12-24;25.3;18;
1965-12-25;26.5;17.2;
1965-12-26;29.7;17.4;
1965-12-27;28.9;17.4;
1965-12-28;29.7;16;
1965-12-29;29.9;19.4;
1965-12-30;26.5;18.2;
1965-12-31;25.1;16.4;
1966-01-01;24.9;17.2;
1966-01-02;23.5;17.1;
1966-01-03;26.9;16.2;
1966-01-04;27.9;16.6;
1966-01-05;24.9;17.4;
1966-01-06;26.3;18;
1966-01-07;26.7;19.3;
1966-01-08;26.1;19.4;
1966-01-09;23.9;19.2;
1966-01-10;27.1;19;
1966-01-11;21.5;18;
1966-01-12;22.9;17.2;
1966-01-13;19.5;16.4;
1966-01-14;22;16;
1966-01-15;28.9;16.8;
1966-01-16;26.6;18.4;
1966-01-17;28.3;17.4;
1966-01-18;29.7;19;
1966-01-19;29.7;17.2;
1966-01-20;29.9;14.4;
1966-01-21;30.3;18;
1966-01-22;31.3;16.4;
1966-01-23;29.9;16.2;
1966-01-24;29.9;18.8;
1966-01-25;31.9;16.4;
1966-01-26;31.1;16;
1966-01-27;27.3;19;
1966-01-28;26.3;17;
1966-01-29;25.6;16.8;
1966-01-30;26.9;18.4;
1966-01-31;26.7;18.6;
1966-02-01;20.7;18.6;
1966-02-02;23.5;18.4;
1966-02-03;26.1;18.4;
1966-02-04;23.6;19.6;
1966-02-05;22.7;19;
1966-02-06;25.5;18.4;
1966-02-07;27.5;19;
1966-02-08;28.3;18.8;
1966-02-09;28.9;18.7;
1966-02-10;29.3;13.6;
1966-02-11;30.1;18.7;
1966-02-12;29.1;19.2;
1966-02-13;32.9;16.8;
1966-02-14;32.1;15.2;
1966-02-15;31.3;13.6;
1966-02-16;31.3;14.2;
1966-02-17;31.9;14.4;
1966-02-18;31.3;15;
1966-02-19;32.3;14.8;
1966-02-20;27.3;17.4;
1966-02-21;28.4;17;
1966-02-22;25.3;17.4;
1966-02-23;26.6;18.2;
1966-02-24;29.9;18;
1966-02-25;27.7;18;
1966-02-26;26.3;16.2;
1966-02-27;28.9;17.8;
1966-02-28;29.9;18;
1966-03-01;27.9;17.2;
1966-03-02;27.3;15.4;
1966-03-03;28.1;18;
1966-03-04;26.3;17.5;
1966-03-05;26.9;18.4;
1966-03-06;28.3;19.2;
1966-03-07;22.9;15.6;
1966-03-08;22.5;15.6;
1966-03-09;24.7;16.2;
1966-03-10;20.9;12.6;
1966-03-11;22.9;16.2;
1966-03-12;27.3;18;
1966-03-13;27.9;17.6;
1966-03-14;29.3;17.8;
1966-03-15;28.9;16.6;
1966-03-16;28.3;15.2;
1966-03-17;27.4;13.4;
1966-03-18;29.5;13;
1966-03-19;29.5;13.2;
1966-03-20;29.5;14.2;
1966-03-21;28.9;14;
1966-03-22;28.9;13.6;
1966-03-23;30.9;14.6;
1966-03-24;31.7;15.4;
1966-03-25;29.5;14.6;
1966-03-26;31.3;16.2;
1966-03-27;21.5;16.6;
1966-03-28;21.5;16.4;
1966-03-29;25.9;15;
1966-03-30;25.9;15.8;
1966-03-31;27.5;16.4;
1966-04-01;26.3;17.2;
1966-04-02;25.1;17.6;
1966-04-03;26.7;18;
1966-04-04;22.9;16;
1966-04-05;20.5;14.4;
1966-04-06;18.1;14.8;
1966-04-07;22.3;15.5;
1966-04-08;24.3;16.4;
1966-04-09;24.7;15.4;
1966-04-10;25.1;12.8;
1966-04-11;22.7;13.8;
1966-04-12;23.9;13.6;
1966-04-13;23.9;13.6;
1966-04-14;25.9;11.4;
1966-04-15;28.1;12.6;
1966-04-16;27.7;14.5;
1966-04-17;26.1;14.6;
1966-04-18;26.5;14.8;
1966-04-19;28.5;14.6;
1966-04-20;27.7;12.4;
1966-04-21;26.9;15.2;
1966-04-22;26.7;12.6;
1966-04-23;27.9;13.6;
1966-04-24;27.9;10.6;
1966-04-25;27.9;11.2;
1966-04-26;24.9;16.6;
1966-04-27;24.9;12.6;
1966-04-28;26.1;16.8;
1966-04-29;27;16;
1966-04-30;24.7;17;
1966-05-01;28.1;17.6;
1966-05-02;25.5;17.4;
1966-05-03;27.5;13.6;
1966-05-04;28.1;13.4;
1966-05-05;25.9;15.6;
1966-05-06;25.5;18.2;
1966-05-07;27.9;15.4;
1966-05-08;24.9;15.2;
1966-05-09;22.5;14.8;
1966-05-10;25.3;16.2;
1966-05-11;25.7;15;
1966-05-12;19.5;15.6;
1966-05-13;23.4;15.4;
1966-05-14;21.2;15.4;
1966-05-15;22.9;14;
1966-05-16;21.1;14.4;
1966-05-17;23.7;14;
1966-05-18;22.1;11.4;
1966-05-19;23.3;6.2;
1966-05-20;23.1;6.4;
1966-05-21;21.1;10;
1966-05-22;25.1;13;
1966-05-23;23.9;16;
1966-05-24;17.5;12;
1966-05-25;18.3;9.4;
1966-05-26;19.5;10.6;
1966-05-27;20.1;11.4;
1966-05-28;22.1;12.8;
1966-05-29;23.3;13;
1966-05-30;20.1;11;
1966-05-31;19.9;12.4;
1966-06-01;null;null;
1966-06-02;null;null;
1966-06-03;null;null;
1966-06-04;null;null;
1966-06-05;null;null;
1966-06-06;null;null;
1966-06-07;null;null;
1966-06-08;null;null;
1966-06-09;null;null;
1966-06-10;null;null;
1966-06-11;null;null;
1966-06-12;null;null;
1966-06-13;null;null;
1966-06-14;null;null;
1966-06-15;null;null;
1966-06-16;null;null;
1966-06-17;null;null;
1966-06-18;null;null;
1966-06-19;null;null;
1966-06-20;null;null;
1966-06-21;null;null;
1966-06-22;null;null;
1966-06-23;null;null;
1966-06-24;null;null;
1966-06-25;null;null;
1966-06-26;null;null;
1966-06-27;null;null;
1966-06-28;null;null;
1966-06-29;null;null;
1966-06-30;null;null;
1966-07-01;19.1;13;
1966-07-02;21.9;13.4;
1966-07-03;22.9;13.4;
1966-07-04;20.9;14.4;
1966-07-05;22.5;12.8;
1966-07-06;21.5;13.6;
1966-07-07;18.3;13.2;
1966-07-08;17.9;12.2;
1966-07-09;23.5;12.2;
1966-07-10;22.3;9;
1966-07-11;20.5;9.4;
1966-07-12;23.9;11.8;
1966-07-13;25.5;7.8;
1966-07-14;24.9;7.2;
1966-07-15;22.9;11.6;
1966-07-16;24.5;11.6;
1966-07-17;26.1;10.4;
1966-07-18;21.9;12;
1966-07-19;22.1;14.6;
1966-07-20;null;null;
1966-07-21;22.1;12.4;
1966-07-22;23.9;13.2;
1966-07-23;25.5;10.6;
1966-07-24;20.7;12;
1966-07-25;15.7;10.8;
1966-07-26;17.1;11.1;
1966-07-27;20.3;4.8;
1966-07-28;21.7;11.8;
1966-07-29;23.5;11.4;
1966-07-30;28.1;11.8;
1966-07-31;28.5;12.4;

