Nome: CABO FRIO
Codigo Estacao: 83747
Latitude: -22.87
Longitude: -42.02
Altitude: 2
Situacao: Desativada
Data Inicial: 1961-01-01
Data Final: 1969-02-28
Periodicidade da Medicao: Diaria

Data Medicao;TEMPERATURA MAXIMA, DIARIA(°C);TEMPERATURA MINIMA, DIARIA(°C);
1961-01-01;null;null;
1961-01-02;null;null;
1961-01-03;null;null;
1961-01-04;null;null;
1961-01-05;null;null;
1961-01-06;null;null;
1961-01-07;null;null;
1961-01-08;null;null;
1961-01-09;null;null;
1961-01-10;null;null;
1961-01-11;null;null;
1961-01-12;null;null;
1961-01-13;null;null;
1961-01-14;null;null;
1961-01-15;null;null;
1961-01-16;null;null;
1961-01-17;null;null;
1961-01-18;null;null;
1961-01-19;null;null;
1961-01-20;null;null;
1961-01-21;null;null;
1961-01-22;null;null;
1961-01-23;null;null;
1961-01-24;null;null;
1961-01-25;null;null;
1961-01-26;null;null;
1961-01-27;null;null;
1961-01-28;null;null;
1961-01-29;null;null;
1961-01-30;null;null;
1961-01-31;null;null;
1961-02-01;null;null;
1961-02-02;null;null;
1961-02-03;null;null;
1961-02-04;null;null;
1961-02-05;null;null;
1961-02-06;null;null;
1961-02-07;null;null;
1961-02-08;null;null;
1961-02-09;null;null;
1961-02-10;null;null;
1961-02-11;null;null;
1961-02-12;null;null;
1961-02-13;null;null;
1961-02-14;null;null;
1961-02-15;null;null;
1961-02-16;null;null;
1961-02-17;null;null;
1961-02-18;null;null;
1961-02-19;null;null;
1961-02-20;null;null;
1961-02-21;null;null;
1961-02-22;null;null;
1961-02-23;null;null;
1961-02-24;null;null;
1961-02-25;null;null;
1961-02-26;null;null;
1961-02-27;null;null;
1961-02-28;null;null;
1961-03-01;null;null;
1961-03-02;null;null;
1961-03-03;null;null;
1961-03-04;null;null;
1961-03-05;null;null;
1961-03-06;null;null;
1961-03-07;null;null;
1961-03-08;null;null;
1961-03-09;null;null;
1961-03-10;null;null;
1961-03-11;null;null;
1961-03-12;null;null;
1961-03-13;null;null;
1961-03-14;null;null;
1961-03-15;null;null;
1961-03-16;null;null;
1961-03-17;null;null;
1961-03-18;null;null;
1961-03-19;null;null;
1961-03-20;null;null;
1961-03-21;null;null;
1961-03-22;null;null;
1961-03-23;null;null;
1961-03-24;null;null;
1961-03-25;null;null;
1961-03-26;null;null;
1961-03-27;null;null;
1961-03-28;null;null;
1961-03-29;null;null;
1961-03-30;null;null;
1961-03-31;null;null;
1961-04-01;null;null;
1961-04-02;null;null;
1961-04-03;null;null;
1961-04-04;null;null;
1961-04-05;null;null;
1961-04-06;null;null;
1961-04-07;null;null;
1961-04-08;null;null;
1961-04-09;null;null;
1961-04-10;null;null;
1961-04-11;null;null;
1961-04-12;null;null;
1961-04-13;null;null;
1961-04-14;null;null;
1961-04-15;null;null;
1961-04-16;null;null;
1961-04-17;null;null;
1961-04-18;null;null;
1961-04-19;null;null;
1961-04-20;null;null;
1961-04-21;null;null;
1961-04-22;null;null;
1961-04-23;null;null;
1961-04-24;null;null;
1961-04-25;null;null;
1961-04-26;null;null;
1961-04-27;null;null;
1961-04-28;null;null;
1961-04-29;null;null;
1961-04-30;null;null;
1961-05-01;null;null;
1961-05-02;null;null;
1961-05-03;null;null;
1961-05-04;null;null;
1961-05-05;null;null;
1961-05-06;null;null;
1961-05-07;null;null;
1961-05-08;null;null;
1961-05-09;null;null;
1961-05-10;null;null;
1961-05-11;null;null;
1961-05-12;null;null;
1961-05-13;null;null;
1961-05-14;null;null;
1961-05-15;null;null;
1961-05-16;null;null;
1961-05-17;null;null;
1961-05-18;null;null;
1961-05-19;null;null;
1961-05-20;null;null;
1961-05-21;null;null;
1961-05-22;null;null;
1961-05-23;null;null;
1961-05-24;null;null;
1961-05-25;null;null;
1961-05-26;null;null;
1961-05-27;null;null;
1961-05-28;null;null;
1961-05-29;null;null;
1961-05-30;null;null;
1961-05-31;null;null;
1961-06-01;null;null;
1961-06-02;null;null;
1961-06-03;null;null;
1961-06-04;null;null;
1961-06-05;null;null;
1961-06-06;null;null;
1961-06-07;null;null;
1961-06-08;null;null;
1961-06-09;null;null;
1961-06-10;null;null;
1961-06-11;null;null;
1961-06-12;null;null;
1961-06-13;null;null;
1961-06-14;null;null;
1961-06-15;null;null;
1961-06-16;null;null;
1961-06-17;null;null;
1961-06-18;null;null;
1961-06-19;null;null;
1961-06-20;null;null;
1961-06-21;null;null;
1961-06-22;null;null;
1961-06-23;null;null;
1961-06-24;null;null;
1961-06-25;null;null;
1961-06-26;null;null;
1961-06-27;null;null;
1961-06-28;null;null;
1961-06-29;null;null;
1961-06-30;null;null;
1961-07-01;null;null;
1961-07-02;null;null;
1961-07-03;null;null;
1961-07-04;null;null;
1961-07-05;null;null;
1961-07-06;null;null;
1961-07-07;null;null;
1961-07-08;null;null;
1961-07-09;null;null;
1961-07-10;null;null;
1961-07-11;null;null;
1961-07-12;null;null;
1961-07-13;null;null;
1961-07-14;null;null;
1961-07-15;null;null;
1961-07-16;null;null;
1961-07-17;null;null;
1961-07-18;null;null;
1961-07-19;null;null;
1961-07-20;null;null;
1961-07-21;null;null;
1961-07-22;null;null;
1961-07-23;null;null;
1961-07-24;null;null;
1961-07-25;null;null;
1961-07-26;null;null;
1961-07-27;null;null;
1961-07-28;null;null;
1961-07-29;null;null;
1961-07-30;null;null;
1961-07-31;null;null;
1961-08-01;null;null;
1961-08-02;null;null;
1961-08-03;null;null;
1961-08-04;null;null;
1961-08-05;null;null;
1961-08-06;null;null;
1961-08-07;null;null;
1961-08-08;null;null;
1961-08-09;null;null;
1961-08-10;null;null;
1961-08-11;null;null;
1961-08-12;null;null;
1961-08-13;null;null;
1961-08-14;null;null;
1961-08-15;null;null;
1961-08-16;null;null;
1961-08-17;null;null;
1961-08-18;null;null;
1961-08-19;null;null;
1961-08-20;null;null;
1961-08-21;null;null;
1961-08-22;null;null;
1961-08-23;null;null;
1961-08-24;null;null;
1961-08-25;null;null;
1961-08-26;null;null;
1961-08-27;null;null;
1961-08-28;null;null;
1961-08-29;null;null;
1961-08-30;null;null;
1961-08-31;null;null;
1961-09-01;29;19.2;
1961-09-02;24.7;19.2;
1961-09-03;24.4;20.2;
1961-09-04;27.6;19;
1961-09-05;26.4;19.1;
1961-09-06;26.5;17.8;
1961-09-07;24.1;20.4;
1961-09-08;24.2;18.6;
1961-09-09;25.2;19.6;
1961-09-10;27.1;19.8;
1961-09-11;26;20.4;
1961-09-12;27.8;20.3;
1961-09-13;24.6;18;
1961-09-14;24.4;20.4;
1961-09-15;25.2;20.3;
1961-09-16;25.4;20.4;
1961-09-17;26.5;20.2;
1961-09-18;28;19.8;
1961-09-19;26.8;19.4;
1961-09-20;26;20.8;
1961-09-21;27;18;
1961-09-22;25.6;21.2;
1961-09-23;24.4;20;
1961-09-24;24.4;19.6;
1961-09-25;27.4;20.4;
1961-09-26;28;20.2;
1961-09-27;26.6;20.3;
1961-09-28;29.2;19.4;
1961-09-29;23.9;20.2;
1961-09-30;22.8;18.6;
1961-10-01;24;19;
1961-10-02;25.3;20.2;
1961-10-03;25.2;20.2;
1961-10-04;25.3;20;
1961-10-05;25.2;19.8;
1961-10-06;25.6;20.4;
1961-10-07;25.4;20.2;
1961-10-08;25.2;20.6;
1961-10-09;25.4;19.9;
1961-10-10;25.2;20.2;
1961-10-11;24.8;20.4;
1961-10-12;28;20;
1961-10-13;30.4;20.1;
1961-10-14;28.6;21;
1961-10-15;30;21.3;
1961-10-16;24.8;20.4;
1961-10-17;25.2;20.7;
1961-10-18;25;21.2;
1961-10-19;26.2;18.9;
1961-10-20;24.2;20.4;
1961-10-21;25.4;20.7;
1961-10-22;26.6;20.7;
1961-10-23;27;20;
1961-10-24;26;19.8;
1961-10-25;26;19.6;
1961-10-26;29.6;19.9;
1961-10-27;25.7;20.4;
1961-10-28;25;20.1;
1961-10-29;23.4;20.9;
1961-10-30;26.2;20.2;
1961-10-31;26.4;19.8;
1961-11-01;25.6;21;
1961-11-02;25.8;20.5;
1961-11-03;25.4;20.7;
1961-11-04;27.2;20.7;
1961-11-05;29.1;19.2;
1961-11-06;27.8;21;
1961-11-07;24.8;20.6;
1961-11-08;25.6;20.4;
1961-11-09;25.4;17.2;
1961-11-10;25.8;19.5;
1961-11-11;27.2;20.6;
1961-11-12;23.8;20.1;
1961-11-13;23;18.4;
1961-11-14;29.2;20.8;
1961-11-15;25.4;21;
1961-11-16;25.2;20;
1961-11-17;25.8;17.2;
1961-11-18;24.8;18.8;
1961-11-19;25.3;19.7;
1961-11-20;27;21;
1961-11-21;29.6;21.3;
1961-11-22;29.5;21.1;
1961-11-23;28.6;21;
1961-11-24;28.7;22.6;
1961-11-25;27.6;21.6;
1961-11-26;27.4;20.4;
1961-11-27;29.7;21.5;
1961-11-28;29;20.4;
1961-11-29;30.8;20.6;
1961-11-30;30;20.8;
1961-12-01;30;21.5;
1961-12-02;28.8;21.5;
1961-12-03;28.8;22.1;
1961-12-04;24.6;20.1;
1961-12-05;24.8;20.4;
1961-12-06;23.8;18.8;
1961-12-07;22.8;19.6;
1961-12-08;24.5;19.8;
1961-12-09;25.8;20.8;
1961-12-10;28.2;20.4;
1961-12-11;27.8;21.4;
1961-12-12;28;21.5;
1961-12-13;28;22.2;
1961-12-14;26.9;21.2;
1961-12-15;27;22.3;
1961-12-16;26.2;22;
1961-12-17;26;21.8;
1961-12-18;27.3;21.8;
1961-12-19;27.4;20.6;
1961-12-20;27;21.4;
1961-12-21;27.6;21.4;
1961-12-22;27.4;21.7;
1961-12-23;29.1;20.7;
1961-12-24;30.6;21.2;
1961-12-25;30.5;21.4;
1961-12-26;26.4;20.3;
1961-12-27;26.6;21.1;
1961-12-28;27;21.6;
1961-12-29;29.2;21;
1961-12-30;26.8;21.2;
1961-12-31;25.8;20.2;
1962-01-01;26;18.2;
1962-01-02;26.2;19.9;
1962-01-03;29.2;21.6;
1962-01-04;26.8;21;
1962-01-05;27.6;20.8;
1962-01-06;27.6;21.8;
1962-01-07;27.4;22.2;
1962-01-08;27;22.6;
1962-01-09;26.1;21.6;
1962-01-10;28;21.7;
1962-01-11;27.4;22.3;
1962-01-12;28;22.5;
1962-01-13;27;20.7;
1962-01-14;28;22.8;
1962-01-15;30.8;23.8;
1962-01-16;27.6;23.4;
1962-01-17;26;21.8;
1962-01-18;26.8;21.7;
1962-01-19;27.8;22.4;
1962-01-20;27.6;22.8;
1962-01-21;26.4;21.4;
1962-01-22;27.6;21.5;
1962-01-23;29.4;22.4;
1962-01-24;29.8;24.4;
1962-01-25;30.6;24.2;
1962-01-26;30.6;24;
1962-01-27;27.2;22.4;
1962-01-28;27.8;23.3;
1962-01-29;27.4;22.6;
1962-01-30;28;23.4;
1962-01-31;27.6;22.6;
1962-02-01;27.4;22.9;
1962-02-02;28.8;23.4;
1962-02-03;29.2;23.9;
1962-02-04;29.6;23.4;
1962-02-05;27.8;23.3;
1962-02-06;25;21.2;
1962-02-07;25;21.4;
1962-02-08;28.4;22.4;
1962-02-09;28;21.7;
1962-02-10;27.2;23.9;
1962-02-11;27;23.8;
1962-02-12;28.6;23.6;
1962-02-13;29.2;23;
1962-02-14;29.6;23.4;
1962-02-15;30.2;24.2;
1962-02-16;31.8;23.8;
1962-02-17;30.6;23.4;
1962-02-18;30.9;25;
1962-02-19;29;23.8;
1962-02-20;27.6;22;
1962-02-21;29;23.4;
1962-02-22;29.8;23.6;
1962-02-23;32.9;24.2;
1962-02-24;28.6;24.4;
1962-02-25;25;20;
1962-02-26;26.4;17.6;
1962-02-27;27.2;23.2;
1962-02-28;27.4;20.3;
1962-03-01;26.4;21.9;
1962-03-02;27;22.7;
1962-03-03;28.1;20.5;
1962-03-04;28;22.3;
1962-03-05;27.4;23;
1962-03-06;27.4;21.4;
1962-03-07;28.6;23.3;
1962-03-08;28.2;21.6;
1962-03-09;28.2;22;
1962-03-10;29.8;23.4;
1962-03-11;30.2;23.7;
1962-03-12;28.4;22.9;
1962-03-13;27.4;22.6;
1962-03-14;28.3;21.5;
1962-03-15;27.2;22.3;
1962-03-16;26.6;21.9;
1962-03-17;27;22.2;
1962-03-18;27;20.7;
1962-03-19;27.4;22.5;
1962-03-20;29.6;21.9;
1962-03-21;27.8;21.4;
1962-03-22;28.2;20.5;
1962-03-23;28.1;20.9;
1962-03-24;28.4;22.7;
1962-03-25;28.2;22.4;
1962-03-26;28.3;21.8;
1962-03-27;27.7;22.4;
1962-03-28;27.6;22.8;
1962-03-29;27.7;22.9;
1962-03-30;27.6;22.7;
1962-03-31;27.7;22.8;
1962-04-01;28.8;22.4;
1962-04-02;29.5;22.5;
1962-04-03;28.2;20.8;
1962-04-04;25.8;22.6;
1962-04-05;26;16.8;
1962-04-06;26.2;18.7;
1962-04-07;26.6;17.9;
1962-04-08;28;21.4;
1962-04-09;29.2;21.8;
1962-04-10;25.1;19.2;
1962-04-11;24.9;19.4;
1962-04-12;25.7;19.4;
1962-04-13;26.6;20.2;
1962-04-14;27.6;19;
1962-04-15;26.8;18.4;
1962-04-16;27.2;21.2;
1962-04-17;27.4;20.4;
1962-04-18;26;22.4;
1962-04-19;25.9;21.6;
1962-04-20;25;19.8;
1962-04-21;24.9;18.8;
1962-04-22;25;19.8;
1962-04-23;27.8;19.7;
1962-04-24;27.8;21;
1962-04-25;26;19.4;
1962-04-26;27;21.4;
1962-04-27;25.6;20.4;
1962-04-28;25.8;20.2;
1962-04-29;24.2;19.1;
1962-04-30;23.2;21.2;
1962-05-01;26.2;19.1;
1962-05-02;27.9;22.5;
1962-05-03;27.4;21.7;
1962-05-04;24.5;19.1;
1962-05-05;24.2;17.4;
1962-05-06;24.8;16.2;
1962-05-07;24.4;17.8;
1962-05-08;21.6;16;
1962-05-09;22.2;15.4;
1962-05-10;22.8;15.7;
1962-05-11;23.8;16;
1962-05-12;24.8;17.8;
1962-05-13;24;17;
1962-05-14;23.4;18.5;
1962-05-15;24.5;15.8;
1962-05-16;27;20.1;
1962-05-17;28;20.3;
1962-05-18;27.7;19.7;
1962-05-19;25.1;21.4;
1962-05-20;25.6;21.6;
1962-05-21;26;21.4;
1962-05-22;26.2;21.6;
1962-05-23;27.3;21.7;
1962-05-24;25.5;20.2;
1962-05-25;24.6;18.7;
1962-05-26;23.8;17.2;
1962-05-27;24.6;18;
1962-05-28;26.8;21.4;
1962-05-29;23.6;19;
1962-05-30;20;15.7;
1962-05-31;21.1;13.9;
1962-06-01;22;13.3;
1962-06-02;23.7;16.9;
1962-06-03;26.7;18.9;
1962-06-04;22.6;16.2;
1962-06-05;22.8;15.9;
1962-06-06;22.7;17.2;
1962-06-07;24.3;19.1;
1962-06-08;23.6;17.8;
1962-06-09;23.4;18.8;
1962-06-10;25;16;
1962-06-11;21.6;17.3;
1962-06-12;21.8;15;
1962-06-13;22.7;16.2;
1962-06-14;19.8;15.4;
1962-06-15;20.8;15.2;
1962-06-16;19.9;14.6;
1962-06-17;21.5;15;
1962-06-18;22;11.6;
1962-06-19;22.4;16.8;
1962-06-20;24.2;17.4;
1962-06-21;26.2;18.8;
1962-06-22;24.4;13.8;
1962-06-23;22.4;17.4;
1962-06-24;20.6;16.2;
1962-06-25;22.2;16.8;
1962-06-26;22.6;17.2;
1962-06-27;23.2;17.6;
1962-06-28;23.7;17.2;
1962-06-29;24.2;19;
1962-06-30;25.3;17.4;
1962-07-01;26.4;18.1;
1962-07-02;24;18.4;
1962-07-03;24;18.3;
1962-07-04;23.9;17.7;
1962-07-05;26.3;18.2;
1962-07-06;23.6;19.4;
1962-07-07;21.8;16.4;
1962-07-08;21.4;15;
1962-07-09;22;15.1;
1962-07-10;25.2;19;
1962-07-11;25.1;17.2;
1962-07-12;22.8;17.3;
1962-07-13;22.2;14.2;
1962-07-14;23.2;15.5;
1962-07-15;25.8;19.3;
1962-07-16;25.6;19.7;
1962-07-17;27;19.6;
1962-07-18;24.2;17.7;
1962-07-19;23.8;18;
1962-07-20;20.6;16.4;
1962-07-21;21.2;15;
1962-07-22;21.6;12.9;
1962-07-23;22.2;14.9;
1962-07-24;19.8;17;
1962-07-25;21.4;16.7;
1962-07-26;23.2;17.7;
1962-07-27;20.8;15.3;
1962-07-28;23;15.6;
1962-07-29;21.1;15.5;
1962-07-30;21.6;14.8;
1962-07-31;22.8;18;
1962-08-01;27.4;16.6;
1962-08-02;23.6;18.4;
1962-08-03;24.4;18.4;
1962-08-04;24.2;18.8;
1962-08-05;25;18.6;
1962-08-06;24.8;18.4;
1962-08-07;23;19.2;
1962-08-08;23.4;18.6;
1962-08-09;24.2;16.6;
1962-08-10;25.2;16.2;
1962-08-11;26.4;17.2;
1962-08-12;26;17.8;
1962-08-13;22.6;16.2;
1962-08-14;23.6;15.8;
1962-08-15;23.2;14.4;
1962-08-16;25;16.6;
1962-08-17;23.4;18;
1962-08-18;24;18;
1962-08-19;28;18;
1962-08-20;22;17.4;
1962-08-21;23.4;17.4;
1962-08-22;25.4;16.4;
1962-08-23;23.4;16.8;
1962-08-24;20.5;14.4;
1962-08-25;22.4;14;
1962-08-26;21.8;12.9;
1962-08-27;26.5;16.4;
1962-08-28;23.8;16.2;
1962-08-29;24.3;17;
1962-08-30;24.8;17.1;
1962-08-31;21.9;18;
1962-09-01;23.1;18.4;
1962-09-02;23;17.8;
1962-09-03;24.8;18.9;
1962-09-04;25.1;19.8;
1962-09-05;25.4;20.2;
1962-09-06;26.7;19.4;
1962-09-07;26.7;21;
1962-09-08;28.6;20;
1962-09-09;24;20.4;
1962-09-10;23.4;19.4;
1962-09-11;25.9;19.9;
1962-09-12;23.9;18.6;
1962-09-13;19.6;16.5;
1962-09-14;19.9;15.8;
1962-09-15;22.6;17.6;
1962-09-16;23.2;17;
1962-09-17;24.6;17.5;
1962-09-18;26.5;18.6;
1962-09-19;23.6;18.2;
1962-09-20;25.2;17.4;
1962-09-21;24.3;19.9;
1962-09-22;21.6;18.6;
1962-09-23;19.8;16.6;
1962-09-24;22.1;15.4;
1962-09-25;23.2;16.8;
1962-09-26;23;17;
1962-09-27;24.7;19.7;
1962-09-28;25.3;19.6;
1962-09-29;23.8;20.8;
1962-09-30;24.9;20.4;
1962-10-01;26.7;21.4;
1962-10-02;26.2;21.4;
1962-10-03;27.5;21.8;
1962-10-04;28.4;21.2;
1962-10-05;25.8;20.8;
1962-10-06;24;19.4;
1962-10-07;26.4;18;
1962-10-08;26.2;19.8;
1962-10-09;25.2;20.6;
1962-10-10;23.1;18.4;
1962-10-11;23.3;18.4;
1962-10-12;23;18;
1962-10-13;22.6;17.9;
1962-10-14;21.9;17.4;
1962-10-15;22.4;17.3;
1962-10-16;24.8;19.2;
1962-10-17;24.9;20.8;
1962-10-18;28.6;20.6;
1962-10-19;24.5;21.4;
1962-10-20;22.1;16.8;
1962-10-21;22.6;16.9;
1962-10-22;22.8;16;
1962-10-23;22.7;16.7;
1962-10-24;23.6;17.2;
1962-10-25;23.3;17.9;
1962-10-26;24;17.8;
1962-10-27;25;19.8;
1962-10-28;28.7;19.2;
1962-10-29;21.7;18.9;
1962-10-30;24.8;19.2;
1962-10-31;24.8;21.4;
1962-11-01;27.3;19.6;
1962-11-02;25.8;19.5;
1962-11-03;26.7;20.8;
1962-11-04;26.6;20.7;
1962-11-05;28;21.8;
1962-11-06;29.1;21.7;
1962-11-07;25.2;21.8;
1962-11-08;22.6;18.6;
1962-11-09;22.5;18.4;
1962-11-10;22.4;17.9;
1962-11-11;24.3;18.4;
1962-11-12;24.3;17.9;
1962-11-13;24;17.6;
1962-11-14;24.4;18.4;
1962-11-15;24.3;17.5;
1962-11-16;27.2;17.5;
1962-11-17;25.5;17.8;
1962-11-18;27.4;21.6;
1962-11-19;26.2;21.2;
1962-11-20;29.5;22.8;
1962-11-21;29.4;21.6;
1962-11-22;22.4;18.4;
1962-11-23;23.2;19.2;
1962-11-24;24.1;19.2;
1962-11-25;25.5;19;
1962-11-26;26.4;21.4;
1962-11-27;27.3;21;
1962-11-28;27.7;22;
1962-11-29;28.2;21.8;
1962-11-30;29;21.3;
1962-12-01;28.5;22.4;
1962-12-02;27.4;22.3;
1962-12-03;30.5;22.4;
1962-12-04;27.6;22;
1962-12-05;24.5;20.4;
1962-12-06;22.4;18.8;
1962-12-07;26.5;18.4;
1962-12-08;25.1;19.5;
1962-12-09;25.4;19.6;
1962-12-10;26.8;21.2;
1962-12-11;26.8;22.2;
1962-12-12;27.6;22.2;
1962-12-13;28.7;21.2;
1962-12-14;26.6;20.6;
1962-12-15;25.4;20.6;
1962-12-16;25.8;20.4;
1962-12-17;27.2;20.2;
1962-12-18;27.5;22.4;
1962-12-19;26;22.4;
1962-12-20;27.4;22.2;
1962-12-21;28.5;22.4;
1962-12-22;28.1;21;
1962-12-23;27;23.4;
1962-12-24;28;22;
1962-12-25;27.6;22.4;
1962-12-26;30.2;22.6;
1962-12-27;31.1;22.5;
1962-12-28;27.4;22.6;
1962-12-29;27.6;22.7;
1962-12-30;26.8;22.4;
1962-12-31;27.5;21.4;
1963-01-01;29.8;21.8;
1963-01-02;31.8;22.2;
1963-01-03;27.8;23;
1963-01-04;26.6;20.8;
1963-01-05;27;21;
1963-01-06;27.3;21.8;
1963-01-07;28.4;23.4;
1963-01-08;30.2;22.6;
1963-01-09;29.2;22;
1963-01-10;29.1;21.2;
1963-01-11;27.4;20.2;
1963-01-12;28.2;21.1;
1963-01-13;27.8;22.1;
1963-01-14;30.2;22;
1963-01-15;29.6;22.2;
1963-01-16;27.3;20.8;
1963-01-17;29.2;21.2;
1963-01-18;27.9;22;
1963-01-19;29.3;22.3;
1963-01-20;26.8;20.9;
1963-01-21;28;21.8;
1963-01-22;32.2;22.8;
1963-01-23;29.8;24.2;
1963-01-24;27;22.4;
1963-01-25;29;22.3;
1963-01-26;30.4;23.4;
1963-01-27;30.5;22.8;
1963-01-28;29.9;22.2;
1963-01-29;30;22;
1963-01-30;27.7;21.4;
1963-01-31;28.4;21.6;
1963-02-01;27.6;21.6;
1963-02-02;28;21.3;
1963-02-03;27.3;21.1;
1963-02-04;27.7;21.4;
1963-02-05;27.4;21.1;
1963-02-06;25.6;21.1;
1963-02-07;26.2;20.9;
1963-02-08;26.2;21.5;
1963-02-09;26.7;10.9;
1963-02-10;26.8;19.9;
1963-02-11;27.4;21.3;
1963-02-12;27.8;21.4;
1963-02-13;28.2;22.6;
1963-02-14;28.2;22.3;
1963-02-15;28.1;22.1;
1963-02-16;28;22.5;
1963-02-17;28.1;22.5;
1963-02-18;27.6;22.3;
1963-02-19;29.8;22.5;
1963-02-20;31.8;22.2;
1963-02-21;29.8;22.4;
1963-02-22;26.4;22.6;
1963-02-23;27;21;
1963-02-24;27.7;22.3;
1963-02-25;27.2;22.6;
1963-02-26;29;22.6;
1963-02-27;29;23.3;
1963-02-28;28;22.7;
1963-03-01;30.2;23.4;
1963-03-02;29.8;22.7;
1963-03-03;29.2;22.8;
1963-03-04;28.8;23.5;
1963-03-05;29;22.5;
1963-03-06;28.7;23.2;
1963-03-07;30.2;22.8;
1963-03-08;28.6;23.4;
1963-03-09;31.2;23.1;
1963-03-10;29.8;21.7;
1963-03-11;27.6;22;
1963-03-12;29.2;21.8;
1963-03-13;29.2;22.4;
1963-03-14;32.3;22.6;
1963-03-15;29.8;22.4;
1963-03-16;28.8;21.7;
1963-03-17;29.4;22.2;
1963-03-18;28.9;23.2;
1963-03-19;28.6;22.9;
1963-03-20;28.7;22.8;
1963-03-21;28.8;22.1;
1963-03-22;29.7;22.9;
1963-03-23;28.8;20.9;
1963-03-24;30.2;23.5;
1963-03-25;27.6;22.4;
1963-03-26;30.4;22.9;
1963-03-27;31.2;22.6;
1963-03-28;31.5;20.9;
1963-03-29;26.3;21.4;
1963-03-30;26.8;20.7;
1963-03-31;26.6;21.6;
1963-04-01;27.6;22.4;
1963-04-02;28.6;21.7;
1963-04-03;28.4;21.4;
1963-04-04;27.8;20.2;
1963-04-05;27.5;21.2;
1963-04-06;27.3;21.3;
1963-04-07;28.4;21.3;
1963-04-08;27.6;21.8;
1963-04-09;28.6;21.3;
1963-04-10;28.2;23.2;
1963-04-11;28.4;22;
1963-04-12;29.2;22.6;
1963-04-13;27.6;22;
1963-04-14;26.4;20.4;
1963-04-15;27;18.1;
1963-04-16;30;22.4;
1963-04-17;25.5;19.6;
1963-04-18;24.3;18.5;
1963-04-19;25.6;18;
1963-04-20;27;20.4;
1963-04-21;26;20.8;
1963-04-22;26.7;17.8;
1963-04-23;26.5;20.5;
1963-04-24;27.2;20.3;
1963-04-25;27;19.7;
1963-04-26;26.6;19;
1963-04-27;27.2;21;
1963-04-28;27.1;21.1;
1963-04-29;28.4;19.2;
1963-04-30;26.4;20.2;
1963-05-01;26.2;19.9;
1963-05-02;27.2;20.5;
1963-05-03;29;20.4;
1963-05-04;26.6;18.6;
1963-05-05;23.9;16.4;
1963-05-06;24;14.7;
1963-05-07;25;16;
1963-05-08;25.3;16.3;
1963-05-09;27.2;20.4;
1963-05-10;25.6;17.7;
1963-05-11;26.6;18.6;
1963-05-12;27.3;21.1;
1963-05-13;26.6;21.7;
1963-05-14;27.1;21.2;
1963-05-15;28.8;20.4;
1963-05-16;26.2;21.6;
1963-05-17;24.2;20.8;
1963-05-18;24.1;18.2;
1963-05-19;23.9;17.1;
1963-05-20;24.2;16;
1963-05-21;25.6;17.8;
1963-05-22;24.8;15;
1963-05-23;25.4;19.8;
1963-05-24;25.6;18.4;
1963-05-25;25.2;18.6;
1963-05-26;24.7;16.2;
1963-05-27;24.8;15.2;
1963-05-28;24.4;16.8;
1963-05-29;24.2;17.8;
1963-05-30;25;17.6;
1963-05-31;24.8;16;
1963-06-01;22.9;16.4;
1963-06-02;23.8;18.2;
1963-06-03;23.3;15.4;
1963-06-04;24;15.2;
1963-06-05;25.1;18.2;
1963-06-06;25.6;14.8;
1963-06-07;24.8;16;
1963-06-08;25.2;16.8;
1963-06-09;27;16.8;
1963-06-10;24.8;15.2;
1963-06-11;27.9;16.4;
1963-06-12;27.7;15.9;
1963-06-13;23.8;18.4;
1963-06-14;23.4;18.8;
1963-06-15;23;15.6;
1963-06-16;24.6;19.2;
1963-06-17;27;18.4;
1963-06-18;23.6;19.6;
1963-06-19;23.4;16.8;
1963-06-20;22;18.4;
1963-06-21;22.6;16.8;
1963-06-22;20.6;14.4;
1963-06-23;23.2;13.6;
1963-06-24;23.4;17;
1963-06-25;23.3;16.2;
1963-06-26;23.2;19.2;
1963-06-27;24.4;18;
1963-06-28;24.6;18.8;
1963-06-29;24.7;18.6;
1963-06-30;25;19.6;
1963-07-01;24.5;18.4;
1963-07-02;24.6;18.4;
1963-07-03;24.3;15.4;
1963-07-04;23.4;15.2;
1963-07-05;22;16.8;
1963-07-06;22;17.4;
1963-07-07;22.4;14.3;
1963-07-08;23.6;17.1;
1963-07-09;23.3;17.4;
1963-07-10;24.9;17.6;
1963-07-11;24.6;16.4;
1963-07-12;25.3;17.3;
1963-07-13;27.4;14.2;
1963-07-14;24.2;16;
1963-07-15;24;18.7;
1963-07-16;26;18.4;
1963-07-17;23.8;19.7;
1963-07-18;23.4;19.4;
1963-07-19;23.2;18.8;
1963-07-20;25;19.6;
1963-07-21;28.1;19.8;
1963-07-22;33.8;19.6;
1963-07-23;22.3;17.5;
1963-07-24;20.2;16.3;
1963-07-25;22.3;17.7;
1963-07-26;23.2;15.4;
1963-07-27;22.6;15.5;
1963-07-28;23;16;
1963-07-29;24.6;18.8;
1963-07-30;24.7;18.2;
1963-07-31;24.9;18.3;
1963-08-01;26.8;16.8;
1963-08-02;24.3;14.1;
1963-08-03;23.6;14.4;
1963-08-04;25.9;18;
1963-08-05;23.5;17.6;
1963-08-06;18.7;14;
1963-08-07;21;13.6;
1963-08-08;22.1;14.2;
1963-08-09;24.3;16.4;
1963-08-10;25.2;16.4;
1963-08-11;24.6;17.4;
1963-08-12;29.6;17.8;
1963-08-13;24.7;19.4;
1963-08-14;24.2;18;
1963-08-15;26.9;18.4;
1963-08-16;22.2;18;
1963-08-17;20.6;16.8;
1963-08-18;20.6;15;
1963-08-19;22.1;15.4;
1963-08-20;24.4;17.4;
1963-08-21;24.6;18.4;
1963-08-22;25.7;18.4;
1963-08-23;26.8;18.4;
1963-08-24;22.1;15.2;
1963-08-25;26;18.1;
1963-08-26;23.9;19.4;
1963-08-27;23;18.6;
1963-08-28;23.2;16.7;
1963-08-29;26;17.4;
1963-08-30;26.7;16.8;
1963-08-31;23.6;18.2;
1963-09-01;24.3;19.8;
1963-09-02;27.2;19.5;
1963-09-03;25.4;19.4;
1963-09-04;24.8;19.9;
1963-09-05;28.8;19.6;
1963-09-06;25.6;20.4;
1963-09-07;26.4;19.4;
1963-09-08;24.8;18.8;
1963-09-09;24.6;18;
1963-09-10;24.2;18.8;
1963-09-11;24;17.8;
1963-09-12;24.1;18.9;
1963-09-13;24.3;17.9;
1963-09-14;24.2;19.5;
1963-09-15;22.8;19.6;
1963-09-16;23.6;19.8;
1963-09-17;23.8;18.1;
1963-09-18;23.1;14.2;
1963-09-19;23.8;15.4;
1963-09-20;25.7;18.1;
1963-09-21;25.4;18.6;
1963-09-22;24.4;17.5;
1963-09-23;24.8;18.6;
1963-09-24;24.8;18;
1963-09-25;24.5;19.6;
1963-09-26;27.6;20.2;
1963-09-27;24.4;18.2;
1963-09-28;25.6;19.6;
1963-09-29;25.4;18.4;
1963-09-30;23;19.4;
1963-10-01;22.4;18.7;
1963-10-02;21.4;18.4;
1963-10-03;22.7;18.4;
1963-10-04;25.6;19;
1963-10-05;24;20;
1963-10-06;24.5;19.8;
1963-10-07;24.2;20.2;
1963-10-08;24.4;19.6;
1963-10-09;26.2;20.4;
1963-10-10;25.1;19.2;
1963-10-11;25.2;20.5;
1963-10-12;26.2;20.7;
1963-10-13;25.6;20.3;
1963-10-14;27;20.7;
1963-10-15;26.4;20.6;
1963-10-16;27.5;20.6;
1963-10-17;25.8;21.6;
1963-10-18;28.9;21.6;
1963-10-19;27.6;21.4;
1963-10-20;23.8;18.7;
1963-10-21;26.4;20.8;
1963-10-22;24.6;20.8;
1963-10-23;22.1;19.6;
1963-10-24;22.5;19.3;
1963-10-25;23.8;19.5;
1963-10-26;25.4;19.9;
1963-10-27;29.4;21.4;
1963-10-28;29.2;20.7;
1963-10-29;26.6;20.4;
1963-10-30;24.6;20.2;
1963-10-31;25.5;20.3;
1963-11-01;32;21.2;
1963-11-02;23.9;21;
1963-11-03;23.4;19.4;
1963-11-04;24.2;19.3;
1963-11-05;25.6;20.2;
1963-11-06;28.4;21.7;
1963-11-07;27.6;20.8;
1963-11-08;30;22;
1963-11-09;27.3;21.7;
1963-11-10;26.3;21.6;
1963-11-11;26.6;21.6;
1963-11-12;26.2;20.1;
1963-11-13;26.3;20.7;
1963-11-14;27.4;22;
1963-11-15;26.4;20.6;
1963-11-16;26.2;17.4;
1963-11-17;25.2;19.2;
1963-11-18;26;21.2;
1963-11-19;28.2;22.1;
1963-11-20;29.9;21.6;
1963-11-21;26.4;18.3;
1963-11-22;23;18.7;
1963-11-23;25.6;20;
1963-11-24;26;21.6;
1963-11-25;27.4;22.2;
1963-11-26;31.2;22.4;
1963-11-27;30;22.6;
1963-11-28;27.6;21.8;
1963-11-29;28;22.6;
1963-11-30;27;22;
1963-12-01;26.8;21.7;
1963-12-02;27.4;22.4;
1963-12-03;27;20.2;
1963-12-04;27;22.2;
1963-12-05;30.9;21.2;
1963-12-06;29.8;21.7;
1963-12-07;28.7;21.7;
1963-12-08;29.1;21.8;
1963-12-09;28.6;21.9;
1963-12-10;26.8;22.4;
1963-12-11;26.7;22;
1963-12-12;31.6;22.1;
1963-12-13;28.2;22.2;
1963-12-14;24.8;21.6;
1963-12-15;25.4;21.4;
1963-12-16;26;18.7;
1963-12-17;26;20.2;
1963-12-18;27;21.7;
1963-12-19;26.4;22.2;
1963-12-20;23.4;18.4;
1963-12-21;24.4;17.8;
1963-12-22;23.2;17.4;
1963-12-23;24.4;18.2;
1963-12-24;24.7;18.2;
1963-12-25;24.7;16.8;
1963-12-26;22.2;16.8;
1963-12-27;23.8;18.3;
1963-12-28;25.2;18.4;
1963-12-29;25.9;20.8;
1963-12-30;28.8;19.2;
1963-12-31;28.6;21.4;
1964-01-01;30;22.2;
1964-01-02;28.4;23.4;
1964-01-03;26.9;21.6;
1964-01-04;26.1;20.8;
1964-01-05;24.9;20.4;
1964-01-06;26.4;20.8;
1964-01-07;28.7;22.8;
1964-01-08;28.6;22.8;
1964-01-09;28.8;23;
1964-01-10;26.9;21.8;
1964-01-11;25.9;20.8;
1964-01-12;26.3;19.5;
1964-01-13;26.9;22;
1964-01-14;26.5;22.6;
1964-01-15;26.8;20.9;
1964-01-16;26.5;20.9;
1964-01-17;28.5;21.4;
1964-01-18;27.2;22;
1964-01-19;25;20.5;
1964-01-20;25.2;20;
1964-01-21;26.4;19.9;
1964-01-22;26.8;21.4;
1964-01-23;26;22;
1964-01-24;26.6;20;
1964-01-25;24.8;21.9;
1964-01-26;25.8;21.2;
1964-01-27;28.2;22.1;
1964-01-28;28.6;20.4;
1964-01-29;27.6;20.4;
1964-01-30;26.9;21;
1964-01-31;28.2;22.6;
1964-02-01;28.1;22.4;
1964-02-02;30.2;22.4;
1964-02-03;29.2;22.6;
1964-02-04;26;22.6;
1964-02-05;26.4;18.4;
1964-02-06;26.9;19.8;
1964-02-07;27;20.7;
1964-02-08;27.4;22.6;
1964-02-09;28.2;23.2;
1964-02-10;28;22.4;
1964-02-11;30.1;23.7;
1964-02-12;28.4;23.4;
1964-02-13;28;23.4;
1964-02-14;27;22.3;
1964-02-15;33.3;22;
1964-02-16;31.9;23.2;
1964-02-17;32;23.2;
1964-02-18;31.2;23.2;
1964-02-19;29;24.4;
1964-02-20;26.9;21.8;
1964-02-21;22.8;18.8;
1964-02-22;24.8;19.2;
1964-02-23;25.4;20.4;
1964-02-24;24.6;20.7;
1964-02-25;27.2;20.5;
1964-02-26;26.4;21.8;
1964-02-27;27;21.8;
1964-02-28;26.8;21.4;
1964-02-29;28.2;22.7;
1964-03-01;28.4;22.4;
1964-03-02;28;23.4;
1964-03-03;28.2;22.7;
1964-03-04;27.9;22;
1964-03-05;28;23;
1964-03-06;28.6;22.9;
1964-03-07;28;21.4;
1964-03-08;26.5;20.8;
1964-03-09;27.4;21.7;
1964-03-10;27.1;20.6;
1964-03-11;27.4;20.9;
1964-03-12;29.2;22.7;
1964-03-13;28.3;23;
1964-03-14;31;22.8;
1964-03-15;28.6;23;
1964-03-16;25.2;20.4;
1964-03-17;24.6;19;
1964-03-18;25.1;17.7;
1964-03-19;26.6;20.4;
1964-03-20;26.4;20.4;
1964-03-21;25.7;19.1;
1964-03-22;26.3;19.3;
1964-03-23;26.8;18.7;
1964-03-24;31;21;
1964-03-25;29.8;22.1;
1964-03-26;29.2;22;
1964-03-27;28.8;22.4;
1964-03-28;29.1;22.4;
1964-03-29;30;22.4;
1964-03-30;25.6;22.2;
1964-03-31;25.2;21.8;
1964-04-01;23.4;20.4;
1964-04-02;25;20.4;
1964-04-03;25;20.4;
1964-04-04;25.5;18;
1964-04-05;26.2;21.7;
1964-04-06;25.8;21.8;
1964-04-07;26.4;18.8;
1964-04-08;25.3;20.6;
1964-04-09;26.6;21.6;
1964-04-10;26.2;21.2;
1964-04-11;26.9;22;
1964-04-12;26.3;21.8;
1964-04-13;28.8;22.4;
1964-04-14;27.6;21.6;
1964-04-15;26.8;21.4;
1964-04-16;26.4;22.2;
1964-04-17;29.5;22.6;
1964-04-18;27;21.8;
1964-04-19;28.8;22.7;
1964-04-20;27.5;21.8;
1964-04-21;26.8;22.5;
1964-04-22;26.4;22.1;
1964-04-23;28.2;22;
1964-04-24;30.4;21.6;
1964-04-25;26.1;21.6;
1964-04-26;25.4;20.6;
1964-04-27;26.8;22;
1964-04-28;25.5;20;
1964-04-29;25;20.4;
1964-04-30;25.2;18.3;
1964-05-01;25;20.8;
1964-05-02;24.8;19;
1964-05-03;23.2;18;
1964-05-04;23.1;16;
1964-05-05;23.6;19;
1964-05-06;22.8;19.6;
1964-05-07;24.9;18.6;
1964-05-08;24.6;18.4;
1964-05-09;25;17.6;
1964-05-10;24.7;19;
1964-05-11;25.2;20.4;
1964-05-12;24.4;19;
1964-05-13;27.4;18;
1964-05-14;24.4;20.2;
1964-05-15;23.1;18.4;
1964-05-16;24.4;17.6;
1964-05-17;23.4;18.2;
1964-05-18;24.4;17.8;
1964-05-19;25.2;18.4;
1964-05-20;24.9;18.6;
1964-05-21;27.2;21.3;
1964-05-22;25.6;19.6;
1964-05-23;26.3;21.2;
1964-05-24;24.7;20.2;
1964-05-25;24.2;16.6;
1964-05-26;24.2;16.7;
1964-05-27;24.5;16.8;
1964-05-28;23.9;15;
1964-05-29;23.4;17.2;
1964-05-30;21.2;16.4;
1964-05-31;22.1;16.7;
1964-06-01;22.6;15;
1964-06-02;22.3;16.6;
1964-06-03;24.3;15.4;
1964-06-04;24.4;19.2;
1964-06-05;26.8;18.2;
1964-06-06;22;16.4;
1964-06-07;23.1;15.4;
1964-06-08;22.8;15.7;
1964-06-09;24.8;18.4;
1964-06-10;25.2;18.9;
1964-06-11;26.4;19;
1964-06-12;25.1;19.8;
1964-06-13;23.4;20.1;
1964-06-14;22.8;19.8;
1964-06-15;23.8;19;
1964-06-16;25.2;17.9;
1964-06-17;21.9;17.6;
1964-06-18;21.4;17.1;
1964-06-19;23.8;16;
1964-06-20;24;18;
1964-06-21;24.4;16.4;
1964-06-22;24;17.3;
1964-06-23;26.6;19.4;
1964-06-24;27.4;16.6;
1964-06-25;28.2;15.4;
1964-06-26;21;17.8;
1964-06-27;20;16.4;
1964-06-28;24.1;17;
1964-06-29;21;16.2;
1964-06-30;20.4;15;
1964-07-01;22.9;14;
1964-07-02;22.4;17.6;
1964-07-03;22.2;17.2;
1964-07-04;21.9;17.8;
1964-07-05;19.4;16.6;
1964-07-06;21.4;16;
1964-07-07;21.8;15.6;
1964-07-08;22.8;17.6;
1964-07-09;23.2;15.6;
1964-07-10;21.7;17;
1964-07-11;22.3;18.4;
1964-07-12;23.2;18.8;
1964-07-13;23.3;18.2;
1964-07-14;22.9;15.2;
1964-07-15;23.3;17.4;
1964-07-16;26.6;17.6;
1964-07-17;22;17.4;
1964-07-18;21.4;16.4;
1964-07-19;20.4;15.6;
1964-07-20;18.7;14.4;
1964-07-21;21.1;15.3;
1964-07-22;20.9;15.3;
1964-07-23;21.3;13.8;
1964-07-24;21;17.4;
1964-07-25;23.4;17.8;
1964-07-26;22.3;18.3;
1964-07-27;19;15.2;
1964-07-28;20;13;
1964-07-29;20.2;14.4;
1964-07-30;22;13.3;
1964-07-31;22.5;16.4;
1964-08-01;23.3;16.4;
1964-08-02;24.4;18;
1964-08-03;23;17.4;
1964-08-04;21.4;17.2;
1964-08-05;21.6;16.2;
1964-08-06;22.1;15.2;
1964-08-07;22.6;16;
1964-08-08;24.8;17.4;
1964-08-09;23.1;17.8;
1964-08-10;20.9;16.4;
1964-08-11;22.2;17.4;
1964-08-12;23.2;17.8;
1964-08-13;23.3;18.4;
1964-08-14;22.8;17.2;
1964-08-15;24;18.2;
1964-08-16;24.5;17;
1964-08-17;23.8;19.4;
1964-08-18;23.9;19.6;
1964-08-19;25.9;19.6;
1964-08-20;25.1;19;
1964-08-21;22.5;19.1;
1964-08-22;26.2;19.1;
1964-08-23;23;17.6;
1964-08-24;22.3;15.2;
1964-08-25;25.5;18.4;
1964-08-26;24.4;18.6;
1964-08-27;24.6;16.4;
1964-08-28;25.7;19.4;
1964-08-29;25.1;18;
1964-08-30;24.4;19.6;
1964-08-31;24.2;18.4;
1964-09-01;25.9;19.9;
1964-09-02;22.9;17.9;
1964-09-03;19.4;15;
1964-09-04;19.2;14.4;
1964-09-05;22.2;13.2;
1964-09-06;24.4;17.4;
1964-09-07;23.1;18.6;
1964-09-08;25.4;19;
1964-09-09;25.6;19.2;
1964-09-10;25.4;19;
1964-09-11;24;19.4;
1964-09-12;20.9;16.8;
1964-09-13;20.8;16.4;
1964-09-14;22.6;14.4;
1964-09-15;23.6;18.8;
1964-09-16;24.2;19.2;
1964-09-17;27;19.8;
1964-09-18;23.8;19.4;
1964-09-19;24.8;19.6;
1964-09-20;25.3;19.2;
1964-09-21;25.6;19.4;
1964-09-22;25.3;19.4;
1964-09-23;24.9;19.8;
1964-09-24;24.8;19.6;
1964-09-25;24.6;20;
1964-09-26;24.3;19.8;
1964-09-27;24;19.4;
1964-09-28;24;19.3;
1964-09-29;25.6;20;
1964-09-30;24.6;19.4;
1964-10-01;25.8;20.2;
1964-10-02;23.8;19.2;
1964-10-03;21.2;17;
1964-10-04;20.7;16.8;
1964-10-05;20.2;17.1;
1964-10-06;21.2;17.4;
1964-10-07;22.3;17.8;
1964-10-08;21.4;19;
1964-10-09;22.4;18.9;
1964-10-10;23.6;19;
1964-10-11;23.9;19.4;
1964-10-12;23.7;17.8;
1964-10-13;24.2;19.2;
1964-10-14;23.6;17.8;
1964-10-15;23.3;18.2;
1964-10-16;24;18;
1964-10-17;24.4;17.2;
1964-10-18;24.3;17;
1964-10-19;24.2;20.4;
1964-10-20;24.1;20.3;
1964-10-21;28.7;21.1;
1964-10-22;28;21.8;
1964-10-23;23.9;20.5;
1964-10-24;23.6;20.2;
1964-10-25;24.7;19.9;
1964-10-26;26.2;20.2;
1964-10-27;28;20.6;
1964-10-28;23.9;20.4;
1964-10-29;27;20;
1964-10-30;31;21.4;
1964-10-31;26.4;20.6;
1964-11-01;24;19;
1964-11-02;21;17.6;
1964-11-03;22.2;16.8;
1964-11-04;23.8;17.8;
1964-11-05;26;20.2;
1964-11-06;28.4;20.5;
1964-11-07;24.2;19.3;
1964-11-08;25.2;16.2;
1964-11-09;25.2;19.2;
1964-11-10;24.8;18.6;
1964-11-11;22.6;17.2;
1964-11-12;21.9;15.6;
1964-11-13;23.5;16.3;
1964-11-14;26.6;19.6;
1964-11-15;25.9;21.1;
1964-11-16;28.6;20.6;
1964-11-17;24.9;20.3;
1964-11-18;25.6;20.3;
1964-11-19;24.6;21.2;
1964-11-20;25.6;21;
1964-11-21;23.9;21.8;
1964-11-22;24.6;20.8;
1964-11-23;24.2;19.6;
1964-11-24;24.1;17.4;
1964-11-25;24.4;15.7;
1964-11-26;24.2;18.9;
1964-11-27;24.6;18.8;
1964-11-28;26.9;19.6;
1964-11-29;28.6;20.2;
1964-11-30;26.8;18.3;
1964-12-01;27;21.2;
1964-12-02;26.7;21.8;
1964-12-03;30.6;22.8;
1964-12-04;25.4;18.2;
1964-12-05;23.1;18;
1964-12-06;24.2;18.9;
1964-12-07;24.8;19.7;
1964-12-08;25.6;20.8;
1964-12-09;25.4;20;
1964-12-10;27.2;18.1;
1964-12-11;28.3;22.2;
1964-12-12;32.7;22.6;
1964-12-13;31.7;23.6;
1964-12-14;25.6;17.6;
1964-12-15;22.6;17.4;
1964-12-16;26.8;20.6;
1964-12-17;29.5;21.4;
1964-12-18;25.1;20.4;
1964-12-19;23.8;20.3;
1964-12-20;25.1;19.2;
1964-12-21;26.1;21.6;
1964-12-22;26.7;22.2;
1964-12-23;26.9;22.3;
1964-12-24;28.4;22.4;
1964-12-25;28.4;22.2;
1964-12-26;30.8;23.4;
1964-12-27;26.7;22.8;
1964-12-28;27;22.4;
1964-12-29;30.3;23.6;
1964-12-30;28.2;20.6;
1964-12-31;25.2;20;
1965-01-01;25.3;21.2;
1965-01-02;27;22.6;
1965-01-03;31.2;22.8;
1965-01-04;29.3;23.5;
1965-01-05;24.4;20.8;
1965-01-06;24.2;19.3;
1965-01-07;25.4;19.6;
1965-01-08;29.6;21.8;
1965-01-09;26;19.2;
1965-01-10;19.8;17.4;
1965-01-11;25.4;18.4;
1965-01-12;27.1;22.1;
1965-01-13;26.4;21.4;
1965-01-14;26.6;21.7;
1965-01-15;26.4;22.1;
1965-01-16;26.8;21.8;
1965-01-17;28.2;21.9;
1965-01-18;29.6;21.9;
1965-01-19;26.4;21;
1965-01-20;24.8;20.4;
1965-01-21;24.6;20.6;
1965-01-22;26.8;20.7;
1965-01-23;28.6;21.6;
1965-01-24;28.2;22.4;
1965-01-25;26.8;21.6;
1965-01-26;27.6;21.5;
1965-01-27;28.4;22;
1965-01-28;28;22.3;
1965-01-29;28.7;22.7;
1965-01-30;29;21.8;
1965-01-31;30.6;22.7;
1965-02-01;31.6;22.2;
1965-02-02;29;23.1;
1965-02-03;28.3;23;
1965-02-04;28.9;23.6;
1965-02-05;29.8;23.2;
1965-02-06;26.6;22;
1965-02-07;28.6;21;
1965-02-08;28.6;22.8;
1965-02-09;28;23.2;
1965-02-10;28.1;22.4;
1965-02-11;25;20.9;
1965-02-12;27.2;21.5;
1965-02-13;31.3;21.5;
1965-02-14;32;24.4;
1965-02-15;29.4;24;
1965-02-16;28.4;23.4;
1965-02-17;29.8;23.4;
1965-02-18;26.5;22.4;
1965-02-19;27.2;22.5;
1965-02-20;26.7;19.6;
1965-02-21;25.6;22.2;
1965-02-22;28.3;22.8;
1965-02-23;30;23.4;
1965-02-24;30.5;22.2;
1965-02-25;28.8;22.2;
1965-02-26;30.9;23.1;
1965-02-27;31;23.2;
1965-02-28;35;22.8;
1965-03-01;30.2;24.2;
1965-03-02;31;23;
1965-03-03;30.1;21.6;
1965-03-04;25.8;22.2;
1965-03-05;26.4;20.7;
1965-03-06;27.7;22.4;
1965-03-07;27.4;22.8;
1965-03-08;29.4;22.8;
1965-03-09;29.6;22.9;
1965-03-10;31;23.2;
1965-03-11;25.6;21.9;
1965-03-12;24.7;21.6;
1965-03-13;26.2;20.2;
1965-03-14;25.5;18;
1965-03-15;27;21;
1965-03-16;27;17.6;
1965-03-17;28.2;22.7;
1965-03-18;31.6;24.1;
1965-03-19;31;22.4;
1965-03-20;26.8;20.4;
1965-03-21;26.6;21.4;
1965-03-22;27;21.4;
1965-03-23;26.1;20;
1965-03-24;30.1;20.8;
1965-03-25;28.9;23.2;
1965-03-26;26.9;23.6;
1965-03-27;27.7;22.6;
1965-03-28;28.2;22.3;
1965-03-29;28.3;21.2;
1965-03-30;28.3;20.3;
1965-03-31;27.9;21;
1965-04-01;27.4;21.2;
1965-04-02;27.3;20.2;
1965-04-03;27.6;21.4;
1965-04-04;27.4;18.2;
1965-04-05;27.3;20.8;
1965-04-06;25.1;20.1;
1965-04-07;27.3;21;
1965-04-08;26.6;23;
1965-04-09;27.8;22.8;
1965-04-10;30;22.8;
1965-04-11;28.8;20.7;
1965-04-12;28.1;21.3;
1965-04-13;29;21;
1965-04-14;28;21.7;
1965-04-15;27.4;21.8;
1965-04-16;27.2;20;
1965-04-17;27;19.4;
1965-04-18;28.2;21.8;
1965-04-19;27.6;21.8;
1965-04-20;26.2;22.3;
1965-04-21;28.2;20.2;
1965-04-22;26;21.4;
1965-04-23;25.7;17.8;
1965-04-24;27.2;20.1;
1965-04-25;28.2;20.6;
1965-04-26;29.4;19.6;
1965-04-27;25.4;22;
1965-04-28;26;21.4;
1965-04-29;26.1;21.4;
1965-04-30;25.3;22.3;
1965-05-01;24.8;20.2;
1965-05-02;26.9;22;
1965-05-03;26.4;20.2;
1965-05-04;25.6;20.1;
1965-05-05;25;18.4;
1965-05-06;26.4;21.2;
1965-05-07;28.6;21.6;
1965-05-08;26.6;21.6;
1965-05-09;26.6;20.4;
1965-05-10;29.4;22.4;
1965-05-11;26.8;22.2;
1965-05-12;24.9;21.6;
1965-05-13;26.8;20.8;
1965-05-14;29.9;21.2;
1965-05-15;26.8;23;
1965-05-16;24.2;21.2;
1965-05-17;23.6;19;
1965-05-18;21.6;18.4;
1965-05-19;21.8;18.4;
1965-05-20;21.8;17.6;
1965-05-21;25.1;18.4;
1965-05-22;26;18.1;
1965-05-23;23.6;19.8;
1965-05-24;22.7;18.7;
1965-05-25;23.2;16.2;
1965-05-26;24.4;20;
1965-05-27;25.6;15.4;
1965-05-28;24.9;15.1;
1965-05-29;25.3;16.2;
1965-05-30;25.6;19.7;
1965-05-31;25.7;20.2;
1965-06-01;26.1;20.7;
1965-06-02;26.2;21;
1965-06-03;25.8;20.4;
1965-06-04;27.1;19.8;
1965-06-05;24;18.9;
1965-06-06;24.1;20;
1965-06-07;24;16.8;
1965-06-08;25;18.5;
1965-06-09;26.6;21.2;
1965-06-10;26.1;20.4;
1965-06-11;26.2;17.4;
1965-06-12;24.6;20.6;
1965-06-13;24.3;20;
1965-06-14;25.4;21.2;
1965-06-15;24.5;20.7;
1965-06-16;24.9;19.6;
1965-06-17;25;18;
1965-06-18;25.2;18.3;
1965-06-19;24.4;17.2;
1965-06-20;24.4;16.4;
1965-06-21;24.8;15.6;
1965-06-22;24.9;18.4;
1965-06-23;25;19.5;
1965-06-24;25;20.2;
1965-06-25;25.6;20.3;
1965-06-26;25.6;19;
1965-06-27;24.7;17.9;
1965-06-28;24.8;18.4;
1965-06-29;25.2;20.2;
1965-06-30;26.6;20.5;
1965-07-01;26.6;19.4;
1965-07-02;26;17.4;
1965-07-03;26.8;20.4;
1965-07-04;25;19.6;
1965-07-05;26.6;18.2;
1965-07-06;23.8;19.2;
1965-07-07;20.5;18;
1965-07-08;21.4;18.7;
1965-07-09;23.8;16.7;
1965-07-10;24.7;19.3;
1965-07-11;21.4;16.8;
1965-07-12;21.4;15.2;
1965-07-13;23.4;16.4;
1965-07-14;26.8;18.2;
1965-07-15;26.6;18.6;
1965-07-16;22.4;18.4;
1965-07-17;22.8;16.4;
1965-07-18;23.6;18.9;
1965-07-19;25.2;19.4;
1965-07-20;27.6;19;
1965-07-21;24.4;18.8;
1965-07-22;21.6;17.4;
1965-07-23;22.6;17.7;
1965-07-24;23.1;17;
1965-07-25;22.8;15.2;
1965-07-26;23.2;16.4;
1965-07-27;23.4;17.4;
1965-07-28;24.4;18.3;
1965-07-29;24.7;19.1;
1965-07-30;24.1;18.1;
1965-07-31;24;20.2;
1965-08-01;25.7;20.1;
1965-08-02;24.7;18;
1965-08-03;27.2;20.2;
1965-08-04;24.8;18.8;
1965-08-05;22.3;17.4;
1965-08-06;23.4;16.8;
1965-08-07;23.4;17.8;
1965-08-08;23.7;19;
1965-08-09;23.9;17.8;
1965-08-10;24;18.6;
1965-08-11;24.1;19;
1965-08-12;26.1;17.8;
1965-08-13;25.2;18;
1965-08-14;26.4;19.4;
1965-08-15;25.2;18.4;
1965-08-16;26.2;19.2;
1965-08-17;27.3;20;
1965-08-18;26.3;20.2;
1965-08-19;26.4;19.8;
1965-08-20;25.1;20.1;
1965-08-21;21.9;17.4;
1965-08-22;22.4;17.2;
1965-08-23;23.1;18.4;
1965-08-24;23.6;15.8;
1965-08-25;24.6;17.8;
1965-08-26;24.4;19.6;
1965-08-27;25.8;19.6;
1965-08-28;26.8;18.3;
1965-08-29;25.1;18.2;
1965-08-30;27.2;19;
1965-08-31;23.2;20.5;
1965-09-01;23.8;20;
1965-09-02;27.6;20.2;
1965-09-03;24.6;20.3;
1965-09-04;28.2;19.8;
1965-09-05;24.6;20.6;
1965-09-06;26.8;20;
1965-09-07;24.2;21.4;
1965-09-08;25.6;20.4;
1965-09-09;25.3;21.2;
1965-09-10;26.7;21.1;
1965-09-11;29;20.2;
1965-09-12;23.6;20.2;
1965-09-13;23.4;19.4;
1965-09-14;25.4;19.6;
1965-09-15;26.2;19.6;
1965-09-16;25.6;19.4;
1965-09-17;25.4;20.7;
1965-09-18;25.4;20.7;
1965-09-19;26.8;21.2;
1965-09-20;25.4;19.8;
1965-09-21;23.3;18.8;
1965-09-22;24;18.2;
1965-09-23;24.6;17;
1965-09-24;25.7;20.4;
1965-09-25;28.2;21;
1965-09-26;27.2;20.8;
1965-09-27;22.9;20.2;
1965-09-28;25;18.7;
1965-09-29;24.8;16;
1965-09-30;25.7;19.6;
1965-10-01;25.1;21;
1965-10-02;22.4;16.4;
1965-10-03;22.3;16;
1965-10-04;23.9;17.2;
1965-10-05;25.7;16.7;
1965-10-06;25.9;20.2;
1965-10-07;25.6;20.6;
1965-10-08;27.2;21.2;
1965-10-09;28;21.8;
1965-10-10;25.2;22;
1965-10-11;24.2;18.8;
1965-10-12;23;18.4;
1965-10-13;23.1;16.4;
1965-10-14;25.4;18.6;
1965-10-15;24.3;19.8;
1965-10-16;24.7;19;
1965-10-17;24.4;20;
1965-10-18;24.2;21;
1965-10-19;28.4;21.2;
1965-10-20;30.2;20.8;
1965-10-21;28.1;21.4;
1965-10-22;27;21.2;
1965-10-23;29.6;22.2;
1965-10-24;27.1;21.4;
1965-10-25;29.3;21.2;
1965-10-26;24;21.2;
1965-10-27;25.6;20.3;
1965-10-28;28.4;20.7;
1965-10-29;29.1;22.8;
1965-10-30;23.8;19.4;
1965-10-31;23.2;18.5;
1965-11-01;24.3;18.2;
1965-11-02;24.2;19;
1965-11-03;25.4;20;
1965-11-04;27.2;20.3;
1965-11-05;26.8;22;
1965-11-06;26.6;21.8;
1965-11-07;26.7;22.3;
1965-11-08;28.1;21.2;
1965-11-09;27.6;21.6;
1965-11-10;26.8;21.2;
1965-11-11;28.8;22.2;
1965-11-12;28.6;22.4;
1965-11-13;28;23.2;
1965-11-14;28;22.7;
1965-11-15;30.2;22.6;
1965-11-16;27.8;21.7;
1965-11-17;26.2;19.6;
1965-11-18;26.2;20;
1965-11-19;27.2;19.4;
1965-11-20;27;17.7;
1965-11-21;25.2;21.6;
1965-11-22;25.8;20.6;
1965-11-23;25.9;19.6;
1965-11-24;26;20;
1965-11-25;26.7;20.2;
1965-11-26;28.4;22.8;
1965-11-27;28.2;22.7;
1965-11-28;27;21.9;
1965-11-29;27.3;21.4;
1965-11-30;28.9;21.4;
1965-12-01;29.6;21.8;
1965-12-02;30;22.8;
1965-12-03;27.8;22.8;
1965-12-04;27.2;21.8;
1965-12-05;28.8;21.6;
1965-12-06;29.8;22;
1965-12-07;29;21.4;
1965-12-08;32.5;21.2;
1965-12-09;28.8;20.9;
1965-12-10;29.2;21;
1965-12-11;30;21.8;
1965-12-12;33.7;21.6;
1965-12-13;30.2;20.8;
1965-12-14;31.2;22.6;
1965-12-15;29.8;22.2;
1965-12-16;25.6;23;
1965-12-17;27.8;21.3;
1965-12-18;28;22.8;
1965-12-19;29.8;23.4;
1965-12-20;30.1;22.2;
1965-12-21;31.9;21.4;
1965-12-22;25.6;19.6;
1965-12-23;23.3;19.5;
1965-12-24;25.8;20.5;
1965-12-25;28.2;21.1;
1965-12-26;30;22;
1965-12-27;29;22.4;
1965-12-28;29.2;21.4;
1965-12-29;28.6;20.8;
1965-12-30;28.2;22;
1965-12-31;26.7;21.8;
1966-01-01;26.6;21.8;
1966-01-02;27.8;22.2;
1966-01-03;28.9;22.2;
1966-01-04;28.8;21.9;
1966-01-05;28.6;23.4;
1966-01-06;28.6;23;
1966-01-07;28.1;23.4;
1966-01-08;33.5;23.8;
1966-01-09;32.6;24;
1966-01-10;31.2;24;
1966-01-11;25.3;22.2;
1966-01-12;24.8;22.2;
1966-01-13;23.4;20.7;
1966-01-14;26;20.4;
1966-01-15;28.1;21.8;
1966-01-16;27.6;22.8;
1966-01-17;30;23.4;
1966-01-18;28.8;23.2;
1966-01-19;29.4;22.4;
1966-01-20;29.4;22.4;
1966-01-21;28.6;22.6;
1966-01-22;29;22.8;
1966-01-23;29;21.8;
1966-01-24;28.4;21.6;
1966-01-25;29.4;21.7;
1966-01-26;31.2;22.2;
1966-01-27;29.7;23.4;
1966-01-28;28.4;22.6;
1966-01-29;30.6;22.4;
1966-01-30;30.4;23.4;
1966-01-31;29.4;23.2;
1966-02-01;26.6;23.2;
1966-02-02;26.1;22.2;
1966-02-03;28.6;22.4;
1966-02-04;30;22.8;
1966-02-05;29.8;22.4;
1966-02-06;30.8;21.2;
1966-02-07;28.6;22.4;
1966-02-08;29.2;21.2;
1966-02-09;28.6;21.8;
1966-02-10;27;20.4;
1966-02-11;27.4;20.2;
1966-02-12;30.8;21.9;
1966-02-13;29.7;22.2;
1966-02-14;29.2;21.2;
1966-02-15;28.6;20.2;
1966-02-16;30.2;21.2;
1966-02-17;28.9;22;
1966-02-18;29;22.5;
1966-02-19;29.6;21.6;
1966-02-20;30.4;21.6;
1966-02-21;30.2;22;
1966-02-22;30.6;22.5;
1966-02-23;29;23;
1966-02-24;29.6;23.2;
1966-02-25;30.8;22.8;
1966-02-26;30.2;22.8;
1966-02-27;29.2;22.4;
1966-02-28;29.6;23.4;
1966-03-01;30.6;24.1;
1966-03-02;30.4;20.6;
1966-03-03;31.8;24;
1966-03-04;31;23.6;
1966-03-05;31.4;23.7;
1966-03-06;33.3;23.8;
1966-03-07;26.4;21.3;
1966-03-08;26.8;22.4;
1966-03-09;28;22;
1966-03-10;29.1;21;
1966-03-11;27.8;23.8;
1966-03-12;29;23.4;
1966-03-13;29.6;23.8;
1966-03-14;29;23.6;
1966-03-15;29.2;23.5;
1966-03-16;29.1;23.7;
1966-03-17;28.8;23.4;
1966-03-18;31.1;24;
1966-03-19;28.9;23.8;
1966-03-20;28.9;23.4;
1966-03-21;28.8;23.3;
1966-03-22;29.2;23.1;
1966-03-23;30.2;23.3;
1966-03-24;29;23.4;
1966-03-25;27.9;22.2;
1966-03-26;31.2;22.8;
1966-03-27;26;20.8;
1966-03-28;26.7;21.2;
1966-03-29;26.8;21.4;
1966-03-30;28.1;22.4;
1966-03-31;26.6;22.4;
1966-04-01;27.6;22.9;
1966-04-02;27.8;23.6;
1966-04-03;28;21.4;
1966-04-04;27;21.2;
1966-04-05;25.4;19.6;
1966-04-06;25.6;20.4;
1966-04-07;24.5;20.2;
1966-04-08;25;20.7;
1966-04-09;26.1;20.2;
1966-04-10;23.8;19.8;
1966-04-11;25;18.4;
1966-04-12;25.8;19.4;
1966-04-13;25.7;19.8;
1966-04-14;25.7;20;
1966-04-15;28;21.9;
1966-04-16;26.4;20.8;
1966-04-17;27.4;19.9;
1966-04-18;27.4;21.8;
1966-04-19;27.7;22.2;
1966-04-20;27.6;21.8;
1966-04-21;27.2;19;
1966-04-22;24.9;21.1;
1966-04-23;26.3;21;
1966-04-24;26.2;20.6;
1966-04-25;26.6;21.2;
1966-04-26;26.6;21.4;
1966-04-27;26.2;18.8;
1966-04-28;27;19.6;
1966-04-29;27.1;22;
1966-04-30;26.8;22;
1966-05-01;27;22.1;
1966-05-02;27.4;22.4;
1966-05-03;27.4;21.8;
1966-05-04;28;19.4;
1966-05-05;26;21.6;
1966-05-06;24.8;21.9;
1966-05-07;27.6;21.4;
1966-05-08;26.4;21.4;
1966-05-09;26;20.1;
1966-05-10;26.6;21.2;
1966-05-11;25.6;19.6;
1966-05-12;26.4;21.8;
1966-05-13;26;20.3;
1966-05-14;25.8;21.3;
1966-05-15;25.7;20.3;
1966-05-16;25.1;19.2;
1966-05-17;25;17.3;
1966-05-18;24.6;15.2;
1966-05-19;24.8;15;
1966-05-20;25;18.2;
1966-05-21;25.6;19.5;
1966-05-22;26.6;20.8;
1966-05-23;24.6;21.4;
1966-05-24;23;18.2;
1966-05-25;22.9;15.2;
1966-05-26;22.8;17.2;
1966-05-27;22.8;16.1;
1966-05-28;23;17.7;
1966-05-29;25.2;18.5;
1966-05-30;24.4;15.6;
1966-05-31;24;16.3;
1966-06-01;24;17.6;
1966-06-02;27.3;15.6;
1966-06-03;22.8;17.6;
1966-06-04;22.6;17.1;
1966-06-05;23.4;17.8;
1966-06-06;23.4;17.3;
1966-06-07;24;15.8;
1966-06-08;25.2;18.8;
1966-06-09;24.4;16.2;
1966-06-10;23.8;14.8;
1966-06-11;24.4;17;
1966-06-12;24.8;19.6;
1966-06-13;25.6;17.8;
1966-06-14;27.3;20.2;
1966-06-15;28.2;20.8;
1966-06-16;26.7;19.2;
1966-06-17;25.4;20.1;
1966-06-18;25.2;17.5;
1966-06-19;24;18.2;
1966-06-20;23.4;13.3;
1966-06-21;24.2;18.2;
1966-06-22;26.1;18.4;
1966-06-23;29.6;18.8;
1966-06-24;25;19.4;
1966-06-25;24.4;19;
1966-06-26;25;20.2;
1966-06-27;26.4;17.2;
1966-06-28;27;20.2;
1966-06-29;27.2;18.4;
1966-06-30;25.2;18.8;
1966-07-01;22.4;18.3;
1966-07-02;22.9;18.7;
1966-07-03;22.4;18.4;
1966-07-04;23.2;18.4;
1966-07-05;23.6;15.8;
1966-07-06;22.6;17.4;
1966-07-07;24;17;
1966-07-08;21.8;18.6;
1966-07-09;24.4;17.8;
1966-07-10;24.2;19.6;
1966-07-11;24.6;19.2;
1966-07-12;25.8;19.4;
1966-07-13;24.8;19.4;
1966-07-14;26.2;18.2;
1966-07-15;24.9;19.9;
1966-07-16;26.2;20.1;
1966-07-17;25.6;17.2;
1966-07-18;24.1;17.2;
1966-07-19;24.4;18.4;
1966-07-20;24.8;19.6;
1966-07-21;25.3;19.6;
1966-07-22;25.8;20;
1966-07-23;27;18.1;
1966-07-24;22.6;17.6;
1966-07-25;21.6;15.4;
1966-07-26;22.6;17.4;
1966-07-27;22.4;13;
1966-07-28;22.1;17.2;
1966-07-29;27.4;18.6;
1966-07-30;29.4;18.2;
1966-07-31;24.2;19.2;
1966-08-01;20.8;16.2;
1966-08-02;20.8;14.4;
1966-08-03;23.7;17.7;
1966-08-04;25.6;19.8;
1966-08-05;25;19.9;
1966-08-06;22;17.2;
1966-08-07;21.4;15.4;
1966-08-08;24.8;15.4;
1966-08-09;26.4;17.6;
1966-08-10;24.4;15.7;
1966-08-11;26.2;16;
1966-08-12;24.2;16.8;
1966-08-13;25.2;17.6;
1966-08-14;26.6;17.4;
1966-08-15;25;17.4;
1966-08-16;22.8;16.2;
1966-08-17;20.4;14.4;
1966-08-18;21.2;15.4;
1966-08-19;22.8;16.4;
1966-08-20;25.6;17.2;
1966-08-21;24.6;20;
1966-08-22;25.2;16.4;
1966-08-23;25;17.2;
1966-08-24;26;19.6;
1966-08-25;22.6;16.4;
1966-08-26;18.8;14.3;
1966-08-27;22.1;15.4;
1966-08-28;22.1;15.4;
1966-08-29;24.4;16.8;
1966-08-30;24.7;18.4;
1966-08-31;24.2;20.2;
1966-09-01;26.6;20.2;
1966-09-02;24.2;19.6;
1966-09-03;23.8;19.3;
1966-09-04;22.8;18.8;
1966-09-05;23.6;19.4;
1966-09-06;24.2;18.5;
1966-09-07;23.8;19.4;
1966-09-08;25.6;20.4;
1966-09-09;27.6;19.2;
1966-09-10;24.8;19.6;
1966-09-11;28.1;20.8;
1966-09-12;26.6;20.2;
1966-09-13;26.2;20.2;
1966-09-14;25.2;20;
1966-09-15;26.1;18.8;
1966-09-16;25.6;20.8;
1966-09-17;22;15.4;
1966-09-18;21.4;14.4;
1966-09-19;21.6;13.8;
1966-09-20;23;15.4;
1966-09-21;21.8;16.2;
1966-09-22;22.2;14.2;
1966-09-23;21.1;14;
1966-09-24;20.9;14.8;
1966-09-25;22.6;14.8;
1966-09-26;26;16.4;
1966-09-27;24;19;
1966-09-28;21.7;19.2;
1966-09-29;22.2;18.4;
1966-09-30;24.4;18.6;
1966-10-01;27.6;19.8;
1966-10-02;27.6;20.4;
1966-10-03;28.9;20.4;
1966-10-04;25.6;20.4;
1966-10-05;23.3;18.6;
1966-10-06;22.2;16.4;
1966-10-07;22.2;17.2;
1966-10-08;23.6;16.4;
1966-10-09;23.4;18.4;
1966-10-10;24.4;18.4;
1966-10-11;24.4;18.6;
1966-10-12;29.2;20.4;
1966-10-13;24.8;20;
1966-10-14;26.3;20.6;
1966-10-15;28;21.2;
1966-10-16;26;22.2;
1966-10-17;23.4;19.6;
1966-10-18;25.4;20.3;
1966-10-19;24.2;19;
1966-10-20;23.4;16.4;
1966-10-21;22.4;17.6;
1966-10-22;24.6;18.7;
1966-10-23;25;18.4;
1966-10-24;25.3;18.2;
1966-10-25;25.7;20.3;
1966-10-26;26.8;21.3;
1966-10-27;29.8;22.3;
1966-10-28;27.4;20.4;
1966-10-29;25.6;22.6;
1966-10-30;24.5;20.3;
1966-10-31;25.1;19.2;
1966-11-01;25.4;20.8;
1966-11-02;25;20.6;
1966-11-03;23.2;19.8;
1966-11-04;24.8;20.4;
1966-11-05;26.6;20.8;
1966-11-06;27.3;21.9;
1966-11-07;28.8;22;
1966-11-08;28.8;21.3;
1966-11-09;27.2;21.6;
1966-11-10;27.2;21.7;
1966-11-11;28.4;22.4;
1966-11-12;30.2;22.4;
1966-11-13;28.6;23.2;
1966-11-14;25.2;21.4;
1966-11-15;25;21.2;
1966-11-16;28;21.2;
1966-11-17;27.2;21.8;
1966-11-18;24.6;19.6;
1966-11-19;25.4;19.5;
1966-11-20;25.6;19.1;
1966-11-21;25.7;21.2;
1966-11-22;23.2;17.8;
1966-11-23;22.2;18.3;
1966-11-24;24.8;18.6;
1966-11-25;25.6;19.9;
1966-11-26;25.2;18;
1966-11-27;26;21;
1966-11-28;26.1;21.9;
1966-11-29;26.4;21;
1966-11-30;28.2;21.6;
1966-12-01;30;21.8;
1966-12-02;29.2;22.4;
1966-12-03;29;22.6;
1966-12-04;30.4;22.4;
1966-12-05;34.3;23.4;
1966-12-06;26.6;22.8;
1966-12-07;27;21.4;
1966-12-08;28;22.1;
1966-12-09;27.6;22.2;
1966-12-10;32.2;23;
1966-12-11;29;23;
1966-12-12;29.4;23.4;
1966-12-13;28.4;22.8;
1966-12-14;28.4;23;
1966-12-15;30.2;23.4;
1966-12-16;27;22.4;
1966-12-17;27.4;22.4;
1966-12-18;28;22.8;
1966-12-19;28.2;22.2;
1966-12-20;30.1;23.4;
1966-12-21;27.4;21.7;
1966-12-22;27;21.2;
1966-12-23;30.1;21.2;
1966-12-24;25;20.4;
1966-12-25;25.6;19.6;
1966-12-26;25.3;20.4;
1966-12-27;23.8;19.8;
1966-12-28;25.7;18.6;
1966-12-29;26.4;20.6;
1966-12-30;26.6;21.3;
1966-12-31;27;22.5;
1967-01-01;27.4;21.8;
1967-01-02;27.4;21.2;
1967-01-03;29.8;22.8;
1967-01-04;30.6;23.9;
1967-01-05;27.4;22.4;
1967-01-06;26;22.1;
1967-01-07;26.1;21.2;
1967-01-08;28.2;21.6;
1967-01-09;29.8;23.2;
1967-01-10;27.4;22.3;
1967-01-11;29;22.3;
1967-01-12;26.6;21.9;
1967-01-13;28.4;21.4;
1967-01-14;33.1;21.6;
1967-01-15;27.8;21.8;
1967-01-16;29.8;22.4;
1967-01-17;27.1;22.7;
1967-01-18;29.6;22.4;
1967-01-19;31.6;23.2;
1967-01-20;29.3;24.4;
1967-01-21;28.4;23.4;
1967-01-22;30.2;22.4;
1967-01-23;28.8;24;
1967-01-24;27.6;23;
1967-01-25;26;22.4;
1967-01-26;27.4;22.4;
1967-01-27;27.6;21.8;
1967-01-28;26.8;22.2;
1967-01-29;27.2;21.5;
1967-01-30;27.6;21.7;
1967-01-31;28.8;21.4;
1967-02-01;29;24;
1967-02-02;29.4;23.4;
1967-02-03;30.8;22.8;
1967-02-04;28.4;23;
1967-02-05;29.4;23.2;
1967-02-06;29.8;21.8;
1967-02-07;30.4;22.8;
1967-02-08;30.6;21.1;
1967-02-09;31.4;23;
1967-02-10;29.4;23.3;
1967-02-11;29.4;23.1;
1967-02-12;30;23.9;
1967-02-13;29.4;24.6;
1967-02-14;29.6;23.6;
1967-02-15;29.4;23.8;
1967-02-16;29;23;
1967-02-17;34.1;23.6;
1967-02-18;28;24;
1967-02-19;27.6;23.7;
1967-02-20;26.6;23;
1967-02-21;29.2;23.4;
1967-02-22;30.1;23.8;
1967-02-23;30;24;
1967-02-24;28.8;22.3;
1967-02-25;29.8;23.6;
1967-02-26;29.9;23;
1967-02-27;29.4;21.8;
1967-02-28;29.8;22.4;
1967-03-01;30.8;23.4;
1967-03-02;30.6;24.4;
1967-03-03;30;22.9;
1967-03-04;32.2;24.4;
1967-03-05;31.6;23.4;
1967-03-06;28;22.2;
1967-03-07;28.8;22;
1967-03-08;28.4;21.8;
1967-03-09;28.8;23.8;
1967-03-10;31.4;24.4;
1967-03-11;28.3;22.8;
1967-03-12;29.4;23.6;
1967-03-13;30.2;23.7;
1967-03-14;30;23.8;
1967-03-15;28.6;23.8;
1967-03-16;25.4;20.6;
1967-03-17;25.8;20;
1967-03-18;24.8;21.8;
1967-03-19;24;21.2;
1967-03-20;25.4;21;
1967-03-21;24.6;21;
1967-03-22;28.8;22;
1967-03-23;28.2;22.6;
1967-03-24;28.2;21.2;
1967-03-25;29;23.2;
1967-03-26;28.4;23.1;
1967-03-27;28.4;22.4;
1967-03-28;28;23.2;
1967-03-29;31.2;24;
1967-03-30;30.8;23.4;
1967-03-31;29;23.7;
1967-04-01;29.1;22.6;
1967-04-02;28.8;22.4;
1967-04-03;28.8;23;
1967-04-04;30.3;22;
1967-04-05;28.2;23;
1967-04-06;27.6;21.6;
1967-04-07;27.6;22.8;
1967-04-08;27.2;17.8;
1967-04-09;27;20.2;
1967-04-10;27.6;19.4;
1967-04-11;27.2;19.8;
1967-04-12;27.8;21.7;
1967-04-13;27.8;22.8;
1967-04-14;27.9;22.7;
1967-04-15;28.4;21.4;
1967-04-16;26.6;21.6;
1967-04-17;23.8;20.2;
1967-04-18;23.4;20.3;
1967-04-19;26.4;18.4;
1967-04-20;26.2;20.3;
1967-04-21;26.6;20.2;
1967-04-22;27;20.3;
1967-04-23;27.2;20.6;
1967-04-24;27.4;22.6;
1967-04-25;24.7;21.4;
1967-04-26;25.2;20.8;
1967-04-27;25.4;20.6;
1967-04-28;26;22;
1967-04-29;25.8;21.2;
1967-04-30;25.8;20.8;
1967-05-01;25.8;20.1;
1967-05-02;26.1;19.2;
1967-05-03;27.4;22.4;
1967-05-04;28.4;22.6;
1967-05-05;26.8;21.3;
1967-05-06;25.8;21.1;
1967-05-07;26;19.8;
1967-05-08;25.6;19.2;
1967-05-09;25.8;20.2;
1967-05-10;25.6;19;
1967-05-11;26;18;
1967-05-12;26.2;19.4;
1967-05-13;26.4;20.7;
1967-05-14;27;21.1;
1967-05-15;27.6;20.4;
1967-05-16;25.8;19.6;
1967-05-17;25.8;19.2;
1967-05-18;26.2;22;
1967-05-19;26.2;20;
1967-05-20;26.4;18.7;
1967-05-21;25.4;20.6;
1967-05-22;25.4;17.9;
1967-05-23;27.4;21.4;
1967-05-24;26.4;21.1;
1967-05-25;25.7;17;
1967-05-26;27.2;20.6;
1967-05-27;25.6;20.4;
1967-05-28;25.8;19.3;
1967-05-29;26.4;20;
1967-05-30;26.6;17.6;
1967-05-31;25.6;17.4;
1967-06-01;25.2;17.8;
1967-06-02;26.6;20.4;
1967-06-03;27.4;20.4;
1967-06-04;25.6;21.2;
1967-06-05;25.8;19.2;
1967-06-06;29.8;21;
1967-06-07;23.2;18.6;
1967-06-08;21.2;16.4;
1967-06-09;22.2;14.6;
1967-06-10;27.2;13.6;
1967-06-11;24;16.4;
1967-06-12;25.8;20.2;
1967-06-13;25;16.6;
1967-06-14;24.7;18.8;
1967-06-15;26;18.9;
1967-06-16;26.2;17.4;
1967-06-17;26.4;20.4;
1967-06-18;26.1;20.4;
1967-06-19;25.8;18.6;
1967-06-20;25.6;20;
1967-06-21;26.4;19.6;
1967-06-22;26.2;19.8;
1967-06-23;25.4;19.8;
1967-06-24;26.8;18.4;
1967-06-25;26.6;17.4;
1967-06-26;25.4;19.6;
1967-06-27;23;18.4;
1967-06-28;24.6;16.4;
1967-06-29;24.6;18;
1967-06-30;26.8;18.2;
1967-07-01;29;18.4;
1967-07-02;23;18;
1967-07-03;24.6;16.4;
1967-07-04;23.8;14.8;
1967-07-05;25.6;17.4;
1967-07-06;24;17.8;
1967-07-07;24.7;16.4;
1967-07-08;26;17.4;
1967-07-09;26.3;18;
1967-07-10;28;18.4;
1967-07-11;25;19.2;
1967-07-12;22.8;16.4;
1967-07-13;23.6;15.4;
1967-07-14;24.6;17.8;
1967-07-15;24.4;16.2;
1967-07-16;23.6;16.4;
1967-07-17;23.8;13.8;
1967-07-18;22.6;16.2;
1967-07-19;23.6;15.2;
1967-07-20;23.6;15.4;
1967-07-21;24.6;16.4;
1967-07-22;25.3;14.8;
1967-07-23;22.4;14.4;
1967-07-24;23;13.4;
1967-07-25;23.6;16;
1967-07-26;25;17.4;
1967-07-27;24.6;17.4;
1967-07-28;25.4;18.2;
1967-07-29;25.6;18.4;
1967-07-30;25.6;17.2;
1967-07-31;26;16.7;
1967-08-01;25.4;18;
1967-08-02;24.6;17.8;
1967-08-03;26.1;18.4;
1967-08-04;25.2;18.4;
1967-08-05;21.4;16.4;
1967-08-06;22.6;15.4;
1967-08-07;23.6;15.6;
1967-08-08;23.4;15.4;
1967-08-09;25.4;16.4;
1967-08-10;24.6;17.4;
1967-08-11;25.6;17.6;
1967-08-12;25;17.8;
1967-08-13;24.6;18.6;
1967-08-14;26.6;16.4;
1967-08-15;25.6;18.2;
1967-08-16;25.2;17.4;
1967-08-17;26.4;18;
1967-08-18;25;18.4;
1967-08-19;25.4;18.4;
1967-08-20;25.8;18.6;
1967-08-21;26.6;18.8;
1967-08-22;24.8;17.4;
1967-08-23;24.6;18.4;
1967-08-24;25.6;18.4;
1967-08-25;25.6;18.2;
1967-08-26;25.2;18.8;
1967-08-27;25.2;19;
1967-08-28;26.3;18.2;
1967-08-29;27.8;18;
1967-08-30;26;18.8;
1967-08-31;27.1;19;
1967-09-01;26;18.2;
1967-09-02;26;18.8;
1967-09-03;24.7;17.4;
1967-09-04;26.6;18.2;
1967-09-05;24.2;16;
1967-09-06;25;17.2;
1967-09-07;30.4;20;
1967-09-08;25.6;19.4;
1967-09-09;25;19.7;
1967-09-10;24.4;17.2;
1967-09-11;23.6;17.2;
1967-09-12;24.6;18;
1967-09-13;24.4;18.4;
1967-09-14;22.2;16.8;
1967-09-15;23;16.2;
1967-09-16;23.2;16.3;
1967-09-17;25.2;16.4;
1967-09-18;27.3;19;
1967-09-19;27.4;18.8;
1967-09-20;28;18.6;
1967-09-21;25;19.2;
1967-09-22;22.2;17.4;
1967-09-23;23.6;17.2;
1967-09-24;23.4;16.4;
1967-09-25;23.4;16.2;
1967-09-26;24.2;15.8;
1967-09-27;25.2;16.8;
1967-09-28;24.8;16;
1967-09-29;25.4;16.6;
1967-09-30;25.4;18;
1967-10-01;25;19.2;
1967-10-02;25.6;19.6;
1967-10-03;25.4;19.8;
1967-10-04;25.3;20;
1967-10-05;25.4;19.8;
1967-10-06;26;19.8;
1967-10-07;25.6;20;
1967-10-08;25;20.1;
1967-10-09;25.4;20;
1967-10-10;26;20.2;
1967-10-11;26.6;19.8;
1967-10-12;26.2;19.6;
1967-10-13;28.4;20;
1967-10-14;27.4;20.2;
1967-10-15;27.3;20.2;
1967-10-16;26;19.6;
1967-10-17;25.2;19.8;
1967-10-18;25.2;19.8;
1967-10-19;29.2;19.8;
1967-10-20;28.7;19.4;
1967-10-21;28.6;20.2;
1967-10-22;24.6;20;
1967-10-23;24.4;20.2;
1967-10-24;25.6;19.9;
1967-10-25;26.7;20.2;
1967-10-26;26.2;19.8;
1967-10-27;23.4;19.8;
1967-10-28;28.2;20.2;
1967-10-29;27;19.4;
1967-10-30;23.2;18.5;
1967-10-31;24;18.4;
1967-11-01;25.4;16.4;
1967-11-02;27.2;19.8;
1967-11-03;26.2;18.4;
1967-11-04;23.6;18.4;
1967-11-05;25.2;17.8;
1967-11-06;27.2;16.4;
1967-11-07;25.2;18.6;
1967-11-08;26.2;18.2;
1967-11-09;26.6;19.6;
1967-11-10;26.6;20.4;
1967-11-11;26.4;20.1;
1967-11-12;26.6;20.2;
1967-11-13;27;20.4;
1967-11-14;29;20.6;
1967-11-15;29;20.4;
1967-11-16;24.6;20.2;
1967-11-17;24;18.4;
1967-11-18;25.8;19.4;
1967-11-19;25.4;19.8;
1967-11-20;26.4;20.2;
1967-11-21;25.8;19.6;
1967-11-22;25.6;19.4;
1967-11-23;27.6;20.4;
1967-11-24;26;20.3;
1967-11-25;29.4;20.6;
1967-11-26;25.8;21.6;
1967-11-27;25.2;20.4;
1967-11-28;24.6;20.4;
1967-11-29;25.8;20.9;
1967-11-30;25.2;19.8;
1967-12-01;25.8;17.4;
1967-12-02;27.6;20.2;
1967-12-03;30.6;21;
1967-12-04;27;21.4;
1967-12-05;24.4;19.4;
1967-12-06;24.6;18.4;
1967-12-07;26.2;19.6;
1967-12-08;29;19.8;
1967-12-09;26.4;20.2;
1967-12-10;24.6;19.4;
1967-12-11;25.4;17.8;
1967-12-12;26.4;18.4;
1967-12-13;26.2;19.4;
1967-12-14;26.4;19.6;
1967-12-15;26.6;20.4;
1967-12-16;26;20.2;
1967-12-17;26.6;20.8;
1967-12-18;30;21;
1967-12-19;27.2;21.4;
1967-12-20;27.6;20.6;
1967-12-21;28.6;21.6;
1967-12-22;29.6;22.4;
1967-12-23;27.2;22.2;
1967-12-24;25.6;19.8;
1967-12-25;25.4;19.4;
1967-12-26;26;20.4;
1967-12-27;24.4;20;
1967-12-28;23.6;19.4;
1967-12-29;23.4;19.2;
1967-12-30;24.6;19.6;
1967-12-31;29;21.4;
1968-01-01;31;22.8;
1968-01-02;31.6;22.8;
1968-01-03;29.2;22.4;
1968-01-04;24.6;20.4;
1968-01-05;24.4;19.6;
1968-01-06;25.6;18.7;
1968-01-07;26.2;19.8;
1968-01-08;26.6;18.8;
1968-01-09;27;19.4;
1968-01-10;30.7;22;
1968-01-11;31.1;22.2;
1968-01-12;28.6;21.8;
1968-01-13;28.4;21.4;
1968-01-14;29.2;22.2;
1968-01-15;30.2;22.2;
1968-01-16;28.8;21.2;
1968-01-17;30.8;21.2;
1968-01-18;29.6;21.4;
1968-01-19;29.6;21.6;
1968-01-20;29.6;21.4;
1968-01-21;28.4;21.2;
1968-01-22;30.2;21.6;
1968-01-23;29.7;21;
1968-01-24;29;21.2;
1968-01-25;28.8;21;
1968-01-26;29.2;21.6;
1968-01-27;29;21.6;
1968-01-28;29.2;21.8;
1968-01-29;29;21.8;
1968-01-30;28.6;22;
1968-01-31;29.8;22;
1968-02-01;24.8;20.6;
1968-02-02;26.6;19.4;
1968-02-03;27;18.8;
1968-02-04;29.4;19;
1968-02-05;28.6;20.2;
1968-02-06;28.8;21;
1968-02-07;29;21.6;
1968-02-08;28.6;21.6;
1968-02-09;28.2;21.8;
1968-02-10;29;22.4;
1968-02-11;31;21.8;
1968-02-12;30.4;21.8;
1968-02-13;30.6;21.6;
1968-02-14;31.7;21.8;
1968-02-15;32.3;22.2;
1968-02-16;27.6;22.2;
1968-02-17;27.6;20.2;
1968-02-18;25.6;19.8;
1968-02-19;26.4;20.4;
1968-02-20;26.4;20.6;
1968-02-21;26;21.2;
1968-02-22;27.4;20.4;
1968-02-23;29.2;22.4;
1968-02-24;26.6;22;
1968-02-25;27.2;22.2;
1968-02-26;28;22;
1968-02-27;27.2;21;
1968-02-28;26.8;20.2;
1968-02-29;27.4;21;
1968-03-01;28.3;22.2;
1968-03-02;27.6;21.8;
1968-03-03;27.6;22;
1968-03-04;28.4;21.4;
1968-03-05;28.4;22.2;
1968-03-06;27.8;22.4;
1968-03-07;29.2;22.6;
1968-03-08;30.4;22.6;
1968-03-09;29.2;22.8;
1968-03-10;29.8;22.8;
1968-03-11;30;22.2;
1968-03-12;29.2;23.2;
1968-03-13;28.2;21.8;
1968-03-14;27.4;22.4;
1968-03-15;27;22.4;
1968-03-16;30.4;22;
1968-03-17;27.8;21.8;
1968-03-18;27.8;19.2;
1968-03-19;27;18.4;
1968-03-20;27.2;17.4;
1968-03-21;29.6;20.6;
1968-03-22;30.4;21.4;
1968-03-23;28.2;21.6;
1968-03-24;29.4;20.6;
1968-03-25;28.4;21.4;
1968-03-26;29.6;22.4;
1968-03-27;29.8;22.6;
1968-03-28;29.6;22.8;
1968-03-29;28.8;22.4;
1968-03-30;29;21.2;
1968-03-31;30;22.4;
1968-04-01;27.2;21.8;
1968-04-02;25;20.2;
1968-04-03;27.2;21.1;
1968-04-04;28;21.6;
1968-04-05;25.8;22.6;
1968-04-06;24.4;19.2;
1968-04-07;25.4;18.6;
1968-04-08;26.4;18.7;
1968-04-09;26.4;18.4;
1968-04-10;26.6;17;
1968-04-11;26.6;19.4;
1968-04-12;30.6;20.2;
1968-04-13;25.4;20.2;
1968-04-14;24.6;18.6;
1968-04-15;24.2;18.4;
1968-04-16;24.8;19;
1968-04-17;24.2;18.4;
1968-04-18;25.4;19;
1968-04-19;26;20.2;
1968-04-20;30.2;20.4;
1968-04-21;26.6;18.4;
1968-04-22;24.2;17.4;
1968-04-23;26;17.8;
1968-04-24;25;17.4;
1968-04-25;24.2;17;
1968-04-26;24;14.4;
1968-04-27;24.2;16.4;
1968-04-28;26.8;17.8;
1968-04-29;30;19;
1968-04-30;26;19.4;
1968-05-01;24.6;14.8;
1968-05-02;23.6;13.4;
1968-05-03;23.6;15.4;
1968-05-04;24.3;13.6;
1968-05-05;25.6;16.4;
1968-05-06;25.6;12.8;
1968-05-07;25.6;15.4;
1968-05-08;28.2;18.8;
1968-05-09;28.4;18.6;
1968-05-10;24.8;18.6;
1968-05-11;28.8;18.2;
1968-05-12;24;16.8;
1968-05-13;24;17.4;
1968-05-14;26;18.8;
1968-05-15;26.6;19.2;
1968-05-16;24.4;16.2;
1968-05-17;21.8;14.4;
1968-05-18;22.2;14.4;
1968-05-19;23.8;14.4;
1968-05-20;23.2;15.6;
1968-05-21;25.8;17.6;
1968-05-22;24.4;17.4;
1968-05-23;24.4;15.6;
1968-05-24;23.3;15;
1968-05-25;22.8;15;
1968-05-26;24.4;16;
1968-05-27;25.6;15.6;
1968-05-28;26;18;
1968-05-29;24.6;18;
1968-05-30;23.6;15.4;
1968-05-31;24;14.6;
1968-06-01;23.8;14.4;
1968-06-02;21.6;16;
1968-06-03;23.8;17.2;
1968-06-04;24.4;17.4;
1968-06-05;23.6;17.4;
1968-06-06;24;17.4;
1968-06-07;25.4;17;
1968-06-08;26.2;18;
1968-06-09;23.4;18;
1968-06-10;23.4;15.4;
1968-06-11;22;16.2;
1968-06-12;22.6;13.2;
1968-06-13;23.2;14.6;
1968-06-14;25.4;17;
1968-06-15;24.2;16.4;
1968-06-16;25.4;17.4;
1968-06-17;23;16.4;
1968-06-18;25.7;16.4;
1968-06-19;29.4;15.4;
1968-06-20;24.2;17.8;
1968-06-21;25.6;18.4;
1968-06-22;24.6;18.2;
1968-06-23;24.4;17.6;
1968-06-24;26;17.4;
1968-06-25;21.4;16.4;
1968-06-26;22.2;15.8;
1968-06-27;22;14.8;
1968-06-28;23.2;12.8;
1968-06-29;22.4;14.8;
1968-06-30;23;15.6;
1968-07-01;23.8;15.4;
1968-07-02;23.4;15.6;
1968-07-03;24.2;16.4;
1968-07-04;25;16.4;
1968-07-05;26.2;16.2;
1968-07-06;24.2;18;
1968-07-07;23.8;17.2;
1968-07-08;24.8;17.6;
1968-07-09;26.4;17.8;
1968-07-10;22.8;16.4;
1968-07-11;22.8;14.6;
1968-07-12;21.8;14.8;
1968-07-13;22;14.9;
1968-07-14;23.2;14.6;
1968-07-15;22.4;15.6;
1968-07-16;22.6;16;
1968-07-17;23.4;17.2;
1968-07-18;24.8;16.8;
1968-07-19;22.6;16.2;
1968-07-20;24;17.4;
1968-07-21;23.8;17.4;
1968-07-22;23.4;16.4;
1968-07-23;23;16.8;
1968-07-24;23.2;16;
1968-07-25;23.2;14.8;
1968-07-26;22.4;14.4;
1968-07-27;21.8;15.6;
1968-07-28;22.6;14.6;
1968-07-29;22.6;15.4;
1968-07-30;22.8;15;
1968-07-31;23.4;16.2;
1968-08-01;22.8;16.4;
1968-08-02;23.3;17;
1968-08-03;25.2;17.4;
1968-08-04;24.4;17.7;
1968-08-05;22.6;18.4;
1968-08-06;22.4;17.2;
1968-08-07;23.2;14.8;
1968-08-08;24;17.8;
1968-08-09;26.6;18.6;
1968-08-10;22.8;17.4;
1968-08-11;21.6;15.8;
1968-08-12;21.8;15.4;
1968-08-13;22.6;15.4;
1968-08-14;22;14.8;
1968-08-15;23.4;15.2;
1968-08-16;23;14.1;
1968-08-17;23.2;15.4;
1968-08-18;22.1;15.2;
1968-08-19;22.3;15.4;
1968-08-20;22.8;16;
1968-08-21;23;16.4;
1968-08-22;23.8;16.2;
1968-08-23;21.6;16;
1968-08-24;22.2;15.2;
1968-08-25;21.6;15;
1968-08-26;22.6;15.2;
1968-08-27;22.6;16.4;
1968-08-28;22.8;16.4;
1968-08-29;24;16.3;
1968-08-30;25.4;17.4;
1968-08-31;25.6;17.6;
1968-09-01;25.2;16.8;
1968-09-02;22.8;15.8;
1968-09-03;20.8;15.7;
1968-09-04;18.4;13.4;
1968-09-05;21.8;14.4;
1968-09-06;22.8;14.8;
1968-09-07;23.4;15.4;
1968-09-08;23.2;15;
1968-09-09;24.2;16.4;
1968-09-10;25.4;17.4;
1968-09-11;26.3;16.8;
1968-09-12;24.6;17;
1968-09-13;24.7;17.4;
1968-09-14;21.6;16.2;
1968-09-15;22.7;16.3;
1968-09-16;25.8;16.2;
1968-09-17;22;16.4;
1968-09-18;23.2;17.3;
1968-09-19;24;17.4;
1968-09-20;28.6;18.4;
1968-09-21;26.8;18;
1968-09-22;22.2;15.6;
1968-09-23;22.2;15.8;
1968-09-24;23;17.4;
1968-09-25;24;16.4;
1968-09-26;23.4;16.8;
1968-09-27;23.6;16.8;
1968-09-28;25;18;
1968-09-29;26.6;18.8;
1968-09-30;22.4;18.1;
1968-10-01;20;17.2;
1968-10-02;22.4;16.8;
1968-10-03;24;17.6;
1968-10-04;24.4;17.8;
1968-10-05;24.4;18.2;
1968-10-06;25;18.8;
1968-10-07;25.2;19.8;
1968-10-08;24.4;18.4;
1968-10-09;22.6;19;
1968-10-10;21.6;16.4;
1968-10-11;19.2;15.2;
1968-10-12;18.4;14.4;
1968-10-13;20.6;15;
1968-10-14;20.2;14.6;
1968-10-15;20.6;14.8;
1968-10-16;24.6;15.8;
1968-10-17;29.2;17.4;
1968-10-18;25.4;18.8;
1968-10-19;23.6;16.8;
1968-10-20;22.2;16.4;
1968-10-21;22.6;15.8;
1968-10-22;20.8;17.2;
1968-10-23;21.2;16.2;
1968-10-24;22.9;15.8;
1968-10-25;25.2;18.4;
1968-10-26;28.2;19;
1968-10-27;26.6;19.6;
1968-10-28;29.6;20.4;
1968-10-29;29.6;21;
1968-10-30;30;22;
1968-10-31;25.6;21.4;
1968-11-01;26.8;20.7;
1968-11-02;30.2;21.2;
1968-11-03;31.6;21.4;
1968-11-04;28.8;21.6;
1968-11-05;27.2;21.4;
1968-11-06;27;22.2;
1968-11-07;27.6;21.4;
1968-11-08;26.6;22;
1968-11-09;25.6;21;
1968-11-10;28.4;21.2;
1968-11-11;28.6;22;
1968-11-12;27.6;21.4;
1968-11-13;26;19.2;
1968-11-14;25.8;18.6;
1968-11-15;26.2;18.6;
1968-11-16;27.6;19.8;
1968-11-17;25.4;21.8;
1968-11-18;24.2;19.6;
1968-11-19;25.2;20.2;
1968-11-20;26.4;18.4;
1968-11-21;24.8;17.2;
1968-11-22;29.2;15.9;
1968-11-23;26.6;17.9;
1968-11-24;27.6;18.4;
1968-11-25;27.2;16.4;
1968-11-26;26.4;18.6;
1968-11-27;26.2;19.4;
1968-11-28;26.6;20.2;
1968-11-29;28.2;21.4;
1968-11-30;28.2;20.6;
1968-12-01;25.4;20.6;
1968-12-02;23.6;20.2;
1968-12-03;24;19.8;
1968-12-04;26;20.2;
1968-12-05;26.6;19.8;
1968-12-06;28.2;21.4;
1968-12-07;30.8;20.8;
1968-12-08;27.2;19.4;
1968-12-09;25.6;21;
1968-12-10;26;19.8;
1968-12-11;25;18.2;
1968-12-12;26.2;18;
1968-12-13;26;19.4;
1968-12-14;26.6;19.6;
1968-12-15;28.3;21.8;
1968-12-16;29.6;21.6;
1968-12-17;26.8;21.2;
1968-12-18;27.2;20.8;
1968-12-19;27.6;20.6;
1968-12-20;27.6;19.9;
1968-12-21;27.8;21.2;
1968-12-22;29.2;21.4;
1968-12-23;32;22.2;
1968-12-24;31.6;22;
1968-12-25;31.8;21.8;
1968-12-26;28.4;22.2;
1968-12-27;28.4;21.8;
1968-12-28;32.4;22.4;
1968-12-29;30;22.2;
1968-12-30;29.2;22.2;
1968-12-31;28;22.2;
1969-01-01;31.4;22;
1969-01-02;32.3;22.2;
1969-01-03;31;22.6;
1969-01-04;29.2;22.2;
1969-01-05;32;22.7;
1969-01-06;34.2;23;
1969-01-07;30.4;23;
1969-01-08;32.2;23.2;
1969-01-09;33;22;
1969-01-10;31.4;23.1;
1969-01-11;27.8;22;
1969-01-12;27.4;21.2;
1969-01-13;28.4;20.7;
1969-01-14;27.4;22;
1969-01-15;30.6;23;
1969-01-16;30.7;22.4;
1969-01-17;28.8;22.4;
1969-01-18;29.4;22.4;
1969-01-19;28.8;21.8;
1969-01-20;28.8;20.4;
1969-01-21;29.2;22.4;
1969-01-22;28.4;23;
1969-01-23;25.6;20.8;
1969-01-24;25.8;22.2;
1969-01-25;29;22.2;
1969-01-26;28.2;22.4;
1969-01-27;30.2;22.6;
1969-01-28;29;23;
1969-01-29;28.8;22.4;
1969-01-30;29;22.7;
1969-01-31;29.6;23;
1969-02-01;31;23.2;
1969-02-02;33.4;22.8;
1969-02-03;31.6;24.9;
1969-02-04;29.4;23.6;
1969-02-05;29.4;23.7;
1969-02-06;29.8;23.5;
1969-02-07;30;21.8;
1969-02-08;29.6;23.7;
1969-02-09;29.6;23.4;
1969-02-10;29.8;23.2;
1969-02-11;30;22.6;
1969-02-12;29.8;23.2;
1969-02-13;29.4;24;
1969-02-14;31.6;24.4;
1969-02-15;32.6;23.8;
1969-02-16;34.2;23.6;
1969-02-17;31.8;22.8;
1969-02-18;30.4;22.4;
1969-02-19;30.6;22.9;
1969-02-20;26.6;22.3;
1969-02-21;26.6;22;
1969-02-22;27.2;21.8;
1969-02-23;29.8;22.4;
1969-02-24;30.4;23;
1969-02-25;31.2;22.8;
1969-02-26;31.2;23.1;
1969-02-27;31.6;22.8;
1969-02-28;30.6;23;

