Nome: NOVA IGUACU
Codigo Estacao: 83787
Latitude: -22.77
Longitude: -43.45
Altitude: 20
Situacao: Desativada
Data Inicial: 1961-01-01
Data Final: 1967-12-06
Periodicidade da Medicao: Diaria

Data Medicao;TEMPERATURA MAXIMA, DIARIA(°C);TEMPERATURA MINIMA, DIARIA(°C);
1961-01-01;null;null;
1961-01-02;null;null;
1961-01-03;null;null;
1961-01-04;null;null;
1961-01-05;null;null;
1961-01-06;null;null;
1961-01-07;null;null;
1961-01-08;null;null;
1961-01-09;null;null;
1961-01-10;null;null;
1961-01-11;null;null;
1961-01-12;null;null;
1961-01-13;null;null;
1961-01-14;null;null;
1961-01-15;null;null;
1961-01-16;null;null;
1961-01-17;null;null;
1961-01-18;null;null;
1961-01-19;null;null;
1961-01-20;null;null;
1961-01-21;null;null;
1961-01-22;null;null;
1961-01-23;null;null;
1961-01-24;null;null;
1961-01-25;null;null;
1961-01-26;null;null;
1961-01-27;null;null;
1961-01-28;null;null;
1961-01-29;null;null;
1961-01-30;null;null;
1961-01-31;null;null;
1961-02-01;null;null;
1961-02-02;null;null;
1961-02-03;null;null;
1961-02-04;null;null;
1961-02-05;null;null;
1961-02-06;null;null;
1961-02-07;null;null;
1961-02-08;null;null;
1961-02-09;null;null;
1961-02-10;null;null;
1961-02-11;null;null;
1961-02-12;null;null;
1961-02-13;null;null;
1961-02-14;null;null;
1961-02-15;null;null;
1961-02-16;null;null;
1961-02-17;null;null;
1961-02-18;null;null;
1961-02-19;null;null;
1961-02-20;null;null;
1961-02-21;null;null;
1961-02-22;null;null;
1961-02-23;null;null;
1961-02-24;null;null;
1961-02-25;null;null;
1961-02-26;null;null;
1961-02-27;null;null;
1961-02-28;null;null;
1961-03-01;null;null;
1961-03-02;null;null;
1961-03-03;null;null;
1961-03-04;null;null;
1961-03-05;null;null;
1961-03-06;null;null;
1961-03-07;null;null;
1961-03-08;null;null;
1961-03-09;null;null;
1961-03-10;null;null;
1961-03-11;null;null;
1961-03-12;null;null;
1961-03-13;null;null;
1961-03-14;null;null;
1961-03-15;null;null;
1961-03-16;null;null;
1961-03-17;null;null;
1961-03-18;null;null;
1961-03-19;null;null;
1961-03-20;null;null;
1961-03-21;null;null;
1961-03-22;null;null;
1961-03-23;null;null;
1961-03-24;null;null;
1961-03-25;null;null;
1961-03-26;null;null;
1961-03-27;null;null;
1961-03-28;null;null;
1961-03-29;null;null;
1961-03-30;null;null;
1961-03-31;null;null;
1961-04-01;null;null;
1961-04-02;null;null;
1961-04-03;null;null;
1961-04-04;null;null;
1961-04-05;null;null;
1961-04-06;null;null;
1961-04-07;null;null;
1961-04-08;null;null;
1961-04-09;null;null;
1961-04-10;null;null;
1961-04-11;null;null;
1961-04-12;null;null;
1961-04-13;null;null;
1961-04-14;null;null;
1961-04-15;null;null;
1961-04-16;null;null;
1961-04-17;null;null;
1961-04-18;null;null;
1961-04-19;null;null;
1961-04-20;null;null;
1961-04-21;null;null;
1961-04-22;null;null;
1961-04-23;null;null;
1961-04-24;null;null;
1961-04-25;null;null;
1961-04-26;null;null;
1961-04-27;null;null;
1961-04-28;null;null;
1961-04-29;null;null;
1961-04-30;null;null;
1961-05-01;null;null;
1961-05-02;null;null;
1961-05-03;null;null;
1961-05-04;null;null;
1961-05-05;null;null;
1961-05-06;null;null;
1961-05-07;null;null;
1961-05-08;null;null;
1961-05-09;null;null;
1961-05-10;null;null;
1961-05-11;null;null;
1961-05-12;null;null;
1961-05-13;null;null;
1961-05-14;null;null;
1961-05-15;null;null;
1961-05-16;null;null;
1961-05-17;null;null;
1961-05-18;null;null;
1961-05-19;null;null;
1961-05-20;null;null;
1961-05-21;null;null;
1961-05-22;null;null;
1961-05-23;null;null;
1961-05-24;null;null;
1961-05-25;null;null;
1961-05-26;null;null;
1961-05-27;null;null;
1961-05-28;null;null;
1961-05-29;null;null;
1961-05-30;null;null;
1961-05-31;null;null;
1961-06-01;null;null;
1961-06-02;null;null;
1961-06-03;null;null;
1961-06-04;null;null;
1961-06-05;null;null;
1961-06-06;null;null;
1961-06-07;null;null;
1961-06-08;null;null;
1961-06-09;null;null;
1961-06-10;null;null;
1961-06-11;null;null;
1961-06-12;null;null;
1961-06-13;null;null;
1961-06-14;null;null;
1961-06-15;null;null;
1961-06-16;null;null;
1961-06-17;null;null;
1961-06-18;null;null;
1961-06-19;null;null;
1961-06-20;null;null;
1961-06-21;null;null;
1961-06-22;null;null;
1961-06-23;null;null;
1961-06-24;null;null;
1961-06-25;null;null;
1961-06-26;null;null;
1961-06-27;null;null;
1961-06-28;null;null;
1961-06-29;null;null;
1961-06-30;null;null;
1961-07-01;null;null;
1961-07-02;null;null;
1961-07-03;null;null;
1961-07-04;null;null;
1961-07-05;null;null;
1961-07-06;null;null;
1961-07-07;null;null;
1961-07-08;null;null;
1961-07-09;null;null;
1961-07-10;null;null;
1961-07-11;null;null;
1961-07-12;null;null;
1961-07-13;null;null;
1961-07-14;null;null;
1961-07-15;null;null;
1961-07-16;null;null;
1961-07-17;null;null;
1961-07-18;null;null;
1961-07-19;null;null;
1961-07-20;null;null;
1961-07-21;null;null;
1961-07-22;null;null;
1961-07-23;null;null;
1961-07-24;null;null;
1961-07-25;null;null;
1961-07-26;null;null;
1961-07-27;null;null;
1961-07-28;null;null;
1961-07-29;null;null;
1961-07-30;null;null;
1961-07-31;null;null;
1961-08-01;null;null;
1961-08-02;null;null;
1961-08-03;null;null;
1961-08-04;null;null;
1961-08-05;null;null;
1961-08-06;null;null;
1961-08-07;null;null;
1961-08-08;null;null;
1961-08-09;null;null;
1961-08-10;null;null;
1961-08-11;null;null;
1961-08-12;null;null;
1961-08-13;null;null;
1961-08-14;null;null;
1961-08-15;null;null;
1961-08-16;null;null;
1961-08-17;null;null;
1961-08-18;null;null;
1961-08-19;null;null;
1961-08-20;null;null;
1961-08-21;null;null;
1961-08-22;null;null;
1961-08-23;null;null;
1961-08-24;null;null;
1961-08-25;null;null;
1961-08-26;null;null;
1961-08-27;null;null;
1961-08-28;null;null;
1961-08-29;null;null;
1961-08-30;null;null;
1961-08-31;null;null;
1961-09-01;null;null;
1961-09-02;null;null;
1961-09-03;null;null;
1961-09-04;null;null;
1961-09-05;null;null;
1961-09-06;null;null;
1961-09-07;null;null;
1961-09-08;null;null;
1961-09-09;null;null;
1961-09-10;null;null;
1961-09-11;null;null;
1961-09-12;null;null;
1961-09-13;null;null;
1961-09-14;null;null;
1961-09-15;null;null;
1961-09-16;null;null;
1961-09-17;null;null;
1961-09-18;null;null;
1961-09-19;null;null;
1961-09-20;null;null;
1961-09-21;null;null;
1961-09-22;null;null;
1961-09-23;null;null;
1961-09-24;null;null;
1961-09-25;null;null;
1961-09-26;null;null;
1961-09-27;null;null;
1961-09-28;null;null;
1961-09-29;null;null;
1961-09-30;null;null;
1961-10-01;null;null;
1961-10-02;null;null;
1961-10-03;null;null;
1961-10-04;null;null;
1961-10-05;null;null;
1961-10-06;null;null;
1961-10-07;null;null;
1961-10-08;null;null;
1961-10-09;null;null;
1961-10-10;null;null;
1961-10-11;null;null;
1961-10-12;null;null;
1961-10-13;null;null;
1961-10-14;null;null;
1961-10-15;null;null;
1961-10-16;null;null;
1961-10-17;null;null;
1961-10-18;null;null;
1961-10-19;null;null;
1961-10-20;null;null;
1961-10-21;null;null;
1961-10-22;null;null;
1961-10-23;null;null;
1961-10-24;null;null;
1961-10-25;null;null;
1961-10-26;null;null;
1961-10-27;null;null;
1961-10-28;null;null;
1961-10-29;null;null;
1961-10-30;null;null;
1961-10-31;null;null;
1961-11-01;null;null;
1961-11-02;null;null;
1961-11-03;null;null;
1961-11-04;null;null;
1961-11-05;null;null;
1961-11-06;null;null;
1961-11-07;null;null;
1961-11-08;null;null;
1961-11-09;null;null;
1961-11-10;null;null;
1961-11-11;null;null;
1961-11-12;null;null;
1961-11-13;null;null;
1961-11-14;null;null;
1961-11-15;null;null;
1961-11-16;null;null;
1961-11-17;null;null;
1961-11-18;null;null;
1961-11-19;null;null;
1961-11-20;null;null;
1961-11-21;null;null;
1961-11-22;null;null;
1961-11-23;null;null;
1961-11-24;null;null;
1961-11-25;null;null;
1961-11-26;null;null;
1961-11-27;null;null;
1961-11-28;null;null;
1961-11-29;null;null;
1961-11-30;null;null;
1961-12-01;null;null;
1961-12-02;null;null;
1961-12-03;null;null;
1961-12-04;null;null;
1961-12-05;null;null;
1961-12-06;null;null;
1961-12-07;null;null;
1961-12-08;null;null;
1961-12-09;null;null;
1961-12-10;null;null;
1961-12-11;null;null;
1961-12-12;null;null;
1961-12-13;null;null;
1961-12-14;null;null;
1961-12-15;null;null;
1961-12-16;null;null;
1961-12-17;null;null;
1961-12-18;null;null;
1961-12-19;null;null;
1961-12-20;null;null;
1961-12-21;null;null;
1961-12-22;null;null;
1961-12-23;null;null;
1961-12-24;null;null;
1961-12-25;null;null;
1961-12-26;null;null;
1961-12-27;null;null;
1961-12-28;null;null;
1961-12-29;null;null;
1961-12-30;null;null;
1961-12-31;null;null;
1962-01-01;null;null;
1962-01-02;null;null;
1962-01-03;null;null;
1962-01-04;null;null;
1962-01-05;null;null;
1962-01-06;null;null;
1962-01-07;null;null;
1962-01-08;null;null;
1962-01-09;null;null;
1962-01-10;null;null;
1962-01-11;null;null;
1962-01-12;null;null;
1962-01-13;null;null;
1962-01-14;null;null;
1962-01-15;null;null;
1962-01-16;null;null;
1962-01-17;null;null;
1962-01-18;null;null;
1962-01-19;null;null;
1962-01-20;null;null;
1962-01-21;null;null;
1962-01-22;null;null;
1962-01-23;null;null;
1962-01-24;null;null;
1962-01-25;null;null;
1962-01-26;null;null;
1962-01-27;null;null;
1962-01-28;null;null;
1962-01-29;null;null;
1962-01-30;null;null;
1962-01-31;null;null;
1962-02-01;null;null;
1962-02-02;null;null;
1962-02-03;null;null;
1962-02-04;null;null;
1962-02-05;null;null;
1962-02-06;null;null;
1962-02-07;null;null;
1962-02-08;null;null;
1962-02-09;null;null;
1962-02-10;null;null;
1962-02-11;null;null;
1962-02-12;null;null;
1962-02-13;null;null;
1962-02-14;null;null;
1962-02-15;null;null;
1962-02-16;null;null;
1962-02-17;null;null;
1962-02-18;null;null;
1962-02-19;null;null;
1962-02-20;null;null;
1962-02-21;null;null;
1962-02-22;null;null;
1962-02-23;null;null;
1962-02-24;null;null;
1962-02-25;null;null;
1962-02-26;null;null;
1962-02-27;null;null;
1962-02-28;null;null;
1962-03-01;null;null;
1962-03-02;null;null;
1962-03-03;null;null;
1962-03-04;null;null;
1962-03-05;null;null;
1962-03-06;null;null;
1962-03-07;null;null;
1962-03-08;null;null;
1962-03-09;null;null;
1962-03-10;null;null;
1962-03-11;null;null;
1962-03-12;null;null;
1962-03-13;null;null;
1962-03-14;null;null;
1962-03-15;null;null;
1962-03-16;null;null;
1962-03-17;null;null;
1962-03-18;null;null;
1962-03-19;null;null;
1962-03-20;null;null;
1962-03-21;null;null;
1962-03-22;null;null;
1962-03-23;null;null;
1962-03-24;null;null;
1962-03-25;null;null;
1962-03-26;null;null;
1962-03-27;null;null;
1962-03-28;null;null;
1962-03-29;null;null;
1962-03-30;null;null;
1962-03-31;null;null;
1962-04-01;null;null;
1962-04-02;null;null;
1962-04-03;null;null;
1962-04-04;null;null;
1962-04-05;null;null;
1962-04-06;null;null;
1962-04-07;null;null;
1962-04-08;null;null;
1962-04-09;null;null;
1962-04-10;null;null;
1962-04-11;null;null;
1962-04-12;null;null;
1962-04-13;null;null;
1962-04-14;null;null;
1962-04-15;null;null;
1962-04-16;null;null;
1962-04-17;null;null;
1962-04-18;null;null;
1962-04-19;null;null;
1962-04-20;null;null;
1962-04-21;null;null;
1962-04-22;null;null;
1962-04-23;null;null;
1962-04-24;null;null;
1962-04-25;null;null;
1962-04-26;null;null;
1962-04-27;null;null;
1962-04-28;null;null;
1962-04-29;null;null;
1962-04-30;null;null;
1962-05-01;null;null;
1962-05-02;null;null;
1962-05-03;null;null;
1962-05-04;null;null;
1962-05-05;null;null;
1962-05-06;null;null;
1962-05-07;null;null;
1962-05-08;null;null;
1962-05-09;null;null;
1962-05-10;null;null;
1962-05-11;null;null;
1962-05-12;null;null;
1962-05-13;null;null;
1962-05-14;null;null;
1962-05-15;null;null;
1962-05-16;null;null;
1962-05-17;null;null;
1962-05-18;null;null;
1962-05-19;null;null;
1962-05-20;null;null;
1962-05-21;null;null;
1962-05-22;null;null;
1962-05-23;null;null;
1962-05-24;null;null;
1962-05-25;null;null;
1962-05-26;null;null;
1962-05-27;null;null;
1962-05-28;null;null;
1962-05-29;null;null;
1962-05-30;null;null;
1962-05-31;null;null;
1962-06-01;null;null;
1962-06-02;null;null;
1962-06-03;null;null;
1962-06-04;null;null;
1962-06-05;null;null;
1962-06-06;null;null;
1962-06-07;null;null;
1962-06-08;null;null;
1962-06-09;null;null;
1962-06-10;null;null;
1962-06-11;null;null;
1962-06-12;null;null;
1962-06-13;null;null;
1962-06-14;null;null;
1962-06-15;null;null;
1962-06-16;null;null;
1962-06-17;null;null;
1962-06-18;null;null;
1962-06-19;null;null;
1962-06-20;null;null;
1962-06-21;null;null;
1962-06-22;null;null;
1962-06-23;null;null;
1962-06-24;null;null;
1962-06-25;null;null;
1962-06-26;null;null;
1962-06-27;null;null;
1962-06-28;null;null;
1962-06-29;null;null;
1962-06-30;null;null;
1962-07-01;null;null;
1962-07-02;null;null;
1962-07-03;null;null;
1962-07-04;null;null;
1962-07-05;null;null;
1962-07-06;null;null;
1962-07-07;null;null;
1962-07-08;null;null;
1962-07-09;null;null;
1962-07-10;null;null;
1962-07-11;null;null;
1962-07-12;null;null;
1962-07-13;null;null;
1962-07-14;null;null;
1962-07-15;null;null;
1962-07-16;null;null;
1962-07-17;null;null;
1962-07-18;null;null;
1962-07-19;null;null;
1962-07-20;null;null;
1962-07-21;null;null;
1962-07-22;null;null;
1962-07-23;null;null;
1962-07-24;null;null;
1962-07-25;null;null;
1962-07-26;null;null;
1962-07-27;null;null;
1962-07-28;null;null;
1962-07-29;null;null;
1962-07-30;null;null;
1962-07-31;null;null;
1962-08-01;null;null;
1962-08-02;null;null;
1962-08-03;null;null;
1962-08-04;null;null;
1962-08-05;null;null;
1962-08-06;null;null;
1962-08-07;null;null;
1962-08-08;null;null;
1962-08-09;null;null;
1962-08-10;null;null;
1962-08-11;null;null;
1962-08-12;null;null;
1962-08-13;null;null;
1962-08-14;null;null;
1962-08-15;null;null;
1962-08-16;null;null;
1962-08-17;null;null;
1962-08-18;null;null;
1962-08-19;null;null;
1962-08-20;null;null;
1962-08-21;null;null;
1962-08-22;null;null;
1962-08-23;null;null;
1962-08-24;null;null;
1962-08-25;null;null;
1962-08-26;null;null;
1962-08-27;null;null;
1962-08-28;null;null;
1962-08-29;null;null;
1962-08-30;null;null;
1962-08-31;null;null;
1962-09-01;null;null;
1962-09-02;null;null;
1962-09-03;null;null;
1962-09-04;null;null;
1962-09-05;null;null;
1962-09-06;null;null;
1962-09-07;null;null;
1962-09-08;null;null;
1962-09-09;null;null;
1962-09-10;null;null;
1962-09-11;null;null;
1962-09-12;null;null;
1962-09-13;null;null;
1962-09-14;null;null;
1962-09-15;null;null;
1962-09-16;null;null;
1962-09-17;null;null;
1962-09-18;null;null;
1962-09-19;null;null;
1962-09-20;null;null;
1962-09-21;null;null;
1962-09-22;null;null;
1962-09-23;null;null;
1962-09-24;null;null;
1962-09-25;null;null;
1962-09-26;null;null;
1962-09-27;null;null;
1962-09-28;null;null;
1962-09-29;null;null;
1962-09-30;null;null;
1962-10-01;null;null;
1962-10-02;null;null;
1962-10-03;null;null;
1962-10-04;null;null;
1962-10-05;null;null;
1962-10-06;null;null;
1962-10-07;null;null;
1962-10-08;null;null;
1962-10-09;null;null;
1962-10-10;null;null;
1962-10-11;null;null;
1962-10-12;null;null;
1962-10-13;null;null;
1962-10-14;null;null;
1962-10-15;null;null;
1962-10-16;null;null;
1962-10-17;null;null;
1962-10-18;null;null;
1962-10-19;null;null;
1962-10-20;null;null;
1962-10-21;null;null;
1962-10-22;null;null;
1962-10-23;null;null;
1962-10-24;null;null;
1962-10-25;null;null;
1962-10-26;null;null;
1962-10-27;null;null;
1962-10-28;null;null;
1962-10-29;null;null;
1962-10-30;null;null;
1962-10-31;null;null;
1962-11-01;null;null;
1962-11-02;null;null;
1962-11-03;null;null;
1962-11-04;null;null;
1962-11-05;null;null;
1962-11-06;null;null;
1962-11-07;null;null;
1962-11-08;null;null;
1962-11-09;null;null;
1962-11-10;null;null;
1962-11-11;null;null;
1962-11-12;null;null;
1962-11-13;null;null;
1962-11-14;null;null;
1962-11-15;null;null;
1962-11-16;null;null;
1962-11-17;null;null;
1962-11-18;null;null;
1962-11-19;null;null;
1962-11-20;null;null;
1962-11-21;null;null;
1962-11-22;null;null;
1962-11-23;null;null;
1962-11-24;null;null;
1962-11-25;null;null;
1962-11-26;null;null;
1962-11-27;null;null;
1962-11-28;null;null;
1962-11-29;null;null;
1962-11-30;null;null;
1962-12-01;null;null;
1962-12-02;null;null;
1962-12-03;null;null;
1962-12-04;null;null;
1962-12-05;null;null;
1962-12-06;null;null;
1962-12-07;null;null;
1962-12-08;null;null;
1962-12-09;null;null;
1962-12-10;null;null;
1962-12-11;null;null;
1962-12-12;null;null;
1962-12-13;null;null;
1962-12-14;null;null;
1962-12-15;null;null;
1962-12-16;null;null;
1962-12-17;null;null;
1962-12-18;null;null;
1962-12-19;null;null;
1962-12-20;null;null;
1962-12-21;null;null;
1962-12-22;null;null;
1962-12-23;null;null;
1962-12-24;null;null;
1962-12-25;null;null;
1962-12-26;null;null;
1962-12-27;null;null;
1962-12-28;null;null;
1962-12-29;null;null;
1962-12-30;null;null;
1962-12-31;null;null;
1963-01-01;null;null;
1963-01-02;null;null;
1963-01-03;null;null;
1963-01-04;null;null;
1963-01-05;null;null;
1963-01-06;null;null;
1963-01-07;null;null;
1963-01-08;null;null;
1963-01-09;null;null;
1963-01-10;null;null;
1963-01-11;null;null;
1963-01-12;null;null;
1963-01-13;null;null;
1963-01-14;null;null;
1963-01-15;null;null;
1963-01-16;null;null;
1963-01-17;null;null;
1963-01-18;null;null;
1963-01-19;null;null;
1963-01-20;null;null;
1963-01-21;null;null;
1963-01-22;null;null;
1963-01-23;null;null;
1963-01-24;null;null;
1963-01-25;null;null;
1963-01-26;null;null;
1963-01-27;null;null;
1963-01-28;null;null;
1963-01-29;null;null;
1963-01-30;null;null;
1963-01-31;null;null;
1963-02-01;null;null;
1963-02-02;null;null;
1963-02-03;null;null;
1963-02-04;null;null;
1963-02-05;null;null;
1963-02-06;null;null;
1963-02-07;null;null;
1963-02-08;null;null;
1963-02-09;null;null;
1963-02-10;null;null;
1963-02-11;null;null;
1963-02-12;null;null;
1963-02-13;null;null;
1963-02-14;null;null;
1963-02-15;null;null;
1963-02-16;null;null;
1963-02-17;null;null;
1963-02-18;null;null;
1963-02-19;null;null;
1963-02-20;null;null;
1963-02-21;null;null;
1963-02-22;null;null;
1963-02-23;null;null;
1963-02-24;null;null;
1963-02-25;null;null;
1963-02-26;null;null;
1963-02-27;null;null;
1963-02-28;null;null;
1963-03-01;null;null;
1963-03-02;null;null;
1963-03-03;null;null;
1963-03-04;null;null;
1963-03-05;null;null;
1963-03-06;null;null;
1963-03-07;null;null;
1963-03-08;null;null;
1963-03-09;null;null;
1963-03-10;null;null;
1963-03-11;null;null;
1963-03-12;null;null;
1963-03-13;null;null;
1963-03-14;null;null;
1963-03-15;null;null;
1963-03-16;null;null;
1963-03-17;null;null;
1963-03-18;null;null;
1963-03-19;null;null;
1963-03-20;null;null;
1963-03-21;null;null;
1963-03-22;null;null;
1963-03-23;null;null;
1963-03-24;null;null;
1963-03-25;null;null;
1963-03-26;null;null;
1963-03-27;null;null;
1963-03-28;null;null;
1963-03-29;null;null;
1963-03-30;null;null;
1963-03-31;null;null;
1963-04-01;null;null;
1963-04-02;null;null;
1963-04-03;null;null;
1963-04-04;null;null;
1963-04-05;null;null;
1963-04-06;null;null;
1963-04-07;null;null;
1963-04-08;null;null;
1963-04-09;null;null;
1963-04-10;null;null;
1963-04-11;null;null;
1963-04-12;null;null;
1963-04-13;null;null;
1963-04-14;null;null;
1963-04-15;null;null;
1963-04-16;null;null;
1963-04-17;null;null;
1963-04-18;null;null;
1963-04-19;null;null;
1963-04-20;null;null;
1963-04-21;null;null;
1963-04-22;null;null;
1963-04-23;null;null;
1963-04-24;null;null;
1963-04-25;null;null;
1963-04-26;null;null;
1963-04-27;null;null;
1963-04-28;null;null;
1963-04-29;null;null;
1963-04-30;null;null;
1963-05-01;null;null;
1963-05-02;null;null;
1963-05-03;null;null;
1963-05-04;null;null;
1963-05-05;null;null;
1963-05-06;null;null;
1963-05-07;null;null;
1963-05-08;null;null;
1963-05-09;null;null;
1963-05-10;null;null;
1963-05-11;null;null;
1963-05-12;null;null;
1963-05-13;null;null;
1963-05-14;null;null;
1963-05-15;null;null;
1963-05-16;null;null;
1963-05-17;null;null;
1963-05-18;null;null;
1963-05-19;null;null;
1963-05-20;null;null;
1963-05-21;null;null;
1963-05-22;null;null;
1963-05-23;null;null;
1963-05-24;null;null;
1963-05-25;null;null;
1963-05-26;null;null;
1963-05-27;null;null;
1963-05-28;null;null;
1963-05-29;null;null;
1963-05-30;null;null;
1963-05-31;null;null;
1963-06-01;null;null;
1963-06-02;null;null;
1963-06-03;null;null;
1963-06-04;null;null;
1963-06-05;null;null;
1963-06-06;null;null;
1963-06-07;null;null;
1963-06-08;null;null;
1963-06-09;null;null;
1963-06-10;null;null;
1963-06-11;null;null;
1963-06-12;null;null;
1963-06-13;null;null;
1963-06-14;null;null;
1963-06-15;null;null;
1963-06-16;null;null;
1963-06-17;null;null;
1963-06-18;null;null;
1963-06-19;null;null;
1963-06-20;null;null;
1963-06-21;null;null;
1963-06-22;null;null;
1963-06-23;null;null;
1963-06-24;null;null;
1963-06-25;null;null;
1963-06-26;null;null;
1963-06-27;null;null;
1963-06-28;null;null;
1963-06-29;null;null;
1963-06-30;null;null;
1963-07-01;null;null;
1963-07-02;null;null;
1963-07-03;null;null;
1963-07-04;null;null;
1963-07-05;null;null;
1963-07-06;null;null;
1963-07-07;null;null;
1963-07-08;null;null;
1963-07-09;null;null;
1963-07-10;null;null;
1963-07-11;null;null;
1963-07-12;null;null;
1963-07-13;null;null;
1963-07-14;null;null;
1963-07-15;null;null;
1963-07-16;null;null;
1963-07-17;null;null;
1963-07-18;null;null;
1963-07-19;null;null;
1963-07-20;null;null;
1963-07-21;null;null;
1963-07-22;null;null;
1963-07-23;null;null;
1963-07-24;null;null;
1963-07-25;null;null;
1963-07-26;null;null;
1963-07-27;null;null;
1963-07-28;null;null;
1963-07-29;null;null;
1963-07-30;null;null;
1963-07-31;null;null;
1963-08-01;null;null;
1963-08-02;null;null;
1963-08-03;null;null;
1963-08-04;null;null;
1963-08-05;null;null;
1963-08-06;null;null;
1963-08-07;null;null;
1963-08-08;null;null;
1963-08-09;null;null;
1963-08-10;null;null;
1963-08-11;null;null;
1963-08-12;null;null;
1963-08-13;null;null;
1963-08-14;null;null;
1963-08-15;null;null;
1963-08-16;null;null;
1963-08-17;null;null;
1963-08-18;null;null;
1963-08-19;null;null;
1963-08-20;null;null;
1963-08-21;null;null;
1963-08-22;null;null;
1963-08-23;null;null;
1963-08-24;null;null;
1963-08-25;null;null;
1963-08-26;null;null;
1963-08-27;null;null;
1963-08-28;null;null;
1963-08-29;null;null;
1963-08-30;null;null;
1963-08-31;null;null;
1963-09-01;null;null;
1963-09-02;null;null;
1963-09-03;null;null;
1963-09-04;null;null;
1963-09-05;null;null;
1963-09-06;null;null;
1963-09-07;null;null;
1963-09-08;null;null;
1963-09-09;null;null;
1963-09-10;null;null;
1963-09-11;null;null;
1963-09-12;null;null;
1963-09-13;null;null;
1963-09-14;null;null;
1963-09-15;null;null;
1963-09-16;null;null;
1963-09-17;null;null;
1963-09-18;null;null;
1963-09-19;null;null;
1963-09-20;null;null;
1963-09-21;null;null;
1963-09-22;null;null;
1963-09-23;null;null;
1963-09-24;null;null;
1963-09-25;null;null;
1963-09-26;null;null;
1963-09-27;null;null;
1963-09-28;null;null;
1963-09-29;null;null;
1963-09-30;null;null;
1963-10-01;null;null;
1963-10-02;null;null;
1963-10-03;null;null;
1963-10-04;null;null;
1963-10-05;null;null;
1963-10-06;null;null;
1963-10-07;null;null;
1963-10-08;null;null;
1963-10-09;null;null;
1963-10-10;null;null;
1963-10-11;null;null;
1963-10-12;null;null;
1963-10-13;null;null;
1963-10-14;null;null;
1963-10-15;null;null;
1963-10-16;null;null;
1963-10-17;null;null;
1963-10-18;null;null;
1963-10-19;null;null;
1963-10-20;null;null;
1963-10-21;null;null;
1963-10-22;null;null;
1963-10-23;null;null;
1963-10-24;null;null;
1963-10-25;null;null;
1963-10-26;null;null;
1963-10-27;null;null;
1963-10-28;null;null;
1963-10-29;null;null;
1963-10-30;null;null;
1963-10-31;null;null;
1963-11-01;null;null;
1963-11-02;null;null;
1963-11-03;null;null;
1963-11-04;null;null;
1963-11-05;null;null;
1963-11-06;null;null;
1963-11-07;null;null;
1963-11-08;null;null;
1963-11-09;null;null;
1963-11-10;null;null;
1963-11-11;null;null;
1963-11-12;null;null;
1963-11-13;null;null;
1963-11-14;null;null;
1963-11-15;null;null;
1963-11-16;null;null;
1963-11-17;null;null;
1963-11-18;null;null;
1963-11-19;null;null;
1963-11-20;null;null;
1963-11-21;null;null;
1963-11-22;null;null;
1963-11-23;null;null;
1963-11-24;null;null;
1963-11-25;null;null;
1963-11-26;null;null;
1963-11-27;null;null;
1963-11-28;null;null;
1963-11-29;null;null;
1963-11-30;null;null;
1963-12-01;null;null;
1963-12-02;null;null;
1963-12-03;null;null;
1963-12-04;null;null;
1963-12-05;41.3;null;
1963-12-06;null;null;
1963-12-07;null;null;
1963-12-08;null;null;
1963-12-09;null;null;
1963-12-10;null;null;
1963-12-11;null;null;
1963-12-12;null;null;
1963-12-13;null;null;
1963-12-14;null;null;
1963-12-15;null;null;
1963-12-16;null;null;
1963-12-17;null;null;
1963-12-18;null;null;
1963-12-19;null;null;
1963-12-20;null;null;
1963-12-21;null;null;
1963-12-22;null;null;
1963-12-23;null;null;
1963-12-24;null;null;
1963-12-25;null;null;
1963-12-26;null;null;
1963-12-27;null;null;
1963-12-28;null;null;
1963-12-29;null;null;
1963-12-30;null;null;
1963-12-31;null;null;
1964-01-01;null;null;
1964-01-02;null;null;
1964-01-03;null;null;
1964-01-04;null;null;
1964-01-05;null;null;
1964-01-06;null;null;
1964-01-07;null;null;
1964-01-08;null;null;
1964-01-09;null;null;
1964-01-10;null;null;
1964-01-11;null;null;
1964-01-12;null;null;
1964-01-13;null;null;
1964-01-14;null;null;
1964-01-15;null;null;
1964-01-16;null;null;
1964-01-17;null;null;
1964-01-18;null;null;
1964-01-19;null;null;
1964-01-20;null;null;
1964-01-21;null;null;
1964-01-22;null;null;
1964-01-23;null;null;
1964-01-24;null;null;
1964-01-25;null;null;
1964-01-26;null;null;
1964-01-27;null;null;
1964-01-28;null;null;
1964-01-29;null;null;
1964-01-30;null;null;
1964-01-31;null;null;
1964-02-01;null;null;
1964-02-02;null;null;
1964-02-03;null;null;
1964-02-04;null;null;
1964-02-05;null;null;
1964-02-06;null;null;
1964-02-07;null;null;
1964-02-08;null;null;
1964-02-09;null;null;
1964-02-10;null;null;
1964-02-11;null;null;
1964-02-12;null;null;
1964-02-13;null;null;
1964-02-14;null;null;
1964-02-15;null;null;
1964-02-16;null;null;
1964-02-17;null;null;
1964-02-18;null;null;
1964-02-19;null;null;
1964-02-20;null;null;
1964-02-21;null;null;
1964-02-22;null;null;
1964-02-23;null;null;
1964-02-24;null;null;
1964-02-25;null;null;
1964-02-26;null;null;
1964-02-27;null;null;
1964-02-28;null;null;
1964-02-29;null;null;
1964-03-01;null;null;
1964-03-02;null;null;
1964-03-03;null;null;
1964-03-04;null;null;
1964-03-05;null;null;
1964-03-06;null;null;
1964-03-07;null;null;
1964-03-08;null;null;
1964-03-09;null;null;
1964-03-10;null;null;
1964-03-11;null;null;
1964-03-12;null;null;
1964-03-13;null;null;
1964-03-14;null;null;
1964-03-15;null;null;
1964-03-16;null;null;
1964-03-17;null;null;
1964-03-18;null;null;
1964-03-19;null;null;
1964-03-20;null;null;
1964-03-21;null;null;
1964-03-22;null;null;
1964-03-23;null;null;
1964-03-24;null;null;
1964-03-25;null;null;
1964-03-26;null;null;
1964-03-27;null;null;
1964-03-28;null;null;
1964-03-29;null;null;
1964-03-30;null;null;
1964-03-31;null;null;
1964-04-01;null;null;
1964-04-02;null;null;
1964-04-03;null;null;
1964-04-04;null;null;
1964-04-05;null;null;
1964-04-06;null;null;
1964-04-07;null;null;
1964-04-08;null;null;
1964-04-09;null;null;
1964-04-10;null;null;
1964-04-11;null;null;
1964-04-12;null;null;
1964-04-13;null;null;
1964-04-14;null;null;
1964-04-15;null;null;
1964-04-16;null;null;
1964-04-17;null;null;
1964-04-18;null;null;
1964-04-19;null;null;
1964-04-20;null;null;
1964-04-21;null;null;
1964-04-22;null;null;
1964-04-23;null;null;
1964-04-24;null;null;
1964-04-25;null;null;
1964-04-26;null;null;
1964-04-27;null;null;
1964-04-28;null;null;
1964-04-29;null;null;
1964-04-30;null;null;
1964-05-01;null;null;
1964-05-02;null;null;
1964-05-03;null;null;
1964-05-04;null;null;
1964-05-05;null;null;
1964-05-06;null;null;
1964-05-07;null;null;
1964-05-08;null;null;
1964-05-09;null;null;
1964-05-10;null;null;
1964-05-11;null;null;
1964-05-12;null;null;
1964-05-13;null;null;
1964-05-14;null;null;
1964-05-15;null;null;
1964-05-16;null;null;
1964-05-17;null;null;
1964-05-18;null;null;
1964-05-19;null;null;
1964-05-20;null;null;
1964-05-21;null;null;
1964-05-22;null;null;
1964-05-23;null;null;
1964-05-24;null;null;
1964-05-25;null;null;
1964-05-26;null;null;
1964-05-27;null;null;
1964-05-28;null;null;
1964-05-29;null;null;
1964-05-30;null;null;
1964-05-31;null;null;
1964-06-01;null;null;
1964-06-02;null;null;
1964-06-03;null;null;
1964-06-04;null;null;
1964-06-05;null;null;
1964-06-06;null;null;
1964-06-07;null;null;
1964-06-08;null;null;
1964-06-09;null;null;
1964-06-10;null;null;
1964-06-11;null;null;
1964-06-12;null;null;
1964-06-13;null;null;
1964-06-14;null;null;
1964-06-15;null;null;
1964-06-16;null;null;
1964-06-17;null;null;
1964-06-18;null;null;
1964-06-19;null;null;
1964-06-20;null;null;
1964-06-21;null;null;
1964-06-22;null;null;
1964-06-23;null;null;
1964-06-24;null;null;
1964-06-25;null;null;
1964-06-26;null;null;
1964-06-27;null;null;
1964-06-28;null;null;
1964-06-29;null;null;
1964-06-30;null;null;
1964-07-01;null;null;
1964-07-02;null;null;
1964-07-03;null;null;
1964-07-04;null;null;
1964-07-05;null;null;
1964-07-06;null;null;
1964-07-07;null;null;
1964-07-08;null;null;
1964-07-09;null;null;
1964-07-10;null;null;
1964-07-11;null;null;
1964-07-12;null;null;
1964-07-13;null;null;
1964-07-14;null;null;
1964-07-15;null;null;
1964-07-16;null;null;
1964-07-17;null;null;
1964-07-18;null;null;
1964-07-19;null;null;
1964-07-20;null;null;
1964-07-21;null;null;
1964-07-22;null;null;
1964-07-23;null;null;
1964-07-24;null;null;
1964-07-25;null;null;
1964-07-26;null;null;
1964-07-27;null;null;
1964-07-28;null;null;
1964-07-29;null;null;
1964-07-30;null;null;
1964-07-31;null;null;
1964-08-01;null;null;
1964-08-02;null;null;
1964-08-03;null;null;
1964-08-04;null;null;
1964-08-05;null;null;
1964-08-06;null;null;
1964-08-07;null;null;
1964-08-08;null;null;
1964-08-09;null;null;
1964-08-10;null;null;
1964-08-11;null;null;
1964-08-12;null;null;
1964-08-13;null;null;
1964-08-14;null;null;
1964-08-15;null;null;
1964-08-16;null;null;
1964-08-17;null;null;
1964-08-18;null;null;
1964-08-19;null;null;
1964-08-20;null;null;
1964-08-21;null;null;
1964-08-22;null;null;
1964-08-23;null;null;
1964-08-24;null;null;
1964-08-25;null;null;
1964-08-26;null;null;
1964-08-27;null;null;
1964-08-28;null;null;
1964-08-29;null;null;
1964-08-30;null;null;
1964-08-31;null;null;
1964-09-01;null;null;
1964-09-02;null;null;
1964-09-03;null;null;
1964-09-04;null;null;
1964-09-05;null;null;
1964-09-06;null;null;
1964-09-07;null;null;
1964-09-08;null;null;
1964-09-09;null;null;
1964-09-10;null;null;
1964-09-11;null;null;
1964-09-12;null;null;
1964-09-13;null;null;
1964-09-14;null;null;
1964-09-15;null;null;
1964-09-16;null;null;
1964-09-17;null;null;
1964-09-18;null;null;
1964-09-19;null;null;
1964-09-20;null;null;
1964-09-21;null;null;
1964-09-22;null;null;
1964-09-23;null;null;
1964-09-24;null;null;
1964-09-25;null;null;
1964-09-26;null;null;
1964-09-27;null;null;
1964-09-28;null;null;
1964-09-29;null;null;
1964-09-30;null;null;
1964-10-01;null;null;
1964-10-02;null;null;
1964-10-03;null;null;
1964-10-04;null;null;
1964-10-05;null;null;
1964-10-06;null;null;
1964-10-07;null;null;
1964-10-08;null;null;
1964-10-09;null;null;
1964-10-10;null;null;
1964-10-11;null;null;
1964-10-12;null;null;
1964-10-13;null;null;
1964-10-14;null;null;
1964-10-15;null;null;
1964-10-16;null;null;
1964-10-17;null;null;
1964-10-18;null;null;
1964-10-19;null;null;
1964-10-20;null;null;
1964-10-21;null;null;
1964-10-22;null;null;
1964-10-23;null;null;
1964-10-24;null;null;
1964-10-25;null;null;
1964-10-26;null;null;
1964-10-27;null;null;
1964-10-28;null;null;
1964-10-29;null;null;
1964-10-30;null;null;
1964-10-31;null;null;
1964-11-01;null;null;
1964-11-02;null;null;
1964-11-03;null;null;
1964-11-04;null;null;
1964-11-05;null;null;
1964-11-06;null;null;
1964-11-07;null;null;
1964-11-08;null;null;
1964-11-09;null;null;
1964-11-10;null;null;
1964-11-11;null;null;
1964-11-12;null;null;
1964-11-13;null;null;
1964-11-14;null;null;
1964-11-15;null;null;
1964-11-16;null;null;
1964-11-17;null;null;
1964-11-18;null;null;
1964-11-19;null;null;
1964-11-20;null;null;
1964-11-21;null;null;
1964-11-22;null;null;
1964-11-23;null;null;
1964-11-24;null;null;
1964-11-25;null;null;
1964-11-26;null;null;
1964-11-27;null;null;
1964-11-28;null;null;
1964-11-29;null;null;
1964-11-30;null;null;
1964-12-01;null;null;
1964-12-02;null;null;
1964-12-03;null;null;
1964-12-04;null;null;
1964-12-05;null;null;
1964-12-06;null;null;
1964-12-07;null;null;
1964-12-08;null;null;
1964-12-09;null;null;
1964-12-10;null;null;
1964-12-11;null;null;
1964-12-12;null;null;
1964-12-13;null;null;
1964-12-14;null;null;
1964-12-15;null;null;
1964-12-16;null;null;
1964-12-17;null;null;
1964-12-18;null;null;
1964-12-19;null;null;
1964-12-20;null;null;
1964-12-21;null;null;
1964-12-22;null;null;
1964-12-23;null;null;
1964-12-24;null;null;
1964-12-25;null;null;
1964-12-26;null;null;
1964-12-27;null;null;
1964-12-28;null;null;
1964-12-29;null;null;
1964-12-30;null;null;
1964-12-31;null;null;
1965-01-01;null;null;
1965-01-02;null;null;
1965-01-03;null;null;
1965-01-04;null;null;
1965-01-05;null;null;
1965-01-06;null;null;
1965-01-07;null;null;
1965-01-08;null;null;
1965-01-09;null;null;
1965-01-10;null;null;
1965-01-11;null;null;
1965-01-12;null;null;
1965-01-13;null;null;
1965-01-14;null;null;
1965-01-15;null;null;
1965-01-16;null;null;
1965-01-17;null;null;
1965-01-18;null;null;
1965-01-19;null;null;
1965-01-20;null;null;
1965-01-21;null;null;
1965-01-22;null;null;
1965-01-23;null;null;
1965-01-24;null;null;
1965-01-25;null;null;
1965-01-26;null;null;
1965-01-27;null;null;
1965-01-28;null;null;
1965-01-29;null;null;
1965-01-30;null;null;
1965-01-31;null;null;
1965-02-01;null;null;
1965-02-02;null;null;
1965-02-03;null;null;
1965-02-04;null;null;
1965-02-05;null;null;
1965-02-06;null;null;
1965-02-07;null;null;
1965-02-08;null;null;
1965-02-09;null;null;
1965-02-10;null;null;
1965-02-11;null;null;
1965-02-12;null;null;
1965-02-13;null;null;
1965-02-14;null;null;
1965-02-15;null;null;
1965-02-16;null;null;
1965-02-17;null;null;
1965-02-18;null;null;
1965-02-19;null;null;
1965-02-20;null;null;
1965-02-21;null;null;
1965-02-22;null;null;
1965-02-23;null;null;
1965-02-24;null;null;
1965-02-25;null;null;
1965-02-26;null;null;
1965-02-27;null;null;
1965-02-28;null;null;
1965-03-01;null;null;
1965-03-02;null;null;
1965-03-03;null;null;
1965-03-04;null;null;
1965-03-05;null;null;
1965-03-06;null;null;
1965-03-07;null;null;
1965-03-08;null;null;
1965-03-09;null;null;
1965-03-10;null;null;
1965-03-11;null;null;
1965-03-12;null;null;
1965-03-13;null;null;
1965-03-14;null;null;
1965-03-15;null;null;
1965-03-16;null;null;
1965-03-17;null;null;
1965-03-18;null;null;
1965-03-19;null;null;
1965-03-20;null;null;
1965-03-21;null;null;
1965-03-22;null;null;
1965-03-23;null;null;
1965-03-24;null;null;
1965-03-25;null;null;
1965-03-26;null;null;
1965-03-27;null;null;
1965-03-28;null;null;
1965-03-29;null;null;
1965-03-30;null;null;
1965-03-31;null;null;
1965-04-01;null;null;
1965-04-02;null;null;
1965-04-03;null;null;
1965-04-04;null;null;
1965-04-05;null;null;
1965-04-06;null;null;
1965-04-07;null;null;
1965-04-08;null;null;
1965-04-09;null;null;
1965-04-10;null;null;
1965-04-11;null;null;
1965-04-12;null;null;
1965-04-13;null;null;
1965-04-14;null;null;
1965-04-15;null;null;
1965-04-16;null;null;
1965-04-17;null;null;
1965-04-18;null;null;
1965-04-19;null;null;
1965-04-20;null;null;
1965-04-21;null;null;
1965-04-22;null;null;
1965-04-23;null;null;
1965-04-24;null;null;
1965-04-25;null;null;
1965-04-26;null;null;
1965-04-27;null;null;
1965-04-28;null;null;
1965-04-29;null;null;
1965-04-30;null;null;
1965-05-01;null;null;
1965-05-02;null;null;
1965-05-03;null;null;
1965-05-04;null;null;
1965-05-05;null;null;
1965-05-06;null;null;
1965-05-07;null;null;
1965-05-08;null;null;
1965-05-09;null;null;
1965-05-10;null;null;
1965-05-11;null;null;
1965-05-12;null;null;
1965-05-13;null;null;
1965-05-14;null;null;
1965-05-15;null;null;
1965-05-16;null;null;
1965-05-17;null;null;
1965-05-18;null;null;
1965-05-19;null;null;
1965-05-20;null;null;
1965-05-21;null;null;
1965-05-22;null;null;
1965-05-23;null;null;
1965-05-24;null;null;
1965-05-25;null;null;
1965-05-26;null;null;
1965-05-27;null;null;
1965-05-28;null;null;
1965-05-29;null;null;
1965-05-30;null;null;
1965-05-31;null;null;
1965-06-01;null;null;
1965-06-02;null;null;
1965-06-03;null;null;
1965-06-04;null;null;
1965-06-05;null;null;
1965-06-06;null;null;
1965-06-07;null;null;
1965-06-08;null;null;
1965-06-09;null;null;
1965-06-10;null;null;
1965-06-11;null;null;
1965-06-12;null;null;
1965-06-13;null;null;
1965-06-14;null;null;
1965-06-15;null;null;
1965-06-16;null;null;
1965-06-17;null;null;
1965-06-18;null;null;
1965-06-19;null;null;
1965-06-20;null;null;
1965-06-21;null;null;
1965-06-22;null;null;
1965-06-23;null;null;
1965-06-24;null;null;
1965-06-25;null;null;
1965-06-26;null;null;
1965-06-27;null;null;
1965-06-28;null;null;
1965-06-29;null;null;
1965-06-30;null;null;
1965-07-01;null;null;
1965-07-02;null;null;
1965-07-03;null;null;
1965-07-04;null;null;
1965-07-05;null;null;
1965-07-06;null;null;
1965-07-07;null;null;
1965-07-08;null;null;
1965-07-09;null;null;
1965-07-10;null;null;
1965-07-11;null;null;
1965-07-12;null;null;
1965-07-13;null;null;
1965-07-14;null;null;
1965-07-15;null;null;
1965-07-16;null;null;
1965-07-17;null;null;
1965-07-18;null;null;
1965-07-19;null;null;
1965-07-20;null;null;
1965-07-21;null;null;
1965-07-22;null;null;
1965-07-23;null;null;
1965-07-24;null;null;
1965-07-25;null;null;
1965-07-26;null;null;
1965-07-27;null;null;
1965-07-28;null;null;
1965-07-29;null;null;
1965-07-30;null;null;
1965-07-31;null;null;
1965-08-01;null;null;
1965-08-02;null;null;
1965-08-03;null;null;
1965-08-04;null;null;
1965-08-05;null;null;
1965-08-06;null;null;
1965-08-07;null;null;
1965-08-08;null;null;
1965-08-09;null;null;
1965-08-10;null;null;
1965-08-11;null;null;
1965-08-12;null;null;
1965-08-13;null;null;
1965-08-14;null;null;
1965-08-15;null;null;
1965-08-16;null;null;
1965-08-17;null;null;
1965-08-18;null;null;
1965-08-19;null;null;
1965-08-20;null;null;
1965-08-21;null;null;
1965-08-22;null;null;
1965-08-23;null;null;
1965-08-24;null;null;
1965-08-25;null;null;
1965-08-26;null;null;
1965-08-27;null;null;
1965-08-28;null;null;
1965-08-29;null;null;
1965-08-30;null;null;
1965-08-31;null;null;
1965-09-01;null;null;
1965-09-02;null;null;
1965-09-03;null;null;
1965-09-04;null;null;
1965-09-05;null;null;
1965-09-06;null;null;
1965-09-07;null;null;
1965-09-08;null;null;
1965-09-09;null;null;
1965-09-10;null;null;
1965-09-11;null;null;
1965-09-12;null;null;
1965-09-13;null;null;
1965-09-14;null;null;
1965-09-15;null;null;
1965-09-16;null;null;
1965-09-17;null;null;
1965-09-18;null;null;
1965-09-19;null;null;
1965-09-20;null;null;
1965-09-21;null;null;
1965-09-22;null;null;
1965-09-23;null;null;
1965-09-24;null;null;
1965-09-25;null;null;
1965-09-26;null;null;
1965-09-27;null;null;
1965-09-28;null;null;
1965-09-29;null;null;
1965-09-30;null;null;
1965-10-01;null;null;
1965-10-02;null;null;
1965-10-03;null;null;
1965-10-04;null;null;
1965-10-05;null;null;
1965-10-06;null;null;
1965-10-07;null;null;
1965-10-08;null;null;
1965-10-09;null;null;
1965-10-10;null;null;
1965-10-11;null;null;
1965-10-12;null;null;
1965-10-13;null;null;
1965-10-14;null;null;
1965-10-15;null;null;
1965-10-16;null;null;
1965-10-17;null;null;
1965-10-18;null;null;
1965-10-19;null;null;
1965-10-20;null;null;
1965-10-21;null;null;
1965-10-22;null;null;
1965-10-23;null;null;
1965-10-24;null;null;
1965-10-25;null;null;
1965-10-26;null;null;
1965-10-27;null;null;
1965-10-28;null;null;
1965-10-29;null;null;
1965-10-30;null;null;
1965-10-31;null;null;
1965-11-01;null;null;
1965-11-02;null;null;
1965-11-03;null;null;
1965-11-04;null;null;
1965-11-05;null;null;
1965-11-06;null;null;
1965-11-07;null;null;
1965-11-08;null;null;
1965-11-09;null;null;
1965-11-10;null;null;
1965-11-11;null;null;
1965-11-12;null;null;
1965-11-13;null;null;
1965-11-14;null;null;
1965-11-15;null;null;
1965-11-16;null;null;
1965-11-17;null;null;
1965-11-18;null;null;
1965-11-19;null;null;
1965-11-20;null;null;
1965-11-21;null;null;
1965-11-22;null;null;
1965-11-23;null;null;
1965-11-24;null;null;
1965-11-25;null;null;
1965-11-26;null;null;
1965-11-27;null;null;
1965-11-28;null;null;
1965-11-29;null;null;
1965-11-30;null;null;
1965-12-01;null;null;
1965-12-02;null;null;
1965-12-03;null;null;
1965-12-04;null;null;
1965-12-05;null;null;
1965-12-06;null;null;
1965-12-07;null;null;
1965-12-08;null;null;
1965-12-09;null;null;
1965-12-10;null;null;
1965-12-11;null;null;
1965-12-12;null;null;
1965-12-13;null;null;
1965-12-14;null;null;
1965-12-15;null;null;
1965-12-16;null;null;
1965-12-17;null;null;
1965-12-18;null;null;
1965-12-19;null;null;
1965-12-20;null;null;
1965-12-21;null;null;
1965-12-22;null;null;
1965-12-23;null;null;
1965-12-24;null;null;
1965-12-25;null;null;
1965-12-26;null;null;
1965-12-27;null;null;
1965-12-28;null;null;
1965-12-29;null;null;
1965-12-30;null;null;
1965-12-31;null;null;
1966-01-01;null;null;
1966-01-02;null;null;
1966-01-03;null;null;
1966-01-04;null;null;
1966-01-05;null;null;
1966-01-06;null;null;
1966-01-07;null;null;
1966-01-08;null;null;
1966-01-09;null;null;
1966-01-10;null;null;
1966-01-11;null;null;
1966-01-12;null;null;
1966-01-13;null;null;
1966-01-14;null;null;
1966-01-15;null;null;
1966-01-16;null;null;
1966-01-17;null;null;
1966-01-18;null;null;
1966-01-19;null;null;
1966-01-20;null;null;
1966-01-21;null;null;
1966-01-22;null;null;
1966-01-23;null;null;
1966-01-24;null;null;
1966-01-25;null;null;
1966-01-26;null;null;
1966-01-27;null;null;
1966-01-28;null;null;
1966-01-29;null;null;
1966-01-30;null;null;
1966-01-31;null;null;
1966-02-01;null;null;
1966-02-02;null;null;
1966-02-03;null;null;
1966-02-04;null;null;
1966-02-05;null;null;
1966-02-06;null;null;
1966-02-07;null;null;
1966-02-08;null;null;
1966-02-09;null;null;
1966-02-10;null;null;
1966-02-11;null;null;
1966-02-12;null;null;
1966-02-13;null;null;
1966-02-14;null;null;
1966-02-15;null;null;
1966-02-16;null;null;
1966-02-17;null;null;
1966-02-18;null;null;
1966-02-19;null;null;
1966-02-20;null;null;
1966-02-21;null;null;
1966-02-22;null;null;
1966-02-23;null;null;
1966-02-24;null;null;
1966-02-25;null;null;
1966-02-26;null;null;
1966-02-27;null;null;
1966-02-28;null;null;
1966-03-01;null;null;
1966-03-02;null;null;
1966-03-03;null;null;
1966-03-04;null;null;
1966-03-05;null;null;
1966-03-06;null;null;
1966-03-07;null;null;
1966-03-08;null;null;
1966-03-09;null;null;
1966-03-10;null;null;
1966-03-11;null;null;
1966-03-12;null;null;
1966-03-13;null;null;
1966-03-14;null;null;
1966-03-15;null;null;
1966-03-16;null;null;
1966-03-17;null;null;
1966-03-18;null;null;
1966-03-19;null;null;
1966-03-20;null;null;
1966-03-21;null;null;
1966-03-22;null;null;
1966-03-23;null;null;
1966-03-24;null;null;
1966-03-25;null;null;
1966-03-26;null;null;
1966-03-27;null;null;
1966-03-28;null;null;
1966-03-29;null;null;
1966-03-30;null;null;
1966-03-31;null;null;
1966-04-01;null;null;
1966-04-02;null;null;
1966-04-03;null;null;
1966-04-04;null;null;
1966-04-05;null;null;
1966-04-06;null;null;
1966-04-07;null;null;
1966-04-08;null;null;
1966-04-09;null;null;
1966-04-10;null;null;
1966-04-11;null;null;
1966-04-12;null;null;
1966-04-13;null;null;
1966-04-14;null;null;
1966-04-15;null;null;
1966-04-16;null;null;
1966-04-17;null;null;
1966-04-18;null;null;
1966-04-19;null;null;
1966-04-20;null;null;
1966-04-21;null;null;
1966-04-22;null;null;
1966-04-23;null;null;
1966-04-24;null;null;
1966-04-25;null;null;
1966-04-26;null;null;
1966-04-27;null;null;
1966-04-28;null;null;
1966-04-29;null;null;
1966-04-30;null;null;
1966-05-01;null;null;
1966-05-02;null;null;
1966-05-03;null;null;
1966-05-04;null;null;
1966-05-05;null;null;
1966-05-06;null;null;
1966-05-07;null;null;
1966-05-08;null;null;
1966-05-09;null;null;
1966-05-10;null;null;
1966-05-11;null;null;
1966-05-12;null;null;
1966-05-13;null;null;
1966-05-14;null;null;
1966-05-15;null;null;
1966-05-16;null;null;
1966-05-17;null;null;
1966-05-18;null;null;
1966-05-19;null;null;
1966-05-20;null;null;
1966-05-21;null;null;
1966-05-22;null;null;
1966-05-23;null;null;
1966-05-24;null;null;
1966-05-25;null;null;
1966-05-26;null;null;
1966-05-27;null;null;
1966-05-28;null;null;
1966-05-29;null;null;
1966-05-30;null;null;
1966-05-31;null;null;
1966-06-01;null;null;
1966-06-02;null;null;
1966-06-03;null;null;
1966-06-04;null;null;
1966-06-05;null;null;
1966-06-06;null;null;
1966-06-07;null;null;
1966-06-08;null;null;
1966-06-09;null;null;
1966-06-10;null;null;
1966-06-11;null;null;
1966-06-12;null;null;
1966-06-13;null;null;
1966-06-14;null;null;
1966-06-15;null;null;
1966-06-16;null;null;
1966-06-17;null;null;
1966-06-18;null;null;
1966-06-19;null;null;
1966-06-20;null;null;
1966-06-21;null;null;
1966-06-22;null;null;
1966-06-23;null;null;
1966-06-24;null;null;
1966-06-25;null;null;
1966-06-26;null;null;
1966-06-27;null;null;
1966-06-28;null;null;
1966-06-29;null;null;
1966-06-30;null;null;
1966-07-01;null;null;
1966-07-02;null;null;
1966-07-03;null;null;
1966-07-04;null;null;
1966-07-05;null;null;
1966-07-06;null;null;
1966-07-07;null;null;
1966-07-08;null;null;
1966-07-09;null;null;
1966-07-10;null;null;
1966-07-11;null;null;
1966-07-12;null;null;
1966-07-13;null;null;
1966-07-14;null;null;
1966-07-15;null;null;
1966-07-16;null;null;
1966-07-17;null;null;
1966-07-18;null;null;
1966-07-19;null;null;
1966-07-20;null;null;
1966-07-21;null;null;
1966-07-22;null;null;
1966-07-23;null;null;
1966-07-24;null;null;
1966-07-25;null;null;
1966-07-26;null;null;
1966-07-27;null;null;
1966-07-28;null;null;
1966-07-29;null;null;
1966-07-30;null;null;
1966-07-31;null;null;
1966-08-01;null;null;
1966-08-02;null;null;
1966-08-03;null;null;
1966-08-04;null;null;
1966-08-05;null;null;
1966-08-06;null;null;
1966-08-07;null;null;
1966-08-08;null;null;
1966-08-09;null;null;
1966-08-10;null;null;
1966-08-11;null;null;
1966-08-12;null;null;
1966-08-13;null;null;
1966-08-14;null;null;
1966-08-15;null;null;
1966-08-16;null;null;
1966-08-17;null;null;
1966-08-18;null;null;
1966-08-19;null;null;
1966-08-20;null;null;
1966-08-21;null;null;
1966-08-22;null;null;
1966-08-23;null;null;
1966-08-24;null;null;
1966-08-25;null;null;
1966-08-26;null;null;
1966-08-27;null;null;
1966-08-28;null;null;
1966-08-29;null;null;
1966-08-30;null;null;
1966-08-31;null;null;
1966-09-01;null;null;
1966-09-02;null;null;
1966-09-03;null;null;
1966-09-04;null;null;
1966-09-05;null;null;
1966-09-06;null;null;
1966-09-07;null;null;
1966-09-08;null;null;
1966-09-09;null;null;
1966-09-10;null;null;
1966-09-11;null;null;
1966-09-12;null;null;
1966-09-13;null;null;
1966-09-14;null;null;
1966-09-15;null;null;
1966-09-16;null;null;
1966-09-17;null;null;
1966-09-18;null;null;
1966-09-19;null;null;
1966-09-20;null;null;
1966-09-21;null;null;
1966-09-22;null;null;
1966-09-23;null;null;
1966-09-24;null;null;
1966-09-25;null;null;
1966-09-26;null;null;
1966-09-27;null;null;
1966-09-28;null;null;
1966-09-29;null;null;
1966-09-30;null;null;
1966-10-01;null;null;
1966-10-02;null;null;
1966-10-03;null;null;
1966-10-04;null;null;
1966-10-05;null;null;
1966-10-06;null;null;
1966-10-07;null;null;
1966-10-08;null;null;
1966-10-09;null;null;
1966-10-10;null;null;
1966-10-11;null;null;
1966-10-12;null;null;
1966-10-13;null;null;
1966-10-14;null;null;
1966-10-15;null;null;
1966-10-16;null;null;
1966-10-17;null;null;
1966-10-18;null;null;
1966-10-19;null;null;
1966-10-20;null;null;
1966-10-21;null;null;
1966-10-22;null;null;
1966-10-23;null;null;
1966-10-24;null;null;
1966-10-25;null;null;
1966-10-26;null;null;
1966-10-27;null;null;
1966-10-28;null;null;
1966-10-29;null;null;
1966-10-30;null;null;
1966-10-31;null;null;
1966-11-01;null;null;
1966-11-02;null;null;
1966-11-03;null;null;
1966-11-04;null;null;
1966-11-05;null;null;
1966-11-06;null;null;
1966-11-07;null;null;
1966-11-08;null;null;
1966-11-09;null;null;
1966-11-10;null;null;
1966-11-11;null;null;
1966-11-12;null;null;
1966-11-13;null;null;
1966-11-14;null;null;
1966-11-15;null;null;
1966-11-16;null;null;
1966-11-17;null;null;
1966-11-18;null;null;
1966-11-19;null;null;
1966-11-20;null;null;
1966-11-21;null;null;
1966-11-22;null;null;
1966-11-23;null;null;
1966-11-24;null;null;
1966-11-25;null;null;
1966-11-26;null;null;
1966-11-27;null;null;
1966-11-28;null;null;
1966-11-29;null;null;
1966-11-30;null;null;
1966-12-01;null;null;
1966-12-02;null;null;
1966-12-03;null;null;
1966-12-04;null;null;
1966-12-05;null;null;
1966-12-06;null;null;
1966-12-07;null;null;
1966-12-08;null;null;
1966-12-09;null;null;
1966-12-10;null;null;
1966-12-11;null;null;
1966-12-12;null;null;
1966-12-13;null;null;
1966-12-14;null;null;
1966-12-15;null;null;
1966-12-16;null;null;
1966-12-17;null;null;
1966-12-18;null;null;
1966-12-19;null;null;
1966-12-20;null;null;
1966-12-21;null;null;
1966-12-22;null;null;
1966-12-23;null;null;
1966-12-24;null;null;
1966-12-25;null;null;
1966-12-26;null;null;
1966-12-27;null;null;
1966-12-28;null;null;
1966-12-29;null;null;
1966-12-30;null;null;
1966-12-31;null;null;
1967-01-01;null;null;
1967-01-02;null;null;
1967-01-03;null;null;
1967-01-04;null;null;
1967-01-05;null;null;
1967-01-06;null;null;
1967-01-07;null;null;
1967-01-08;null;null;
1967-01-09;null;null;
1967-01-10;null;null;
1967-01-11;null;null;
1967-01-12;null;null;
1967-01-13;null;null;
1967-01-14;null;null;
1967-01-15;null;null;
1967-01-16;null;null;
1967-01-17;null;null;
1967-01-18;null;null;
1967-01-19;null;null;
1967-01-20;null;null;
1967-01-21;null;null;
1967-01-22;null;null;
1967-01-23;null;null;
1967-01-24;null;null;
1967-01-25;null;null;
1967-01-26;null;null;
1967-01-27;null;null;
1967-01-28;null;null;
1967-01-29;null;null;
1967-01-30;null;null;
1967-01-31;null;null;
1967-02-01;null;null;
1967-02-02;null;null;
1967-02-03;null;null;
1967-02-04;null;null;
1967-02-05;null;null;
1967-02-06;null;null;
1967-02-07;null;null;
1967-02-08;null;null;
1967-02-09;null;null;
1967-02-10;null;null;
1967-02-11;null;null;
1967-02-12;null;null;
1967-02-13;null;null;
1967-02-14;null;null;
1967-02-15;null;null;
1967-02-16;null;null;
1967-02-17;null;null;
1967-02-18;null;null;
1967-02-19;null;null;
1967-02-20;null;null;
1967-02-21;null;null;
1967-02-22;null;null;
1967-02-23;null;null;
1967-02-24;null;null;
1967-02-25;null;null;
1967-02-26;null;null;
1967-02-27;null;null;
1967-02-28;null;null;
1967-03-01;null;null;
1967-03-02;null;null;
1967-03-03;null;null;
1967-03-04;null;null;
1967-03-05;null;null;
1967-03-06;null;null;
1967-03-07;null;null;
1967-03-08;null;null;
1967-03-09;null;null;
1967-03-10;null;null;
1967-03-11;null;null;
1967-03-12;null;null;
1967-03-13;null;null;
1967-03-14;null;null;
1967-03-15;null;null;
1967-03-16;null;null;
1967-03-17;null;null;
1967-03-18;null;null;
1967-03-19;null;null;
1967-03-20;null;null;
1967-03-21;null;null;
1967-03-22;null;null;
1967-03-23;null;null;
1967-03-24;null;null;
1967-03-25;null;null;
1967-03-26;null;null;
1967-03-27;null;null;
1967-03-28;null;null;
1967-03-29;null;null;
1967-03-30;null;null;
1967-03-31;null;null;
1967-04-01;null;null;
1967-04-02;null;null;
1967-04-03;null;null;
1967-04-04;null;null;
1967-04-05;null;null;
1967-04-06;null;null;
1967-04-07;null;null;
1967-04-08;null;null;
1967-04-09;null;null;
1967-04-10;null;null;
1967-04-11;null;null;
1967-04-12;null;null;
1967-04-13;null;null;
1967-04-14;null;null;
1967-04-15;null;null;
1967-04-16;null;null;
1967-04-17;null;null;
1967-04-18;null;null;
1967-04-19;null;null;
1967-04-20;null;null;
1967-04-21;null;null;
1967-04-22;null;null;
1967-04-23;null;null;
1967-04-24;null;null;
1967-04-25;null;null;
1967-04-26;null;null;
1967-04-27;null;null;
1967-04-28;null;null;
1967-04-29;null;null;
1967-04-30;null;null;
1967-05-01;null;null;
1967-05-02;null;null;
1967-05-03;null;null;
1967-05-04;null;null;
1967-05-05;null;null;
1967-05-06;null;null;
1967-05-07;null;null;
1967-05-08;null;null;
1967-05-09;null;null;
1967-05-10;null;null;
1967-05-11;null;null;
1967-05-12;null;null;
1967-05-13;null;null;
1967-05-14;null;null;
1967-05-15;null;null;
1967-05-16;null;null;
1967-05-17;null;null;
1967-05-18;null;null;
1967-05-19;null;null;
1967-05-20;null;null;
1967-05-21;null;null;
1967-05-22;null;null;
1967-05-23;null;null;
1967-05-24;null;null;
1967-05-25;null;null;
1967-05-26;null;null;
1967-05-27;null;null;
1967-05-28;null;null;
1967-05-29;null;null;
1967-05-30;null;null;
1967-05-31;null;null;
1967-06-01;null;null;
1967-06-02;null;null;
1967-06-03;null;null;
1967-06-04;null;null;
1967-06-05;null;null;
1967-06-06;null;null;
1967-06-07;null;null;
1967-06-08;null;null;
1967-06-09;null;null;
1967-06-10;null;null;
1967-06-11;null;null;
1967-06-12;null;null;
1967-06-13;null;null;
1967-06-14;null;null;
1967-06-15;null;null;
1967-06-16;null;null;
1967-06-17;null;null;
1967-06-18;null;null;
1967-06-19;null;null;
1967-06-20;null;null;
1967-06-21;null;null;
1967-06-22;null;null;
1967-06-23;null;null;
1967-06-24;null;null;
1967-06-25;null;null;
1967-06-26;null;null;
1967-06-27;null;null;
1967-06-28;null;null;
1967-06-29;null;null;
1967-06-30;null;null;
1967-07-01;null;null;
1967-07-02;null;null;
1967-07-03;null;null;
1967-07-04;null;null;
1967-07-05;null;null;
1967-07-06;null;null;
1967-07-07;null;null;
1967-07-08;null;null;
1967-07-09;null;null;
1967-07-10;null;null;
1967-07-11;null;null;
1967-07-12;null;null;
1967-07-13;null;null;
1967-07-14;null;null;
1967-07-15;null;null;
1967-07-16;null;null;
1967-07-17;null;null;
1967-07-18;null;null;
1967-07-19;null;null;
1967-07-20;null;null;
1967-07-21;null;null;
1967-07-22;null;null;
1967-07-23;null;null;
1967-07-24;null;null;
1967-07-25;null;null;
1967-07-26;null;null;
1967-07-27;null;null;
1967-07-28;null;null;
1967-07-29;null;null;
1967-07-30;null;null;
1967-07-31;null;null;
1967-08-01;null;null;
1967-08-02;null;null;
1967-08-03;null;null;
1967-08-04;null;null;
1967-08-05;null;null;
1967-08-06;null;null;
1967-08-07;null;null;
1967-08-08;null;null;
1967-08-09;null;null;
1967-08-10;null;null;
1967-08-11;null;null;
1967-08-12;null;null;
1967-08-13;null;null;
1967-08-14;null;null;
1967-08-15;null;null;
1967-08-16;null;null;
1967-08-17;null;null;
1967-08-18;null;null;
1967-08-19;null;null;
1967-08-20;null;null;
1967-08-21;null;null;
1967-08-22;null;null;
1967-08-23;null;null;
1967-08-24;null;null;
1967-08-25;null;null;
1967-08-26;null;null;
1967-08-27;null;null;
1967-08-28;null;null;
1967-08-29;null;null;
1967-08-30;null;null;
1967-08-31;null;null;
1967-09-01;null;null;
1967-09-02;null;null;
1967-09-03;null;null;
1967-09-04;null;null;
1967-09-05;null;null;
1967-09-06;null;null;
1967-09-07;null;null;
1967-09-08;null;null;
1967-09-09;null;null;
1967-09-10;null;null;
1967-09-11;null;null;
1967-09-12;null;null;
1967-09-13;null;null;
1967-09-14;null;null;
1967-09-15;null;null;
1967-09-16;null;null;
1967-09-17;null;null;
1967-09-18;null;null;
1967-09-19;null;null;
1967-09-20;null;null;
1967-09-21;null;null;
1967-09-22;null;null;
1967-09-23;null;null;
1967-09-24;null;null;
1967-09-25;null;null;
1967-09-26;null;null;
1967-09-27;null;null;
1967-09-28;null;null;
1967-09-29;null;null;
1967-09-30;null;null;
1967-10-01;null;null;
1967-10-02;null;null;
1967-10-03;null;null;
1967-10-04;null;null;
1967-10-05;null;null;
1967-10-06;null;null;
1967-10-07;null;null;
1967-10-08;null;null;
1967-10-09;null;null;
1967-10-10;null;null;
1967-10-11;null;null;
1967-10-12;null;null;
1967-10-13;null;null;
1967-10-14;null;null;
1967-10-15;null;null;
1967-10-16;null;null;
1967-10-17;null;null;
1967-10-18;null;null;
1967-10-19;null;null;
1967-10-20;null;null;
1967-10-21;null;null;
1967-10-22;null;null;
1967-10-23;null;null;
1967-10-24;null;null;
1967-10-25;null;null;
1967-10-26;null;null;
1967-10-27;null;null;
1967-10-28;null;null;
1967-10-29;null;null;
1967-10-30;null;null;
1967-10-31;null;null;
1967-11-01;null;null;
1967-11-02;null;null;
1967-11-03;null;null;
1967-11-04;null;null;
1967-11-05;null;null;
1967-11-06;null;null;
1967-11-07;null;null;
1967-11-08;null;null;
1967-11-09;null;null;
1967-11-10;null;null;
1967-11-11;null;null;
1967-11-12;null;null;
1967-11-13;null;null;
1967-11-14;null;null;
1967-11-15;null;null;
1967-11-16;null;null;
1967-11-17;null;null;
1967-11-18;null;null;
1967-11-19;null;null;
1967-11-20;null;null;
1967-11-21;null;null;
1967-11-22;null;null;
1967-11-23;null;null;
1967-11-24;null;null;
1967-11-25;null;null;
1967-11-26;null;null;
1967-11-27;null;null;
1967-11-28;null;null;
1967-11-29;null;null;
1967-11-30;null;null;
1967-12-01;null;null;
1967-12-02;null;null;
1967-12-03;null;null;
1967-12-04;null;null;
1967-12-05;null;null;
1967-12-06;null;null;

