Nome: SERRA DAS ARARAS
Codigo Estacao: 83394
Latitude: -15.25
Longitude: -45.27
Altitude: 590
Situacao: Desativada
Data Inicial: 1976-04-24
Data Final: 1982-10-10
Periodicidade da Medicao: Diaria

Data Medicao;TEMPERATURA MAXIMA, DIARIA(°C);TEMPERATURA MINIMA, DIARIA(°C);
1976-04-24;null;null;
1976-04-25;null;null;
1976-04-26;null;null;
1976-04-27;null;null;
1976-04-28;null;null;
1976-04-29;null;null;
1976-04-30;null;null;
1976-05-01;null;null;
1976-05-02;null;null;
1976-05-03;null;null;
1976-05-04;null;null;
1976-05-05;null;null;
1976-05-06;null;null;
1976-05-07;null;null;
1976-05-08;null;null;
1976-05-09;null;null;
1976-05-10;null;null;
1976-05-11;null;null;
1976-05-12;null;null;
1976-05-13;null;null;
1976-05-14;null;null;
1976-05-15;null;null;
1976-05-16;null;null;
1976-05-17;null;null;
1976-05-18;null;null;
1976-05-19;null;null;
1976-05-20;null;null;
1976-05-21;null;null;
1976-05-22;null;null;
1976-05-23;null;null;
1976-05-24;null;null;
1976-05-25;null;null;
1976-05-26;null;null;
1976-05-27;null;null;
1976-05-28;null;null;
1976-05-29;null;null;
1976-05-30;null;null;
1976-05-31;null;null;
1976-06-01;null;null;
1976-06-02;null;null;
1976-06-03;null;null;
1976-06-04;null;null;
1976-06-05;null;null;
1976-06-06;null;null;
1976-06-07;null;null;
1976-06-08;null;null;
1976-06-09;null;null;
1976-06-10;null;null;
1976-06-11;null;null;
1976-06-12;null;null;
1976-06-13;null;null;
1976-06-14;null;null;
1976-06-15;null;null;
1976-06-16;null;null;
1976-06-17;null;null;
1976-06-18;null;null;
1976-06-19;null;null;
1976-06-20;null;null;
1976-06-21;null;null;
1976-06-22;null;null;
1976-06-23;null;null;
1976-06-24;null;null;
1976-06-25;null;null;
1976-06-26;null;null;
1976-06-27;null;null;
1976-06-28;null;null;
1976-06-29;null;null;
1976-06-30;null;null;
1976-07-01;null;null;
1976-07-02;null;null;
1976-07-03;null;null;
1976-07-04;null;null;
1976-07-05;null;null;
1976-07-06;null;null;
1976-07-07;null;null;
1976-07-08;null;null;
1976-07-09;null;null;
1976-07-10;null;null;
1976-07-11;null;null;
1976-07-12;null;null;
1976-07-13;null;null;
1976-07-14;null;null;
1976-07-15;null;null;
1976-07-16;null;null;
1976-07-17;null;null;
1976-07-18;null;null;
1976-07-19;null;null;
1976-07-20;null;null;
1976-07-21;null;null;
1976-07-22;null;null;
1976-07-23;null;null;
1976-07-24;null;null;
1976-07-25;null;null;
1976-07-26;null;null;
1976-07-27;null;null;
1976-07-28;null;null;
1976-07-29;null;null;
1976-07-30;null;null;
1976-07-31;null;null;
1976-08-01;null;null;
1976-08-02;null;null;
1976-08-03;null;null;
1976-08-04;null;null;
1976-08-05;null;null;
1976-08-06;null;null;
1976-08-07;null;null;
1976-08-08;null;null;
1976-08-09;null;null;
1976-08-10;null;null;
1976-08-11;null;null;
1976-08-12;null;null;
1976-08-13;null;null;
1976-08-14;null;null;
1976-08-15;null;null;
1976-08-16;null;null;
1976-08-17;null;null;
1976-08-18;null;null;
1976-08-19;null;null;
1976-08-20;null;null;
1976-08-21;null;null;
1976-08-22;null;null;
1976-08-23;null;null;
1976-08-24;null;null;
1976-08-25;null;null;
1976-08-26;null;null;
1976-08-27;null;null;
1976-08-28;null;null;
1976-08-29;null;null;
1976-08-30;null;null;
1976-08-31;null;null;
1976-09-01;null;null;
1976-09-02;null;null;
1976-09-03;null;null;
1976-09-04;null;null;
1976-09-05;null;null;
1976-09-06;null;null;
1976-09-07;null;null;
1976-09-08;null;null;
1976-09-09;null;null;
1976-09-10;null;null;
1976-09-11;null;null;
1976-09-12;null;null;
1976-09-13;null;null;
1976-09-14;null;null;
1976-09-15;null;null;
1976-09-16;null;null;
1976-09-17;null;null;
1976-09-18;null;null;
1976-09-19;null;null;
1976-09-20;null;null;
1976-09-21;null;null;
1976-09-22;null;null;
1976-09-23;null;null;
1976-09-24;null;null;
1976-09-25;null;null;
1976-09-26;null;null;
1976-09-27;null;null;
1976-09-28;null;null;
1976-09-29;null;null;
1976-09-30;null;null;
1976-10-01;null;null;
1976-10-02;null;null;
1976-10-03;null;null;
1976-10-04;null;null;
1976-10-05;null;null;
1976-10-06;null;null;
1976-10-07;null;null;
1976-10-08;null;null;
1976-10-09;null;null;
1976-10-10;null;null;
1976-10-11;null;null;
1976-10-12;null;null;
1976-10-13;null;null;
1976-10-14;null;null;
1976-10-15;null;null;
1976-10-16;null;null;
1976-10-17;null;null;
1976-10-18;null;null;
1976-10-19;null;null;
1976-10-20;null;null;
1976-10-21;null;null;
1976-10-22;null;null;
1976-10-23;null;null;
1976-10-24;null;null;
1976-10-25;null;null;
1976-10-26;null;null;
1976-10-27;null;null;
1976-10-28;null;null;
1976-10-29;null;null;
1976-10-30;null;null;
1976-10-31;null;null;
1976-11-01;null;null;
1976-11-02;null;null;
1976-11-03;null;null;
1976-11-04;null;null;
1976-11-05;null;null;
1976-11-06;null;null;
1976-11-07;null;null;
1976-11-08;null;null;
1976-11-09;null;null;
1976-11-10;null;null;
1976-11-11;null;null;
1976-11-12;null;null;
1976-11-13;null;null;
1976-11-14;null;null;
1976-11-15;null;null;
1976-11-16;null;null;
1976-11-17;null;null;
1976-11-18;null;null;
1976-11-19;null;null;
1976-11-20;null;null;
1976-11-21;null;null;
1976-11-22;null;null;
1976-11-23;null;null;
1976-11-24;null;null;
1976-11-25;null;null;
1976-11-26;null;null;
1976-11-27;null;null;
1976-11-28;null;null;
1976-11-29;null;null;
1976-11-30;null;null;
1976-12-01;null;null;
1976-12-02;null;null;
1976-12-03;null;null;
1976-12-04;null;null;
1976-12-05;null;null;
1976-12-06;null;null;
1976-12-07;null;null;
1976-12-08;null;null;
1976-12-09;null;null;
1976-12-10;null;null;
1976-12-11;null;null;
1976-12-12;null;null;
1976-12-13;null;null;
1976-12-14;null;null;
1976-12-15;null;null;
1976-12-16;null;null;
1976-12-17;null;null;
1976-12-18;null;null;
1976-12-19;null;null;
1976-12-20;null;null;
1976-12-21;null;null;
1976-12-22;null;null;
1976-12-23;null;null;
1976-12-24;null;null;
1976-12-25;null;null;
1976-12-26;null;null;
1976-12-27;null;null;
1976-12-28;null;null;
1976-12-29;null;null;
1976-12-30;null;null;
1976-12-31;null;null;
1977-01-01;null;null;
1977-01-02;null;null;
1977-01-03;null;null;
1977-01-04;null;null;
1977-01-05;null;null;
1977-01-06;null;null;
1977-01-07;null;null;
1977-01-08;null;null;
1977-01-09;null;null;
1977-01-10;null;null;
1977-01-11;null;null;
1977-01-12;null;null;
1977-01-13;null;null;
1977-01-14;null;null;
1977-01-15;null;null;
1977-01-16;null;null;
1977-01-17;null;null;
1977-01-18;null;null;
1977-01-19;null;null;
1977-01-20;null;null;
1977-01-21;null;null;
1977-01-22;null;null;
1977-01-23;null;null;
1977-01-24;null;null;
1977-01-25;null;null;
1977-01-26;null;null;
1977-01-27;null;null;
1977-01-28;null;null;
1977-01-29;null;null;
1977-01-30;null;null;
1977-01-31;null;null;
1977-02-01;null;null;
1977-02-02;null;null;
1977-02-03;null;null;
1977-02-04;null;null;
1977-02-05;null;null;
1977-02-06;null;null;
1977-02-07;null;null;
1977-02-08;null;null;
1977-02-09;null;null;
1977-02-10;null;null;
1977-02-11;null;null;
1977-02-12;null;null;
1977-02-13;null;null;
1977-02-14;null;null;
1977-02-15;null;null;
1977-02-16;null;null;
1977-02-17;null;null;
1977-02-18;null;null;
1977-02-19;null;null;
1977-02-20;null;null;
1977-02-21;null;null;
1977-02-22;null;null;
1977-02-23;null;null;
1977-02-24;null;null;
1977-02-25;null;null;
1977-02-26;null;null;
1977-02-27;null;null;
1977-02-28;null;null;
1977-03-01;null;null;
1977-03-02;null;null;
1977-03-03;null;null;
1977-03-04;null;null;
1977-03-05;null;null;
1977-03-06;null;null;
1977-03-07;null;null;
1977-03-08;null;null;
1977-03-09;null;null;
1977-03-10;null;null;
1977-03-11;null;null;
1977-03-12;null;null;
1977-03-13;null;null;
1977-03-14;null;null;
1977-03-15;null;null;
1977-03-16;null;null;
1977-03-17;null;null;
1977-03-18;null;null;
1977-03-19;null;null;
1977-03-20;null;null;
1977-03-21;null;null;
1977-03-22;null;null;
1977-03-23;null;null;
1977-03-24;null;null;
1977-03-25;null;null;
1977-03-26;null;null;
1977-03-27;null;null;
1977-03-28;null;null;
1977-03-29;null;null;
1977-03-30;null;null;
1977-03-31;null;null;
1977-04-01;null;null;
1977-04-02;null;null;
1977-04-03;null;null;
1977-04-04;null;null;
1977-04-05;null;null;
1977-04-06;null;null;
1977-04-07;null;null;
1977-04-08;null;null;
1977-04-09;null;null;
1977-04-10;null;null;
1977-04-11;null;null;
1977-04-12;null;null;
1977-04-13;null;null;
1977-04-14;null;null;
1977-04-15;null;null;
1977-04-16;null;null;
1977-04-17;null;null;
1977-04-18;null;null;
1977-04-19;null;null;
1977-04-20;null;null;
1977-04-21;null;null;
1977-04-22;null;null;
1977-04-23;null;null;
1977-04-24;null;null;
1977-04-25;null;null;
1977-04-26;null;null;
1977-04-27;null;null;
1977-04-28;null;null;
1977-04-29;null;null;
1977-04-30;null;null;
1977-05-01;null;null;
1977-05-02;null;null;
1977-05-03;null;null;
1977-05-04;null;null;
1977-05-05;null;null;
1977-05-06;null;null;
1977-05-07;null;null;
1977-05-08;null;null;
1977-05-09;null;null;
1977-05-10;null;null;
1977-05-11;null;null;
1977-05-12;null;null;
1977-05-13;null;null;
1977-05-14;null;null;
1977-05-15;null;null;
1977-05-16;null;null;
1977-05-17;null;null;
1977-05-18;null;null;
1977-05-19;null;null;
1977-05-20;null;null;
1977-05-21;null;null;
1977-05-22;null;null;
1977-05-23;null;null;
1977-05-24;null;null;
1977-05-25;null;null;
1977-05-26;null;null;
1977-05-27;null;null;
1977-05-28;null;null;
1977-05-29;null;null;
1977-05-30;null;null;
1977-05-31;null;null;
1977-06-01;null;null;
1977-06-02;null;null;
1977-06-03;null;null;
1977-06-04;null;null;
1977-06-05;null;null;
1977-06-06;null;null;
1977-06-07;null;null;
1977-06-08;null;null;
1977-06-09;null;null;
1977-06-10;null;null;
1977-06-11;null;null;
1977-06-12;null;null;
1977-06-13;null;null;
1977-06-14;null;null;
1977-06-15;null;null;
1977-06-16;null;null;
1977-06-17;null;null;
1977-06-18;null;null;
1977-06-19;null;null;
1977-06-20;null;null;
1977-06-21;null;null;
1977-06-22;null;null;
1977-06-23;null;null;
1977-06-24;null;null;
1977-06-25;null;null;
1977-06-26;null;null;
1977-06-27;null;null;
1977-06-28;null;null;
1977-06-29;null;null;
1977-06-30;null;null;
1977-07-01;null;null;
1977-07-02;null;null;
1977-07-03;null;null;
1977-07-04;null;null;
1977-07-05;null;null;
1977-07-06;null;null;
1977-07-07;null;null;
1977-07-08;null;null;
1977-07-09;null;null;
1977-07-10;null;null;
1977-07-11;null;null;
1977-07-12;null;null;
1977-07-13;null;null;
1977-07-14;null;null;
1977-07-15;null;null;
1977-07-16;null;null;
1977-07-17;null;null;
1977-07-18;null;null;
1977-07-19;null;null;
1977-07-20;null;null;
1977-07-21;null;null;
1977-07-22;null;null;
1977-07-23;null;null;
1977-07-24;null;null;
1977-07-25;null;null;
1977-07-26;null;null;
1977-07-27;null;null;
1977-07-28;null;null;
1977-07-29;null;null;
1977-07-30;null;null;
1977-07-31;null;null;
1977-08-01;null;null;
1977-08-02;null;null;
1977-08-03;null;null;
1977-08-04;null;null;
1977-08-05;null;null;
1977-08-06;null;null;
1977-08-07;null;null;
1977-08-08;null;null;
1977-08-09;null;null;
1977-08-10;null;null;
1977-08-11;null;null;
1977-08-12;null;null;
1977-08-13;null;null;
1977-08-14;null;null;
1977-08-15;null;null;
1977-08-16;null;null;
1977-08-17;null;null;
1977-08-18;null;null;
1977-08-19;null;null;
1977-08-20;null;null;
1977-08-21;null;null;
1977-08-22;null;null;
1977-08-23;null;null;
1977-08-24;null;null;
1977-08-25;null;null;
1977-08-26;null;null;
1977-08-27;null;null;
1977-08-28;null;null;
1977-08-29;null;null;
1977-08-30;null;null;
1977-08-31;null;null;
1977-09-01;null;null;
1977-09-02;null;null;
1977-09-03;null;null;
1977-09-04;null;null;
1977-09-05;null;null;
1977-09-06;null;null;
1977-09-07;null;null;
1977-09-08;null;null;
1977-09-09;null;null;
1977-09-10;null;null;
1977-09-11;null;null;
1977-09-12;null;null;
1977-09-13;null;null;
1977-09-14;null;null;
1977-09-15;null;null;
1977-09-16;null;null;
1977-09-17;null;null;
1977-09-18;null;null;
1977-09-19;null;null;
1977-09-20;null;null;
1977-09-21;null;null;
1977-09-22;null;null;
1977-09-23;null;null;
1977-09-24;null;null;
1977-09-25;null;null;
1977-09-26;null;null;
1977-09-27;null;null;
1977-09-28;null;null;
1977-09-29;null;null;
1977-09-30;null;null;
1977-10-01;null;null;
1977-10-02;null;null;
1977-10-03;null;null;
1977-10-04;null;null;
1977-10-05;null;null;
1977-10-06;null;null;
1977-10-07;null;null;
1977-10-08;null;null;
1977-10-09;null;null;
1977-10-10;null;null;
1977-10-11;null;null;
1977-10-12;null;null;
1977-10-13;null;null;
1977-10-14;null;null;
1977-10-15;null;null;
1977-10-16;null;null;
1977-10-17;null;null;
1977-10-18;null;null;
1977-10-19;null;null;
1977-10-20;null;null;
1977-10-21;null;null;
1977-10-22;null;null;
1977-10-23;null;null;
1977-10-24;null;null;
1977-10-25;null;null;
1977-10-26;null;null;
1977-10-27;null;null;
1977-10-28;null;null;
1977-10-29;null;null;
1977-10-30;null;null;
1977-10-31;null;null;
1977-11-01;null;null;
1977-11-02;null;null;
1977-11-03;null;null;
1977-11-04;null;null;
1977-11-05;null;null;
1977-11-06;null;null;
1977-11-07;null;null;
1977-11-08;null;null;
1977-11-09;null;null;
1977-11-10;null;null;
1977-11-11;null;null;
1977-11-12;null;null;
1977-11-13;null;null;
1977-11-14;null;null;
1977-11-15;null;null;
1977-11-16;null;null;
1977-11-17;null;null;
1977-11-18;null;null;
1977-11-19;null;null;
1977-11-20;null;null;
1977-11-21;null;null;
1977-11-22;null;null;
1977-11-23;null;null;
1977-11-24;null;null;
1977-11-25;null;null;
1977-11-26;null;null;
1977-11-27;null;null;
1977-11-28;null;null;
1977-11-29;null;null;
1977-11-30;null;null;
1977-12-01;null;null;
1977-12-02;null;null;
1977-12-03;null;null;
1977-12-04;null;null;
1977-12-05;null;null;
1977-12-06;null;null;
1977-12-07;null;null;
1977-12-08;null;null;
1977-12-09;null;null;
1977-12-10;null;null;
1977-12-11;null;null;
1977-12-12;null;null;
1977-12-13;null;null;
1977-12-14;null;null;
1977-12-15;null;null;
1977-12-16;null;null;
1977-12-17;null;null;
1977-12-18;null;null;
1977-12-19;null;null;
1977-12-20;null;null;
1977-12-21;null;null;
1977-12-22;null;null;
1977-12-23;null;null;
1977-12-24;null;null;
1977-12-25;null;null;
1977-12-26;null;null;
1977-12-27;null;null;
1977-12-28;null;null;
1977-12-29;null;null;
1977-12-30;null;null;
1977-12-31;null;null;
1978-01-01;null;null;
1978-01-02;null;null;
1978-01-03;null;null;
1978-01-04;null;null;
1978-01-05;null;null;
1978-01-06;null;null;
1978-01-07;null;null;
1978-01-08;null;null;
1978-01-09;null;null;
1978-01-10;null;null;
1978-01-11;null;null;
1978-01-12;null;null;
1978-01-13;null;null;
1978-01-14;null;null;
1978-01-15;null;null;
1978-01-16;null;null;
1978-01-17;null;null;
1978-01-18;null;null;
1978-01-19;null;null;
1978-01-20;null;null;
1978-01-21;null;null;
1978-01-22;null;null;
1978-01-23;null;null;
1978-01-24;null;null;
1978-01-25;null;null;
1978-01-26;null;null;
1978-01-27;null;null;
1978-01-28;null;null;
1978-01-29;null;null;
1978-01-30;null;null;
1978-01-31;null;null;
1978-02-01;null;null;
1978-02-02;null;null;
1978-02-03;null;null;
1978-02-04;null;null;
1978-02-05;null;null;
1978-02-06;null;null;
1978-02-07;null;null;
1978-02-08;null;null;
1978-02-09;null;null;
1978-02-10;null;null;
1978-02-11;null;null;
1978-02-12;null;null;
1978-02-13;null;null;
1978-02-14;null;null;
1978-02-15;null;null;
1978-02-16;null;null;
1978-02-17;null;null;
1978-02-18;null;null;
1978-02-19;null;null;
1978-02-20;null;null;
1978-02-21;null;null;
1978-02-22;null;null;
1978-02-23;null;null;
1978-02-24;null;null;
1978-02-25;null;null;
1978-02-26;null;null;
1978-02-27;null;null;
1978-02-28;null;null;
1978-03-01;null;null;
1978-03-02;null;null;
1978-03-03;null;null;
1978-03-04;null;null;
1978-03-05;null;null;
1978-03-06;null;null;
1978-03-07;null;null;
1978-03-08;null;null;
1978-03-09;null;null;
1978-03-10;null;null;
1978-03-11;null;null;
1978-03-12;null;null;
1978-03-13;null;null;
1978-03-14;null;null;
1978-03-15;null;null;
1978-03-16;null;null;
1978-03-17;null;null;
1978-03-18;null;null;
1978-03-19;null;null;
1978-03-20;null;null;
1978-03-21;null;null;
1978-03-22;null;null;
1978-03-23;null;null;
1978-03-24;null;null;
1978-03-25;null;null;
1978-03-26;null;null;
1978-03-27;null;null;
1978-03-28;null;null;
1978-03-29;null;null;
1978-03-30;null;null;
1978-03-31;null;null;
1978-04-01;null;null;
1978-04-02;null;null;
1978-04-03;null;null;
1978-04-04;null;null;
1978-04-05;null;null;
1978-04-06;null;null;
1978-04-07;null;null;
1978-04-08;null;null;
1978-04-09;null;null;
1978-04-10;null;null;
1978-04-11;null;null;
1978-04-12;null;null;
1978-04-13;null;null;
1978-04-14;null;null;
1978-04-15;null;null;
1978-04-16;null;null;
1978-04-17;null;null;
1978-04-18;null;null;
1978-04-19;null;null;
1978-04-20;null;null;
1978-04-21;null;null;
1978-04-22;null;null;
1978-04-23;null;null;
1978-04-24;null;null;
1978-04-25;null;null;
1978-04-26;null;null;
1978-04-27;null;null;
1978-04-28;null;null;
1978-04-29;null;null;
1978-04-30;null;null;
1978-05-01;null;null;
1978-05-02;null;null;
1978-05-03;null;null;
1978-05-04;null;null;
1978-05-05;null;null;
1978-05-06;null;null;
1978-05-07;null;null;
1978-05-08;null;null;
1978-05-09;null;null;
1978-05-10;null;null;
1978-05-11;null;null;
1978-05-12;null;null;
1978-05-13;null;null;
1978-05-14;null;null;
1978-05-15;null;null;
1978-05-16;null;null;
1978-05-17;null;null;
1978-05-18;null;null;
1978-05-19;null;null;
1978-05-20;null;null;
1978-05-21;null;null;
1978-05-22;null;null;
1978-05-23;null;null;
1978-05-24;null;null;
1978-05-25;null;null;
1978-05-26;null;null;
1978-05-27;null;null;
1978-05-28;null;null;
1978-05-29;null;null;
1978-05-30;null;null;
1978-05-31;null;null;
1978-06-01;null;null;
1978-06-02;null;null;
1978-06-03;null;null;
1978-06-04;null;null;
1978-06-05;null;null;
1978-06-06;null;null;
1978-06-07;null;null;
1978-06-08;null;null;
1978-06-09;null;null;
1978-06-10;null;null;
1978-06-11;null;null;
1978-06-12;null;null;
1978-06-13;null;null;
1978-06-14;null;null;
1978-06-15;null;null;
1978-06-16;null;null;
1978-06-17;null;null;
1978-06-18;null;null;
1978-06-19;null;null;
1978-06-20;null;null;
1978-06-21;null;null;
1978-06-22;null;null;
1978-06-23;null;null;
1978-06-24;null;null;
1978-06-25;null;null;
1978-06-26;null;null;
1978-06-27;null;null;
1978-06-28;null;null;
1978-06-29;null;null;
1978-06-30;null;null;
1978-07-01;null;null;
1978-07-02;null;null;
1978-07-03;null;null;
1978-07-04;null;null;
1978-07-05;null;null;
1978-07-06;null;null;
1978-07-07;null;null;
1978-07-08;null;null;
1978-07-09;null;null;
1978-07-10;null;null;
1978-07-11;null;null;
1978-07-12;null;null;
1978-07-13;null;null;
1978-07-14;null;null;
1978-07-15;null;null;
1978-07-16;null;null;
1978-07-17;null;null;
1978-07-18;null;null;
1978-07-19;null;null;
1978-07-20;null;null;
1978-07-21;null;null;
1978-07-22;null;null;
1978-07-23;null;null;
1978-07-24;null;null;
1978-07-25;null;null;
1978-07-26;null;null;
1978-07-27;null;null;
1978-07-28;null;null;
1978-07-29;null;null;
1978-07-30;null;null;
1978-07-31;null;null;
1978-08-01;null;null;
1978-08-02;null;null;
1978-08-03;null;null;
1978-08-04;null;null;
1978-08-05;null;null;
1978-08-06;null;null;
1978-08-07;null;null;
1978-08-08;null;null;
1978-08-09;null;null;
1978-08-10;null;null;
1978-08-11;null;null;
1978-08-12;null;null;
1978-08-13;null;null;
1978-08-14;null;null;
1978-08-15;null;null;
1978-08-16;null;null;
1978-08-17;null;null;
1978-08-18;null;null;
1978-08-19;null;null;
1978-08-20;null;null;
1978-08-21;null;null;
1978-08-22;null;null;
1978-08-23;null;null;
1978-08-24;null;null;
1978-08-25;null;null;
1978-08-26;null;null;
1978-08-27;null;null;
1978-08-28;null;null;
1978-08-29;null;null;
1978-08-30;null;null;
1978-08-31;null;null;
1978-09-01;null;null;
1978-09-02;null;null;
1978-09-03;null;null;
1978-09-04;null;null;
1978-09-05;null;null;
1978-09-06;null;null;
1978-09-07;null;null;
1978-09-08;null;null;
1978-09-09;null;null;
1978-09-10;null;null;
1978-09-11;null;null;
1978-09-12;null;null;
1978-09-13;null;null;
1978-09-14;null;null;
1978-09-15;null;null;
1978-09-16;null;null;
1978-09-17;null;null;
1978-09-18;null;null;
1978-09-19;null;null;
1978-09-20;null;null;
1978-09-21;null;null;
1978-09-22;null;null;
1978-09-23;null;null;
1978-09-24;null;null;
1978-09-25;null;null;
1978-09-26;null;null;
1978-09-27;null;null;
1978-09-28;null;null;
1978-09-29;null;null;
1978-09-30;null;null;
1978-10-01;null;null;
1978-10-02;null;null;
1978-10-03;null;null;
1978-10-04;null;null;
1978-10-05;null;null;
1978-10-06;null;null;
1978-10-07;null;null;
1978-10-08;null;null;
1978-10-09;null;null;
1978-10-10;null;null;
1978-10-11;null;null;
1978-10-12;null;null;
1978-10-13;null;null;
1978-10-14;null;null;
1978-10-15;null;null;
1978-10-16;null;null;
1978-10-17;null;null;
1978-10-18;null;null;
1978-10-19;null;null;
1978-10-20;null;null;
1978-10-21;null;null;
1978-10-22;null;null;
1978-10-23;null;null;
1978-10-24;null;null;
1978-10-25;null;null;
1978-10-26;null;null;
1978-10-27;null;null;
1978-10-28;null;null;
1978-10-29;null;null;
1978-10-30;null;null;
1978-10-31;null;null;
1978-11-01;null;null;
1978-11-02;null;null;
1978-11-03;null;null;
1978-11-04;null;null;
1978-11-05;null;null;
1978-11-06;null;null;
1978-11-07;null;null;
1978-11-08;null;null;
1978-11-09;null;null;
1978-11-10;null;null;
1978-11-11;null;null;
1978-11-12;null;null;
1978-11-13;null;null;
1978-11-14;null;null;
1978-11-15;null;null;
1978-11-16;null;null;
1978-11-17;null;null;
1978-11-18;null;null;
1978-11-19;null;null;
1978-11-20;null;null;
1978-11-21;null;null;
1978-11-22;null;null;
1978-11-23;null;null;
1978-11-24;null;null;
1978-11-25;null;null;
1978-11-26;null;null;
1978-11-27;null;null;
1978-11-28;null;null;
1978-11-29;null;null;
1978-11-30;null;null;
1978-12-01;null;null;
1978-12-02;null;null;
1978-12-03;null;null;
1978-12-04;null;null;
1978-12-05;null;null;
1978-12-06;null;null;
1978-12-07;null;null;
1978-12-08;null;null;
1978-12-09;null;null;
1978-12-10;null;null;
1978-12-11;null;null;
1978-12-12;null;null;
1978-12-13;null;null;
1978-12-14;null;null;
1978-12-15;null;null;
1978-12-16;null;null;
1978-12-17;null;null;
1978-12-18;null;null;
1978-12-19;null;null;
1978-12-20;null;null;
1978-12-21;null;null;
1978-12-22;null;null;
1978-12-23;null;null;
1978-12-24;null;null;
1978-12-25;null;null;
1978-12-26;null;null;
1978-12-27;null;null;
1978-12-28;null;null;
1978-12-29;null;null;
1978-12-30;null;null;
1978-12-31;null;null;
1979-01-01;null;null;
1979-01-02;null;null;
1979-01-03;null;null;
1979-01-04;null;null;
1979-01-05;null;null;
1979-01-06;null;null;
1979-01-07;null;null;
1979-01-08;null;null;
1979-01-09;null;null;
1979-01-10;null;null;
1979-01-11;null;null;
1979-01-12;null;null;
1979-01-13;null;null;
1979-01-14;null;null;
1979-01-15;null;null;
1979-01-16;null;null;
1979-01-17;null;null;
1979-01-18;null;null;
1979-01-19;null;null;
1979-01-20;null;null;
1979-01-21;null;null;
1979-01-22;null;null;
1979-01-23;null;null;
1979-01-24;null;null;
1979-01-25;null;null;
1979-01-26;null;null;
1979-01-27;null;null;
1979-01-28;null;null;
1979-01-29;null;null;
1979-01-30;null;null;
1979-01-31;null;null;
1979-02-01;null;null;
1979-02-02;null;null;
1979-02-03;null;null;
1979-02-04;null;null;
1979-02-05;null;null;
1979-02-06;null;null;
1979-02-07;null;null;
1979-02-08;null;null;
1979-02-09;null;null;
1979-02-10;null;null;
1979-02-11;null;null;
1979-02-12;null;null;
1979-02-13;null;null;
1979-02-14;null;null;
1979-02-15;null;null;
1979-02-16;null;null;
1979-02-17;null;null;
1979-02-18;null;null;
1979-02-19;null;null;
1979-02-20;null;null;
1979-02-21;null;null;
1979-02-22;null;null;
1979-02-23;null;null;
1979-02-24;null;null;
1979-02-25;null;null;
1979-02-26;null;null;
1979-02-27;null;null;
1979-02-28;null;null;
1979-03-01;null;null;
1979-03-02;null;null;
1979-03-03;null;null;
1979-03-04;null;null;
1979-03-05;null;null;
1979-03-06;null;null;
1979-03-07;null;null;
1979-03-08;null;null;
1979-03-09;null;null;
1979-03-10;null;null;
1979-03-11;null;null;
1979-03-12;null;null;
1979-03-13;null;null;
1979-03-14;null;null;
1979-03-15;null;null;
1979-03-16;null;null;
1979-03-17;null;null;
1979-03-18;null;null;
1979-03-19;null;null;
1979-03-20;null;null;
1979-03-21;null;null;
1979-03-22;null;null;
1979-03-23;null;null;
1979-03-24;null;null;
1979-03-25;null;null;
1979-03-26;null;null;
1979-03-27;null;null;
1979-03-28;null;null;
1979-03-29;null;null;
1979-03-30;null;null;
1979-03-31;null;null;
1979-04-01;null;null;
1979-04-02;null;null;
1979-04-03;null;null;
1979-04-04;null;null;
1979-04-05;null;null;
1979-04-06;null;null;
1979-04-07;null;null;
1979-04-08;null;null;
1979-04-09;null;null;
1979-04-10;null;null;
1979-04-11;null;null;
1979-04-12;null;null;
1979-04-13;null;null;
1979-04-14;null;null;
1979-04-15;null;null;
1979-04-16;null;null;
1979-04-17;null;null;
1979-04-18;null;null;
1979-04-19;null;null;
1979-04-20;null;null;
1979-04-21;null;null;
1979-04-22;null;null;
1979-04-23;null;null;
1979-04-24;null;null;
1979-04-25;null;null;
1979-04-26;null;null;
1979-04-27;null;null;
1979-04-28;null;null;
1979-04-29;null;null;
1979-04-30;null;null;
1979-05-01;null;null;
1979-05-02;null;null;
1979-05-03;null;null;
1979-05-04;null;null;
1979-05-05;null;null;
1979-05-06;null;null;
1979-05-07;null;null;
1979-05-08;null;null;
1979-05-09;null;null;
1979-05-10;null;null;
1979-05-11;null;null;
1979-05-12;null;null;
1979-05-13;null;null;
1979-05-14;null;null;
1979-05-15;null;null;
1979-05-16;null;null;
1979-05-17;null;null;
1979-05-18;null;null;
1979-05-19;null;null;
1979-05-20;null;null;
1979-05-21;null;null;
1979-05-22;null;null;
1979-05-23;null;null;
1979-05-24;null;null;
1979-05-25;null;null;
1979-05-26;null;null;
1979-05-27;null;null;
1979-05-28;null;null;
1979-05-29;null;null;
1979-05-30;null;null;
1979-05-31;null;null;
1979-06-01;null;null;
1979-06-02;null;null;
1979-06-03;null;null;
1979-06-04;null;null;
1979-06-05;null;null;
1979-06-06;null;null;
1979-06-07;null;null;
1979-06-08;null;null;
1979-06-09;null;null;
1979-06-10;null;null;
1979-06-11;null;null;
1979-06-12;null;null;
1979-06-13;null;null;
1979-06-14;null;null;
1979-06-15;null;null;
1979-06-16;null;null;
1979-06-17;null;null;
1979-06-18;null;null;
1979-06-19;null;null;
1979-06-20;null;null;
1979-06-21;null;null;
1979-06-22;null;null;
1979-06-23;null;null;
1979-06-24;null;null;
1979-06-25;null;null;
1979-06-26;null;null;
1979-06-27;null;null;
1979-06-28;null;null;
1979-06-29;null;null;
1979-06-30;null;null;
1979-07-01;null;null;
1979-07-02;null;null;
1979-07-03;null;null;
1979-07-04;null;null;
1979-07-05;null;null;
1979-07-06;null;null;
1979-07-07;null;null;
1979-07-08;null;null;
1979-07-09;null;null;
1979-07-10;null;null;
1979-07-11;null;null;
1979-07-12;null;null;
1979-07-13;null;null;
1979-07-14;null;null;
1979-07-15;null;null;
1979-07-16;null;null;
1979-07-17;null;null;
1979-07-18;null;null;
1979-07-19;null;null;
1979-07-20;null;null;
1979-07-21;null;null;
1979-07-22;null;null;
1979-07-23;null;null;
1979-07-24;null;null;
1979-07-25;null;null;
1979-07-26;null;null;
1979-07-27;null;null;
1979-07-28;null;null;
1979-07-29;null;null;
1979-07-30;null;null;
1979-07-31;null;null;
1979-08-01;null;null;
1979-08-02;null;null;
1979-08-03;null;null;
1979-08-04;null;null;
1979-08-05;null;null;
1979-08-06;null;null;
1979-08-07;null;null;
1979-08-08;null;null;
1979-08-09;null;null;
1979-08-10;null;null;
1979-08-11;null;null;
1979-08-12;null;null;
1979-08-13;null;null;
1979-08-14;null;null;
1979-08-15;null;null;
1979-08-16;null;null;
1979-08-17;null;null;
1979-08-18;null;null;
1979-08-19;null;null;
1979-08-20;null;null;
1979-08-21;null;null;
1979-08-22;null;null;
1979-08-23;null;null;
1979-08-24;null;null;
1979-08-25;null;null;
1979-08-26;null;null;
1979-08-27;null;null;
1979-08-28;null;null;
1979-08-29;null;null;
1979-08-30;null;null;
1979-08-31;null;null;
1979-09-01;null;null;
1979-09-02;null;null;
1979-09-03;null;null;
1979-09-04;null;null;
1979-09-05;null;null;
1979-09-06;null;null;
1979-09-07;null;null;
1979-09-08;null;null;
1979-09-09;null;null;
1979-09-10;null;null;
1979-09-11;null;null;
1979-09-12;null;null;
1979-09-13;null;null;
1979-09-14;null;null;
1979-09-15;null;null;
1979-09-16;null;null;
1979-09-17;null;null;
1979-09-18;null;null;
1979-09-19;null;null;
1979-09-20;null;null;
1979-09-21;null;null;
1979-09-22;null;null;
1979-09-23;null;null;
1979-09-24;null;null;
1979-09-25;null;null;
1979-09-26;null;null;
1979-09-27;null;null;
1979-09-28;null;null;
1979-09-29;null;null;
1979-09-30;null;null;
1979-10-01;null;null;
1979-10-02;null;null;
1979-10-03;null;null;
1979-10-04;null;null;
1979-10-05;null;null;
1979-10-06;null;null;
1979-10-07;null;null;
1979-10-08;null;null;
1979-10-09;null;null;
1979-10-10;null;null;
1979-10-11;null;null;
1979-10-12;null;null;
1979-10-13;null;null;
1979-10-14;null;null;
1979-10-15;null;null;
1979-10-16;null;null;
1979-10-17;null;null;
1979-10-18;null;null;
1979-10-19;null;null;
1979-10-20;null;null;
1979-10-21;null;null;
1979-10-22;null;null;
1979-10-23;null;null;
1979-10-24;null;null;
1979-10-25;null;null;
1979-10-26;null;null;
1979-10-27;null;null;
1979-10-28;null;null;
1979-10-29;null;null;
1979-10-30;null;null;
1979-10-31;null;null;
1979-11-01;null;null;
1979-11-02;null;null;
1979-11-03;null;null;
1979-11-04;null;null;
1979-11-05;null;null;
1979-11-06;null;null;
1979-11-07;null;null;
1979-11-08;null;null;
1979-11-09;null;null;
1979-11-10;null;null;
1979-11-11;null;null;
1979-11-12;null;null;
1979-11-13;null;null;
1979-11-14;null;null;
1979-11-15;null;null;
1979-11-16;null;null;
1979-11-17;null;null;
1979-11-18;null;null;
1979-11-19;null;null;
1979-11-20;null;null;
1979-11-21;null;null;
1979-11-22;null;null;
1979-11-23;null;null;
1979-11-24;null;null;
1979-11-25;null;null;
1979-11-26;null;null;
1979-11-27;null;null;
1979-11-28;null;null;
1979-11-29;null;null;
1979-11-30;null;null;
1979-12-01;null;null;
1979-12-02;null;null;
1979-12-03;null;null;
1979-12-04;null;null;
1979-12-05;null;null;
1979-12-06;null;null;
1979-12-07;null;null;
1979-12-08;null;null;
1979-12-09;null;null;
1979-12-10;null;null;
1979-12-11;null;null;
1979-12-12;null;null;
1979-12-13;null;null;
1979-12-14;null;null;
1979-12-15;null;null;
1979-12-16;null;null;
1979-12-17;null;null;
1979-12-18;null;null;
1979-12-19;null;null;
1979-12-20;null;null;
1979-12-21;null;null;
1979-12-22;null;null;
1979-12-23;null;null;
1979-12-24;null;null;
1979-12-25;null;null;
1979-12-26;null;null;
1979-12-27;null;null;
1979-12-28;null;null;
1979-12-29;null;null;
1979-12-30;null;null;
1979-12-31;null;null;
1980-01-01;null;null;
1980-01-02;null;null;
1980-01-03;null;null;
1980-01-04;null;null;
1980-01-05;null;null;
1980-01-06;null;null;
1980-01-07;null;null;
1980-01-08;null;null;
1980-01-09;null;null;
1980-01-10;null;null;
1980-01-11;null;null;
1980-01-12;null;null;
1980-01-13;null;null;
1980-01-14;null;null;
1980-01-15;null;null;
1980-01-16;null;null;
1980-01-17;null;null;
1980-01-18;null;null;
1980-01-19;null;null;
1980-01-20;null;null;
1980-01-21;null;null;
1980-01-22;null;null;
1980-01-23;null;null;
1980-01-24;null;null;
1980-01-25;null;null;
1980-01-26;null;null;
1980-01-27;null;null;
1980-01-28;null;null;
1980-01-29;null;null;
1980-01-30;null;null;
1980-01-31;null;null;
1980-02-01;null;null;
1980-02-02;null;null;
1980-02-03;null;null;
1980-02-04;null;null;
1980-02-05;null;null;
1980-02-06;null;null;
1980-02-07;null;null;
1980-02-08;null;null;
1980-02-09;null;null;
1980-02-10;null;null;
1980-02-11;null;null;
1980-02-12;null;null;
1980-02-13;null;null;
1980-02-14;null;null;
1980-02-15;null;null;
1980-02-16;null;null;
1980-02-17;null;null;
1980-02-18;null;null;
1980-02-19;null;null;
1980-02-20;null;null;
1980-02-21;null;null;
1980-02-22;null;null;
1980-02-23;null;null;
1980-02-24;null;null;
1980-02-25;null;null;
1980-02-26;null;null;
1980-02-27;null;null;
1980-02-28;null;null;
1980-02-29;null;null;
1980-03-01;null;null;
1980-03-02;null;null;
1980-03-03;null;null;
1980-03-04;null;null;
1980-03-05;null;null;
1980-03-06;null;null;
1980-03-07;null;null;
1980-03-08;null;null;
1980-03-09;null;null;
1980-03-10;null;null;
1980-03-11;null;null;
1980-03-12;null;null;
1980-03-13;null;null;
1980-03-14;null;null;
1980-03-15;null;null;
1980-03-16;null;null;
1980-03-17;null;null;
1980-03-18;null;null;
1980-03-19;null;null;
1980-03-20;null;null;
1980-03-21;null;null;
1980-03-22;null;null;
1980-03-23;null;null;
1980-03-24;null;null;
1980-03-25;null;null;
1980-03-26;null;null;
1980-03-27;null;null;
1980-03-28;null;null;
1980-03-29;null;null;
1980-03-30;null;null;
1980-03-31;null;null;
1980-04-01;null;null;
1980-04-02;null;null;
1980-04-03;null;null;
1980-04-04;null;null;
1980-04-05;null;null;
1980-04-06;null;null;
1980-04-07;null;null;
1980-04-08;null;null;
1980-04-09;null;null;
1980-04-10;null;null;
1980-04-11;null;null;
1980-04-12;null;null;
1980-04-13;null;null;
1980-04-14;null;null;
1980-04-15;null;null;
1980-04-16;null;null;
1980-04-17;null;null;
1980-04-18;null;null;
1980-04-19;null;null;
1980-04-20;null;null;
1980-04-21;null;null;
1980-04-22;null;null;
1980-04-23;null;null;
1980-04-24;null;null;
1980-04-25;null;null;
1980-04-26;null;null;
1980-04-27;null;null;
1980-04-28;null;null;
1980-04-29;null;null;
1980-04-30;null;null;
1980-05-01;null;null;
1980-05-02;null;null;
1980-05-03;null;null;
1980-05-04;null;null;
1980-05-05;null;null;
1980-05-06;null;null;
1980-05-07;null;null;
1980-05-08;null;null;
1980-05-09;null;null;
1980-05-10;null;null;
1980-05-11;null;null;
1980-05-12;null;null;
1980-05-13;null;null;
1980-05-14;null;null;
1980-05-15;null;null;
1980-05-16;null;null;
1980-05-17;null;null;
1980-05-18;null;null;
1980-05-19;null;null;
1980-05-20;null;null;
1980-05-21;null;null;
1980-05-22;null;null;
1980-05-23;null;null;
1980-05-24;null;null;
1980-05-25;null;null;
1980-05-26;null;null;
1980-05-27;null;null;
1980-05-28;null;null;
1980-05-29;null;null;
1980-05-30;null;null;
1980-05-31;null;null;
1980-06-01;null;null;
1980-06-02;null;null;
1980-06-03;null;null;
1980-06-04;null;null;
1980-06-05;null;null;
1980-06-06;null;null;
1980-06-07;null;null;
1980-06-08;null;null;
1980-06-09;null;null;
1980-06-10;null;null;
1980-06-11;null;null;
1980-06-12;null;null;
1980-06-13;null;null;
1980-06-14;null;null;
1980-06-15;null;null;
1980-06-16;null;null;
1980-06-17;null;null;
1980-06-18;null;null;
1980-06-19;null;null;
1980-06-20;null;null;
1980-06-21;null;null;
1980-06-22;null;null;
1980-06-23;null;null;
1980-06-24;null;null;
1980-06-25;null;null;
1980-06-26;null;null;
1980-06-27;null;null;
1980-06-28;null;null;
1980-06-29;null;null;
1980-06-30;null;null;
1980-07-01;null;null;
1980-07-02;null;null;
1980-07-03;null;null;
1980-07-04;null;null;
1980-07-05;null;null;
1980-07-06;null;null;
1980-07-07;null;null;
1980-07-08;null;null;
1980-07-09;null;null;
1980-07-10;null;null;
1980-07-11;null;null;
1980-07-12;null;null;
1980-07-13;null;null;
1980-07-14;null;null;
1980-07-15;null;null;
1980-07-16;null;null;
1980-07-17;null;null;
1980-07-18;null;null;
1980-07-19;null;null;
1980-07-20;null;null;
1980-07-21;null;null;
1980-07-22;null;null;
1980-07-23;null;null;
1980-07-24;null;null;
1980-07-25;null;null;
1980-07-26;null;null;
1980-07-27;null;null;
1980-07-28;null;null;
1980-07-29;null;null;
1980-07-30;null;null;
1980-07-31;null;null;
1980-08-01;null;null;
1980-08-02;null;null;
1980-08-03;null;null;
1980-08-04;null;null;
1980-08-05;null;null;
1980-08-06;null;null;
1980-08-07;null;null;
1980-08-08;null;null;
1980-08-09;null;null;
1980-08-10;null;null;
1980-08-11;null;null;
1980-08-12;null;null;
1980-08-13;null;null;
1980-08-14;null;null;
1980-08-15;null;null;
1980-08-16;null;null;
1980-08-17;null;null;
1980-08-18;null;null;
1980-08-19;null;null;
1980-08-20;null;null;
1980-08-21;null;null;
1980-08-22;null;null;
1980-08-23;null;null;
1980-08-24;null;null;
1980-08-25;null;null;
1980-08-26;null;null;
1980-08-27;null;null;
1980-08-28;null;null;
1980-08-29;null;null;
1980-08-30;null;null;
1980-08-31;null;null;
1980-09-01;null;null;
1980-09-02;null;null;
1980-09-03;null;null;
1980-09-04;null;null;
1980-09-05;null;null;
1980-09-06;null;null;
1980-09-07;null;null;
1980-09-08;null;null;
1980-09-09;null;null;
1980-09-10;null;null;
1980-09-11;null;null;
1980-09-12;null;null;
1980-09-13;null;null;
1980-09-14;null;null;
1980-09-15;null;null;
1980-09-16;null;null;
1980-09-17;null;null;
1980-09-18;null;null;
1980-09-19;null;null;
1980-09-20;null;null;
1980-09-21;null;null;
1980-09-22;null;null;
1980-09-23;null;null;
1980-09-24;null;null;
1980-09-25;null;null;
1980-09-26;null;null;
1980-09-27;null;null;
1980-09-28;null;null;
1980-09-29;null;null;
1980-09-30;null;null;
1980-10-01;null;null;
1980-10-02;null;null;
1980-10-03;null;null;
1980-10-04;null;null;
1980-10-05;null;null;
1980-10-06;null;null;
1980-10-07;null;null;
1980-10-08;null;null;
1980-10-09;null;null;
1980-10-10;null;null;
1980-10-11;null;null;
1980-10-12;null;null;
1980-10-13;null;null;
1980-10-14;null;null;
1980-10-15;null;null;
1980-10-16;null;null;
1980-10-17;null;null;
1980-10-18;null;null;
1980-10-19;null;null;
1980-10-20;null;null;
1980-10-21;null;null;
1980-10-22;null;null;
1980-10-23;null;null;
1980-10-24;null;null;
1980-10-25;null;null;
1980-10-26;null;null;
1980-10-27;null;null;
1980-10-28;null;null;
1980-10-29;null;null;
1980-10-30;null;null;
1980-10-31;null;null;
1980-11-01;null;null;
1980-11-02;null;null;
1980-11-03;null;null;
1980-11-04;null;null;
1980-11-05;null;null;
1980-11-06;null;null;
1980-11-07;null;null;
1980-11-08;null;null;
1980-11-09;null;null;
1980-11-10;null;null;
1980-11-11;null;null;
1980-11-12;null;null;
1980-11-13;null;null;
1980-11-14;null;null;
1980-11-15;null;null;
1980-11-16;null;null;
1980-11-17;null;null;
1980-11-18;null;null;
1980-11-19;null;null;
1980-11-20;null;null;
1980-11-21;null;null;
1980-11-22;null;null;
1980-11-23;null;null;
1980-11-24;null;null;
1980-11-25;null;null;
1980-11-26;null;null;
1980-11-27;null;null;
1980-11-28;null;null;
1980-11-29;null;null;
1980-11-30;null;null;
1980-12-01;null;null;
1980-12-02;null;null;
1980-12-03;null;null;
1980-12-04;null;null;
1980-12-05;null;null;
1980-12-06;null;null;
1980-12-07;null;null;
1980-12-08;null;null;
1980-12-09;null;null;
1980-12-10;null;null;
1980-12-11;null;null;
1980-12-12;null;null;
1980-12-13;null;null;
1980-12-14;null;null;
1980-12-15;null;null;
1980-12-16;null;null;
1980-12-17;null;null;
1980-12-18;null;null;
1980-12-19;null;null;
1980-12-20;null;null;
1980-12-21;null;null;
1980-12-22;null;null;
1980-12-23;null;null;
1980-12-24;null;null;
1980-12-25;null;null;
1980-12-26;null;null;
1980-12-27;null;null;
1980-12-28;null;null;
1980-12-29;null;null;
1980-12-30;null;null;
1980-12-31;null;null;
1981-01-01;null;null;
1981-01-02;null;null;
1981-01-03;null;null;
1981-01-04;null;null;
1981-01-05;null;null;
1981-01-06;null;null;
1981-01-07;null;null;
1981-01-08;null;null;
1981-01-09;null;null;
1981-01-10;null;null;
1981-01-11;null;null;
1981-01-12;null;null;
1981-01-13;null;null;
1981-01-14;null;null;
1981-01-15;null;null;
1981-01-16;null;null;
1981-01-17;null;null;
1981-01-18;null;null;
1981-01-19;null;null;
1981-01-20;null;null;
1981-01-21;null;null;
1981-01-22;null;null;
1981-01-23;null;null;
1981-01-24;null;null;
1981-01-25;null;null;
1981-01-26;null;null;
1981-01-27;null;null;
1981-01-28;null;null;
1981-01-29;null;null;
1981-01-30;null;null;
1981-01-31;null;null;
1981-02-01;null;null;
1981-02-02;null;null;
1981-02-03;null;null;
1981-02-04;null;null;
1981-02-05;null;null;
1981-02-06;null;null;
1981-02-07;null;null;
1981-02-08;null;null;
1981-02-09;null;null;
1981-02-10;null;null;
1981-02-11;null;null;
1981-02-12;null;null;
1981-02-13;null;null;
1981-02-14;null;null;
1981-02-15;null;null;
1981-02-16;null;null;
1981-02-17;null;null;
1981-02-18;null;null;
1981-02-19;null;null;
1981-02-20;null;null;
1981-02-21;null;null;
1981-02-22;null;null;
1981-02-23;null;null;
1981-02-24;null;null;
1981-02-25;null;null;
1981-02-26;null;null;
1981-02-27;null;null;
1981-02-28;null;null;
1981-03-01;null;null;
1981-03-02;null;null;
1981-03-03;null;null;
1981-03-04;null;null;
1981-03-05;null;null;
1981-03-06;null;null;
1981-03-07;null;null;
1981-03-08;null;null;
1981-03-09;null;null;
1981-03-10;null;null;
1981-03-11;null;null;
1981-03-12;null;null;
1981-03-13;null;null;
1981-03-14;null;null;
1981-03-15;null;null;
1981-03-16;null;null;
1981-03-17;null;null;
1981-03-18;null;null;
1981-03-19;null;null;
1981-03-20;null;null;
1981-03-21;null;null;
1981-03-22;null;null;
1981-03-23;null;null;
1981-03-24;null;null;
1981-03-25;null;null;
1981-03-26;null;null;
1981-03-27;null;null;
1981-03-28;null;null;
1981-03-29;null;null;
1981-03-30;null;null;
1981-03-31;null;null;
1981-04-01;null;null;
1981-04-02;null;null;
1981-04-03;null;null;
1981-04-04;null;null;
1981-04-05;null;null;
1981-04-06;null;null;
1981-04-07;null;null;
1981-04-08;null;null;
1981-04-09;null;null;
1981-04-10;null;null;
1981-04-11;null;null;
1981-04-12;null;null;
1981-04-13;null;null;
1981-04-14;null;null;
1981-04-15;null;null;
1981-04-16;null;null;
1981-04-17;null;null;
1981-04-18;null;null;
1981-04-19;null;null;
1981-04-20;null;null;
1981-04-21;null;null;
1981-04-22;null;null;
1981-04-23;null;null;
1981-04-24;null;null;
1981-04-25;null;null;
1981-04-26;null;null;
1981-04-27;null;null;
1981-04-28;null;null;
1981-04-29;null;null;
1981-04-30;null;null;
1981-05-01;null;null;
1981-05-02;null;null;
1981-05-03;null;null;
1981-05-04;null;null;
1981-05-05;null;null;
1981-05-06;null;null;
1981-05-07;null;null;
1981-05-08;null;null;
1981-05-09;null;null;
1981-05-10;null;null;
1981-05-11;null;null;
1981-05-12;null;null;
1981-05-13;null;null;
1981-05-14;null;null;
1981-05-15;null;null;
1981-05-16;null;null;
1981-05-17;null;null;
1981-05-18;null;null;
1981-05-19;null;null;
1981-05-20;null;null;
1981-05-21;null;null;
1981-05-22;null;null;
1981-05-23;null;null;
1981-05-24;null;null;
1981-05-25;null;null;
1981-05-26;null;null;
1981-05-27;null;null;
1981-05-28;null;null;
1981-05-29;null;null;
1981-05-30;null;null;
1981-05-31;null;null;
1981-06-01;null;null;
1981-06-02;null;null;
1981-06-03;null;null;
1981-06-04;null;null;
1981-06-05;null;null;
1981-06-06;null;null;
1981-06-07;null;null;
1981-06-08;null;null;
1981-06-09;null;null;
1981-06-10;null;null;
1981-06-11;null;null;
1981-06-12;null;null;
1981-06-13;null;null;
1981-06-14;null;null;
1981-06-15;null;null;
1981-06-16;null;null;
1981-06-17;null;null;
1981-06-18;null;null;
1981-06-19;null;null;
1981-06-20;null;null;
1981-06-21;null;null;
1981-06-22;null;null;
1981-06-23;null;null;
1981-06-24;null;null;
1981-06-25;null;null;
1981-06-26;null;null;
1981-06-27;null;null;
1981-06-28;null;null;
1981-06-29;null;null;
1981-06-30;null;null;
1981-07-01;null;null;
1981-07-02;null;null;
1981-07-03;null;null;
1981-07-04;null;null;
1981-07-05;null;null;
1981-07-06;null;null;
1981-07-07;null;null;
1981-07-08;null;null;
1981-07-09;null;null;
1981-07-10;null;null;
1981-07-11;null;null;
1981-07-12;null;null;
1981-07-13;null;null;
1981-07-14;null;null;
1981-07-15;null;null;
1981-07-16;null;null;
1981-07-17;null;null;
1981-07-18;null;null;
1981-07-19;null;null;
1981-07-20;null;null;
1981-07-21;null;null;
1981-07-22;null;null;
1981-07-23;null;null;
1981-07-24;null;null;
1981-07-25;null;null;
1981-07-26;null;null;
1981-07-27;null;null;
1981-07-28;null;null;
1981-07-29;null;null;
1981-07-30;null;null;
1981-07-31;null;null;
1981-08-01;null;null;
1981-08-02;null;null;
1981-08-03;null;null;
1981-08-04;null;null;
1981-08-05;null;null;
1981-08-06;null;null;
1981-08-07;null;null;
1981-08-08;null;null;
1981-08-09;null;null;
1981-08-10;null;null;
1981-08-11;null;null;
1981-08-12;null;null;
1981-08-13;null;null;
1981-08-14;null;null;
1981-08-15;null;null;
1981-08-16;null;null;
1981-08-17;null;null;
1981-08-18;null;null;
1981-08-19;null;null;
1981-08-20;null;null;
1981-08-21;null;null;
1981-08-22;null;null;
1981-08-23;null;null;
1981-08-24;null;null;
1981-08-25;null;null;
1981-08-26;null;null;
1981-08-27;null;null;
1981-08-28;null;null;
1981-08-29;null;null;
1981-08-30;null;null;
1981-08-31;null;null;
1981-09-01;null;null;
1981-09-02;null;null;
1981-09-03;null;null;
1981-09-04;null;null;
1981-09-05;null;null;
1981-09-06;null;null;
1981-09-07;null;null;
1981-09-08;null;null;
1981-09-09;null;null;
1981-09-10;null;null;
1981-09-11;null;null;
1981-09-12;null;null;
1981-09-13;null;null;
1981-09-14;null;null;
1981-09-15;null;null;
1981-09-16;null;null;
1981-09-17;null;null;
1981-09-18;null;null;
1981-09-19;null;null;
1981-09-20;null;null;
1981-09-21;null;null;
1981-09-22;null;null;
1981-09-23;null;null;
1981-09-24;null;null;
1981-09-25;null;null;
1981-09-26;null;null;
1981-09-27;null;null;
1981-09-28;null;null;
1981-09-29;null;null;
1981-09-30;null;null;
1981-10-01;null;null;
1981-10-02;null;null;
1981-10-03;null;null;
1981-10-04;null;null;
1981-10-05;null;null;
1981-10-06;null;null;
1981-10-07;null;null;
1981-10-08;null;null;
1981-10-09;null;null;
1981-10-10;null;null;
1981-10-11;null;null;
1981-10-12;null;null;
1981-10-13;null;null;
1981-10-14;null;null;
1981-10-15;null;null;
1981-10-16;null;null;
1981-10-17;null;null;
1981-10-18;null;null;
1981-10-19;null;null;
1981-10-20;null;null;
1981-10-21;null;null;
1981-10-22;null;null;
1981-10-23;null;null;
1981-10-24;null;null;
1981-10-25;null;null;
1981-10-26;null;null;
1981-10-27;null;null;
1981-10-28;null;null;
1981-10-29;null;null;
1981-10-30;null;null;
1981-10-31;null;null;
1981-11-01;null;null;
1981-11-02;null;null;
1981-11-03;null;null;
1981-11-04;null;null;
1981-11-05;null;null;
1981-11-06;null;null;
1981-11-07;null;null;
1981-11-08;null;null;
1981-11-09;null;null;
1981-11-10;null;null;
1981-11-11;null;null;
1981-11-12;null;null;
1981-11-13;null;null;
1981-11-14;null;null;
1981-11-15;null;null;
1981-11-16;null;null;
1981-11-17;null;null;
1981-11-18;null;null;
1981-11-19;null;null;
1981-11-20;null;null;
1981-11-21;null;null;
1981-11-22;null;null;
1981-11-23;null;null;
1981-11-24;null;null;
1981-11-25;null;null;
1981-11-26;null;null;
1981-11-27;null;null;
1981-11-28;null;null;
1981-11-29;null;null;
1981-11-30;null;null;
1981-12-01;null;null;
1981-12-02;null;null;
1981-12-03;null;null;
1981-12-04;null;null;
1981-12-05;null;null;
1981-12-06;null;null;
1981-12-07;null;null;
1981-12-08;null;null;
1981-12-09;null;null;
1981-12-10;null;null;
1981-12-11;null;null;
1981-12-12;null;null;
1981-12-13;null;null;
1981-12-14;null;null;
1981-12-15;null;null;
1981-12-16;null;null;
1981-12-17;null;null;
1981-12-18;null;null;
1981-12-19;null;null;
1981-12-20;null;null;
1981-12-21;null;null;
1981-12-22;null;null;
1981-12-23;null;null;
1981-12-24;null;null;
1981-12-25;null;null;
1981-12-26;null;null;
1981-12-27;null;null;
1981-12-28;null;null;
1981-12-29;null;null;
1981-12-30;null;null;
1981-12-31;null;null;
1982-01-01;null;null;
1982-01-02;null;null;
1982-01-03;null;null;
1982-01-04;null;null;
1982-01-05;null;null;
1982-01-06;null;null;
1982-01-07;null;null;
1982-01-08;null;null;
1982-01-09;null;null;
1982-01-10;null;null;
1982-01-11;null;null;
1982-01-12;null;null;
1982-01-13;null;null;
1982-01-14;null;null;
1982-01-15;null;null;
1982-01-16;null;null;
1982-01-17;null;null;
1982-01-18;null;null;
1982-01-19;null;null;
1982-01-20;null;null;
1982-01-21;null;null;
1982-01-22;null;null;
1982-01-23;null;null;
1982-01-24;null;null;
1982-01-25;null;null;
1982-01-26;null;null;
1982-01-27;null;null;
1982-01-28;null;null;
1982-01-29;null;null;
1982-01-30;null;null;
1982-01-31;null;null;
1982-02-01;null;null;
1982-02-02;null;null;
1982-02-03;null;null;
1982-02-04;null;null;
1982-02-05;null;null;
1982-02-06;null;null;
1982-02-07;null;null;
1982-02-08;null;null;
1982-02-09;null;null;
1982-02-10;null;null;
1982-02-11;null;null;
1982-02-12;null;null;
1982-02-13;null;null;
1982-02-14;null;null;
1982-02-15;null;null;
1982-02-16;null;null;
1982-02-17;null;null;
1982-02-18;null;null;
1982-02-19;null;null;
1982-02-20;null;null;
1982-02-21;null;null;
1982-02-22;null;null;
1982-02-23;null;null;
1982-02-24;null;null;
1982-02-25;null;null;
1982-02-26;null;null;
1982-02-27;null;null;
1982-02-28;null;null;
1982-03-01;null;null;
1982-03-02;null;null;
1982-03-03;null;null;
1982-03-04;null;null;
1982-03-05;null;null;
1982-03-06;null;null;
1982-03-07;null;null;
1982-03-08;null;null;
1982-03-09;null;null;
1982-03-10;null;null;
1982-03-11;null;null;
1982-03-12;null;null;
1982-03-13;null;null;
1982-03-14;null;null;
1982-03-15;null;null;
1982-03-16;null;null;
1982-03-17;null;null;
1982-03-18;null;null;
1982-03-19;null;null;
1982-03-20;null;null;
1982-03-21;null;null;
1982-03-22;null;null;
1982-03-23;null;null;
1982-03-24;null;null;
1982-03-25;null;null;
1982-03-26;null;null;
1982-03-27;null;null;
1982-03-28;null;null;
1982-03-29;null;null;
1982-03-30;null;null;
1982-03-31;null;null;
1982-04-01;null;null;
1982-04-02;null;null;
1982-04-03;null;null;
1982-04-04;null;null;
1982-04-05;null;null;
1982-04-06;null;null;
1982-04-07;null;null;
1982-04-08;null;null;
1982-04-09;null;null;
1982-04-10;null;null;
1982-04-11;null;null;
1982-04-12;null;null;
1982-04-13;null;null;
1982-04-14;null;null;
1982-04-15;null;null;
1982-04-16;null;null;
1982-04-17;null;null;
1982-04-18;null;null;
1982-04-19;null;null;
1982-04-20;null;null;
1982-04-21;null;null;
1982-04-22;null;null;
1982-04-23;null;null;
1982-04-24;null;null;
1982-04-25;null;null;
1982-04-26;null;null;
1982-04-27;null;null;
1982-04-28;null;null;
1982-04-29;null;null;
1982-04-30;null;null;
1982-05-01;null;null;
1982-05-02;null;null;
1982-05-03;null;null;
1982-05-04;null;null;
1982-05-05;null;null;
1982-05-06;null;null;
1982-05-07;null;null;
1982-05-08;null;null;
1982-05-09;null;null;
1982-05-10;null;null;
1982-05-11;null;null;
1982-05-12;null;null;
1982-05-13;null;null;
1982-05-14;null;null;
1982-05-15;null;null;
1982-05-16;null;null;
1982-05-17;null;null;
1982-05-18;null;null;
1982-05-19;null;null;
1982-05-20;null;null;
1982-05-21;null;null;
1982-05-22;null;null;
1982-05-23;null;null;
1982-05-24;null;null;
1982-05-25;null;null;
1982-05-26;null;null;
1982-05-27;null;null;
1982-05-28;null;null;
1982-05-29;null;null;
1982-05-30;null;null;
1982-05-31;null;null;
1982-06-01;null;null;
1982-06-02;null;null;
1982-06-03;null;null;
1982-06-04;null;null;
1982-06-05;null;null;
1982-06-06;null;null;
1982-06-07;null;null;
1982-06-08;null;null;
1982-06-09;null;null;
1982-06-10;null;null;
1982-06-11;null;null;
1982-06-12;null;null;
1982-06-13;null;null;
1982-06-14;null;null;
1982-06-15;null;null;
1982-06-16;null;null;
1982-06-17;null;null;
1982-06-18;null;null;
1982-06-19;null;null;
1982-06-20;null;null;
1982-06-21;null;null;
1982-06-22;null;null;
1982-06-23;null;null;
1982-06-24;null;null;
1982-06-25;null;null;
1982-06-26;null;null;
1982-06-27;null;null;
1982-06-28;null;null;
1982-06-29;null;null;
1982-06-30;null;null;
1982-07-01;null;null;
1982-07-02;null;null;
1982-07-03;null;null;
1982-07-04;null;null;
1982-07-05;null;null;
1982-07-06;null;null;
1982-07-07;null;null;
1982-07-08;null;null;
1982-07-09;null;null;
1982-07-10;null;null;
1982-07-11;null;null;
1982-07-12;null;null;
1982-07-13;null;null;
1982-07-14;null;null;
1982-07-15;null;null;
1982-07-16;null;null;
1982-07-17;null;null;
1982-07-18;null;null;
1982-07-19;null;null;
1982-07-20;null;null;
1982-07-21;null;null;
1982-07-22;null;null;
1982-07-23;null;null;
1982-07-24;null;null;
1982-07-25;null;null;
1982-07-26;null;null;
1982-07-27;null;null;
1982-07-28;null;null;
1982-07-29;null;null;
1982-07-30;null;null;
1982-07-31;null;null;
1982-08-01;null;null;
1982-08-02;null;null;
1982-08-03;null;null;
1982-08-04;null;null;
1982-08-05;null;null;
1982-08-06;null;null;
1982-08-07;null;null;
1982-08-08;null;null;
1982-08-09;null;null;
1982-08-10;null;null;
1982-08-11;null;null;
1982-08-12;null;null;
1982-08-13;null;null;
1982-08-14;null;null;
1982-08-15;null;null;
1982-08-16;null;null;
1982-08-17;null;null;
1982-08-18;null;null;
1982-08-19;null;null;
1982-08-20;null;null;
1982-08-21;null;null;
1982-08-22;null;null;
1982-08-23;null;null;
1982-08-24;null;null;
1982-08-25;null;null;
1982-08-26;null;null;
1982-08-27;null;null;
1982-08-28;null;null;
1982-08-29;null;null;
1982-08-30;null;null;
1982-08-31;null;null;
1982-09-01;null;null;
1982-09-02;null;null;
1982-09-03;null;null;
1982-09-04;null;null;
1982-09-05;null;null;
1982-09-06;null;null;
1982-09-07;null;null;
1982-09-08;null;null;
1982-09-09;null;null;
1982-09-10;null;null;
1982-09-11;null;null;
1982-09-12;null;null;
1982-09-13;null;null;
1982-09-14;null;null;
1982-09-15;null;null;
1982-09-16;null;null;
1982-09-17;null;null;
1982-09-18;null;null;
1982-09-19;null;null;
1982-09-20;null;null;
1982-09-21;null;null;
1982-09-22;null;null;
1982-09-23;null;null;
1982-09-24;null;null;
1982-09-25;null;null;
1982-09-26;null;null;
1982-09-27;null;null;
1982-09-28;null;null;
1982-09-29;null;null;
1982-09-30;null;null;
1982-10-01;null;null;
1982-10-02;null;null;
1982-10-03;null;null;
1982-10-04;null;null;
1982-10-05;null;null;
1982-10-06;null;null;
1982-10-07;null;null;
1982-10-08;null;null;
1982-10-09;null;null;
1982-10-10;null;null;

