Nome: CONTAGEM
Codigo Estacao: 83602
Latitude: -19.9
Longitude: -44.1
Altitude: 961
Situacao: Desativada
Data Inicial: 1976-01-21
Data Final: 1985-11-09
Periodicidade da Medicao: Diaria

Data Medicao;TEMPERATURA MAXIMA, DIARIA(°C);TEMPERATURA MINIMA, DIARIA(°C);
1976-01-21;null;null;
1976-01-22;null;null;
1976-01-23;null;null;
1976-01-24;null;null;
1976-01-25;null;null;
1976-01-26;null;null;
1976-01-27;null;null;
1976-01-28;null;null;
1976-01-29;null;null;
1976-01-30;null;null;
1976-01-31;null;null;
1976-02-01;null;null;
1976-02-02;null;null;
1976-02-03;null;null;
1976-02-04;null;null;
1976-02-05;null;null;
1976-02-06;null;null;
1976-02-07;null;null;
1976-02-08;null;null;
1976-02-09;null;null;
1976-02-10;null;null;
1976-02-11;null;null;
1976-02-12;null;null;
1976-02-13;null;null;
1976-02-14;null;null;
1976-02-15;null;null;
1976-02-16;null;null;
1976-02-17;null;null;
1976-02-18;null;null;
1976-02-19;null;null;
1976-02-20;null;null;
1976-02-21;null;null;
1976-02-22;null;null;
1976-02-23;null;null;
1976-02-24;null;null;
1976-02-25;null;null;
1976-02-26;null;null;
1976-02-27;null;null;
1976-02-28;null;null;
1976-02-29;null;null;
1976-03-01;null;null;
1976-03-02;null;null;
1976-03-03;null;null;
1976-03-04;null;null;
1976-03-05;null;null;
1976-03-06;null;null;
1976-03-07;null;null;
1976-03-08;null;null;
1976-03-09;null;null;
1976-03-10;null;null;
1976-03-11;null;null;
1976-03-12;null;null;
1976-03-13;null;null;
1976-03-14;null;null;
1976-03-15;null;null;
1976-03-16;null;null;
1976-03-17;null;null;
1976-03-18;null;null;
1976-03-19;null;null;
1976-03-20;null;null;
1976-03-21;null;null;
1976-03-22;null;null;
1976-03-23;null;null;
1976-03-24;null;null;
1976-03-25;null;null;
1976-03-26;null;null;
1976-03-27;null;null;
1976-03-28;null;null;
1976-03-29;null;null;
1976-03-30;null;null;
1976-03-31;null;null;
1976-04-01;null;null;
1976-04-02;null;null;
1976-04-03;null;null;
1976-04-04;null;null;
1976-04-05;null;null;
1976-04-06;null;null;
1976-04-07;null;null;
1976-04-08;null;null;
1976-04-09;null;null;
1976-04-10;null;null;
1976-04-11;null;null;
1976-04-12;null;null;
1976-04-13;null;null;
1976-04-14;null;null;
1976-04-15;null;null;
1976-04-16;null;null;
1976-04-17;null;null;
1976-04-18;null;null;
1976-04-19;null;null;
1976-04-20;null;null;
1976-04-21;null;null;
1976-04-22;null;null;
1976-04-23;null;null;
1976-04-24;null;null;
1976-04-25;null;null;
1976-04-26;null;null;
1976-04-27;null;null;
1976-04-28;null;null;
1976-04-29;null;null;
1976-04-30;null;null;
1976-05-01;null;null;
1976-05-02;null;null;
1976-05-03;null;null;
1976-05-04;null;null;
1976-05-05;null;null;
1976-05-06;null;null;
1976-05-07;null;null;
1976-05-08;null;null;
1976-05-09;null;null;
1976-05-10;null;null;
1976-05-11;null;null;
1976-05-12;null;null;
1976-05-13;null;null;
1976-05-14;null;null;
1976-05-15;null;null;
1976-05-16;null;null;
1976-05-17;null;null;
1976-05-18;null;null;
1976-05-19;null;null;
1976-05-20;null;null;
1976-05-21;null;null;
1976-05-22;null;null;
1976-05-23;null;null;
1976-05-24;null;null;
1976-05-25;null;null;
1976-05-26;null;null;
1976-05-27;null;null;
1976-05-28;null;null;
1976-05-29;null;null;
1976-05-30;null;null;
1976-05-31;null;null;
1976-06-01;null;null;
1976-06-02;null;null;
1976-06-03;null;null;
1976-06-04;null;null;
1976-06-05;null;null;
1976-06-06;null;null;
1976-06-07;null;null;
1976-06-08;null;null;
1976-06-09;null;null;
1976-06-10;null;null;
1976-06-11;null;null;
1976-06-12;null;null;
1976-06-13;null;null;
1976-06-14;null;null;
1976-06-15;null;null;
1976-06-16;null;null;
1976-06-17;null;null;
1976-06-18;null;null;
1976-06-19;null;null;
1976-06-20;null;null;
1976-06-21;null;null;
1976-06-22;null;null;
1976-06-23;null;null;
1976-06-24;null;null;
1976-06-25;null;null;
1976-06-26;null;null;
1976-06-27;null;null;
1976-06-28;null;null;
1976-06-29;null;null;
1976-06-30;null;null;
1976-07-01;null;null;
1976-07-02;null;null;
1976-07-03;null;null;
1976-07-04;null;null;
1976-07-05;null;null;
1976-07-06;null;null;
1976-07-07;null;null;
1976-07-08;null;null;
1976-07-09;null;null;
1976-07-10;null;null;
1976-07-11;null;null;
1976-07-12;null;null;
1976-07-13;null;null;
1976-07-14;null;null;
1976-07-15;null;null;
1976-07-16;null;null;
1976-07-17;null;null;
1976-07-18;null;null;
1976-07-19;null;null;
1976-07-20;null;null;
1976-07-21;null;null;
1976-07-22;null;null;
1976-07-23;null;null;
1976-07-24;null;null;
1976-07-25;null;null;
1976-07-26;null;null;
1976-07-27;null;null;
1976-07-28;null;null;
1976-07-29;null;null;
1976-07-30;null;null;
1976-07-31;null;null;
1976-08-01;null;null;
1976-08-02;null;null;
1976-08-03;null;null;
1976-08-04;null;null;
1976-08-05;null;null;
1976-08-06;null;null;
1976-08-07;null;null;
1976-08-08;null;null;
1976-08-09;null;null;
1976-08-10;null;null;
1976-08-11;null;null;
1976-08-12;null;null;
1976-08-13;null;null;
1976-08-14;null;null;
1976-08-15;null;null;
1976-08-16;null;null;
1976-08-17;null;null;
1976-08-18;null;null;
1976-08-19;null;null;
1976-08-20;null;null;
1976-08-21;null;null;
1976-08-22;null;null;
1976-08-23;null;null;
1976-08-24;null;null;
1976-08-25;null;null;
1976-08-26;null;null;
1976-08-27;null;null;
1976-08-28;null;null;
1976-08-29;null;null;
1976-08-30;null;null;
1976-08-31;null;null;
1976-09-01;null;null;
1976-09-02;null;null;
1976-09-03;null;null;
1976-09-04;null;null;
1976-09-05;null;null;
1976-09-06;null;null;
1976-09-07;null;null;
1976-09-08;null;null;
1976-09-09;null;null;
1976-09-10;null;null;
1976-09-11;null;null;
1976-09-12;null;null;
1976-09-13;null;null;
1976-09-14;null;null;
1976-09-15;null;null;
1976-09-16;null;null;
1976-09-17;null;null;
1976-09-18;null;null;
1976-09-19;null;null;
1976-09-20;null;null;
1976-09-21;null;null;
1976-09-22;null;null;
1976-09-23;null;null;
1976-09-24;null;null;
1976-09-25;null;null;
1976-09-26;null;null;
1976-09-27;null;null;
1976-09-28;null;null;
1976-09-29;null;null;
1976-09-30;null;null;
1976-10-01;null;null;
1976-10-02;null;null;
1976-10-03;null;null;
1976-10-04;null;null;
1976-10-05;null;null;
1976-10-06;null;null;
1976-10-07;null;null;
1976-10-08;null;null;
1976-10-09;null;null;
1976-10-10;null;null;
1976-10-11;null;null;
1976-10-12;null;null;
1976-10-13;null;null;
1976-10-14;null;null;
1976-10-15;null;null;
1976-10-16;null;null;
1976-10-17;null;null;
1976-10-18;null;null;
1976-10-19;null;null;
1976-10-20;null;null;
1976-10-21;null;null;
1976-10-22;null;null;
1976-10-23;null;null;
1976-10-24;null;null;
1976-10-25;null;null;
1976-10-26;null;null;
1976-10-27;null;null;
1976-10-28;null;null;
1976-10-29;null;null;
1976-10-30;null;null;
1976-10-31;null;null;
1976-11-01;null;null;
1976-11-02;null;null;
1976-11-03;null;null;
1976-11-04;null;null;
1976-11-05;null;null;
1976-11-06;null;null;
1976-11-07;null;null;
1976-11-08;null;null;
1976-11-09;null;null;
1976-11-10;null;null;
1976-11-11;null;null;
1976-11-12;null;null;
1976-11-13;null;null;
1976-11-14;null;null;
1976-11-15;null;null;
1976-11-16;null;null;
1976-11-17;null;null;
1976-11-18;null;null;
1976-11-19;null;null;
1976-11-20;null;null;
1976-11-21;null;null;
1976-11-22;null;null;
1976-11-23;null;null;
1976-11-24;null;null;
1976-11-25;null;null;
1976-11-26;null;null;
1976-11-27;null;null;
1976-11-28;null;null;
1976-11-29;null;null;
1976-11-30;null;null;
1976-12-01;null;null;
1976-12-02;null;null;
1976-12-03;null;null;
1976-12-04;null;null;
1976-12-05;null;null;
1976-12-06;null;null;
1976-12-07;null;null;
1976-12-08;null;null;
1976-12-09;null;null;
1976-12-10;null;null;
1976-12-11;null;null;
1976-12-12;null;null;
1976-12-13;null;null;
1976-12-14;null;null;
1976-12-15;null;null;
1976-12-16;null;null;
1976-12-17;null;null;
1976-12-18;null;null;
1976-12-19;null;null;
1976-12-20;null;null;
1976-12-21;null;null;
1976-12-22;null;null;
1976-12-23;null;null;
1976-12-24;null;null;
1976-12-25;null;null;
1976-12-26;null;null;
1976-12-27;null;null;
1976-12-28;null;null;
1976-12-29;null;null;
1976-12-30;null;null;
1976-12-31;null;null;
1977-01-01;null;null;
1977-01-02;null;null;
1977-01-03;null;null;
1977-01-04;null;null;
1977-01-05;null;null;
1977-01-06;null;null;
1977-01-07;null;null;
1977-01-08;null;null;
1977-01-09;null;null;
1977-01-10;null;null;
1977-01-11;null;null;
1977-01-12;null;null;
1977-01-13;null;null;
1977-01-14;null;null;
1977-01-15;null;null;
1977-01-16;null;null;
1977-01-17;null;null;
1977-01-18;null;null;
1977-01-19;null;null;
1977-01-20;null;null;
1977-01-21;null;null;
1977-01-22;null;null;
1977-01-23;null;null;
1977-01-24;null;null;
1977-01-25;null;null;
1977-01-26;null;null;
1977-01-27;null;null;
1977-01-28;null;null;
1977-01-29;null;null;
1977-01-30;null;null;
1977-01-31;null;null;
1977-02-01;null;null;
1977-02-02;null;null;
1977-02-03;null;null;
1977-02-04;null;null;
1977-02-05;null;null;
1977-02-06;null;null;
1977-02-07;null;null;
1977-02-08;null;null;
1977-02-09;null;null;
1977-02-10;null;null;
1977-02-11;null;null;
1977-02-12;null;null;
1977-02-13;null;null;
1977-02-14;null;null;
1977-02-15;null;null;
1977-02-16;null;null;
1977-02-17;null;null;
1977-02-18;null;null;
1977-02-19;null;null;
1977-02-20;null;null;
1977-02-21;null;null;
1977-02-22;null;null;
1977-02-23;null;null;
1977-02-24;null;null;
1977-02-25;null;null;
1977-02-26;null;null;
1977-02-27;null;null;
1977-02-28;null;null;
1977-03-01;null;null;
1977-03-02;null;null;
1977-03-03;null;null;
1977-03-04;null;null;
1977-03-05;null;null;
1977-03-06;null;null;
1977-03-07;null;null;
1977-03-08;null;null;
1977-03-09;null;null;
1977-03-10;null;null;
1977-03-11;null;null;
1977-03-12;null;null;
1977-03-13;null;null;
1977-03-14;null;null;
1977-03-15;null;null;
1977-03-16;null;null;
1977-03-17;null;null;
1977-03-18;null;null;
1977-03-19;null;null;
1977-03-20;null;null;
1977-03-21;null;null;
1977-03-22;null;null;
1977-03-23;null;null;
1977-03-24;null;null;
1977-03-25;null;null;
1977-03-26;null;null;
1977-03-27;null;null;
1977-03-28;null;null;
1977-03-29;null;null;
1977-03-30;null;null;
1977-03-31;null;null;
1977-04-01;null;null;
1977-04-02;null;null;
1977-04-03;null;null;
1977-04-04;null;null;
1977-04-05;null;null;
1977-04-06;null;null;
1977-04-07;null;null;
1977-04-08;null;null;
1977-04-09;null;null;
1977-04-10;null;null;
1977-04-11;null;null;
1977-04-12;null;null;
1977-04-13;null;null;
1977-04-14;null;null;
1977-04-15;null;null;
1977-04-16;null;null;
1977-04-17;null;null;
1977-04-18;null;null;
1977-04-19;null;null;
1977-04-20;null;null;
1977-04-21;null;null;
1977-04-22;null;null;
1977-04-23;null;null;
1977-04-24;null;null;
1977-04-25;null;null;
1977-04-26;null;null;
1977-04-27;null;null;
1977-04-28;null;null;
1977-04-29;null;null;
1977-04-30;null;null;
1977-05-01;null;null;
1977-05-02;null;null;
1977-05-03;null;null;
1977-05-04;null;null;
1977-05-05;null;null;
1977-05-06;null;null;
1977-05-07;null;null;
1977-05-08;null;null;
1977-05-09;null;null;
1977-05-10;null;null;
1977-05-11;null;null;
1977-05-12;null;null;
1977-05-13;null;null;
1977-05-14;null;null;
1977-05-15;null;null;
1977-05-16;null;null;
1977-05-17;null;null;
1977-05-18;null;null;
1977-05-19;null;null;
1977-05-20;null;null;
1977-05-21;null;null;
1977-05-22;null;null;
1977-05-23;null;null;
1977-05-24;null;null;
1977-05-25;null;null;
1977-05-26;null;null;
1977-05-27;null;null;
1977-05-28;null;null;
1977-05-29;null;null;
1977-05-30;null;null;
1977-05-31;null;null;
1977-06-01;null;null;
1977-06-02;null;null;
1977-06-03;null;null;
1977-06-04;null;null;
1977-06-05;null;null;
1977-06-06;null;null;
1977-06-07;null;null;
1977-06-08;null;null;
1977-06-09;null;null;
1977-06-10;null;null;
1977-06-11;null;null;
1977-06-12;null;null;
1977-06-13;null;null;
1977-06-14;null;null;
1977-06-15;null;null;
1977-06-16;null;null;
1977-06-17;null;null;
1977-06-18;null;null;
1977-06-19;null;null;
1977-06-20;null;null;
1977-06-21;null;null;
1977-06-22;null;null;
1977-06-23;null;null;
1977-06-24;null;null;
1977-06-25;null;null;
1977-06-26;null;null;
1977-06-27;null;null;
1977-06-28;null;null;
1977-06-29;null;null;
1977-06-30;null;null;
1977-07-01;null;null;
1977-07-02;null;null;
1977-07-03;null;null;
1977-07-04;null;null;
1977-07-05;null;null;
1977-07-06;null;null;
1977-07-07;null;null;
1977-07-08;null;null;
1977-07-09;null;null;
1977-07-10;null;null;
1977-07-11;null;null;
1977-07-12;null;null;
1977-07-13;null;null;
1977-07-14;null;null;
1977-07-15;null;null;
1977-07-16;null;null;
1977-07-17;null;null;
1977-07-18;null;null;
1977-07-19;null;null;
1977-07-20;null;null;
1977-07-21;null;null;
1977-07-22;null;null;
1977-07-23;null;null;
1977-07-24;null;null;
1977-07-25;null;null;
1977-07-26;null;null;
1977-07-27;null;null;
1977-07-28;null;null;
1977-07-29;null;null;
1977-07-30;null;null;
1977-07-31;null;null;
1977-08-01;null;null;
1977-08-02;null;null;
1977-08-03;null;null;
1977-08-04;null;null;
1977-08-05;null;null;
1977-08-06;null;null;
1977-08-07;null;null;
1977-08-08;null;null;
1977-08-09;null;null;
1977-08-10;null;null;
1977-08-11;null;null;
1977-08-12;null;null;
1977-08-13;null;null;
1977-08-14;null;null;
1977-08-15;null;null;
1977-08-16;null;null;
1977-08-17;null;null;
1977-08-18;null;null;
1977-08-19;null;null;
1977-08-20;null;null;
1977-08-21;null;null;
1977-08-22;null;null;
1977-08-23;null;null;
1977-08-24;null;null;
1977-08-25;null;null;
1977-08-26;null;null;
1977-08-27;null;null;
1977-08-28;null;null;
1977-08-29;null;null;
1977-08-30;null;null;
1977-08-31;null;null;
1977-09-01;null;null;
1977-09-02;null;null;
1977-09-03;null;null;
1977-09-04;null;null;
1977-09-05;null;null;
1977-09-06;null;null;
1977-09-07;null;null;
1977-09-08;null;null;
1977-09-09;null;null;
1977-09-10;null;null;
1977-09-11;null;null;
1977-09-12;null;null;
1977-09-13;null;null;
1977-09-14;null;null;
1977-09-15;null;null;
1977-09-16;null;null;
1977-09-17;null;null;
1977-09-18;null;null;
1977-09-19;null;null;
1977-09-20;null;null;
1977-09-21;null;null;
1977-09-22;null;null;
1977-09-23;null;null;
1977-09-24;null;null;
1977-09-25;null;null;
1977-09-26;null;null;
1977-09-27;null;null;
1977-09-28;null;null;
1977-09-29;null;null;
1977-09-30;null;null;
1977-10-01;null;null;
1977-10-02;null;null;
1977-10-03;null;null;
1977-10-04;null;null;
1977-10-05;null;null;
1977-10-06;null;null;
1977-10-07;null;null;
1977-10-08;null;null;
1977-10-09;null;null;
1977-10-10;null;null;
1977-10-11;null;null;
1977-10-12;null;null;
1977-10-13;null;null;
1977-10-14;null;null;
1977-10-15;null;null;
1977-10-16;null;null;
1977-10-17;null;null;
1977-10-18;null;null;
1977-10-19;null;null;
1977-10-20;null;null;
1977-10-21;null;null;
1977-10-22;null;null;
1977-10-23;null;null;
1977-10-24;null;null;
1977-10-25;null;null;
1977-10-26;null;null;
1977-10-27;null;null;
1977-10-28;null;null;
1977-10-29;null;null;
1977-10-30;null;null;
1977-10-31;null;null;
1977-11-01;null;null;
1977-11-02;null;null;
1977-11-03;null;null;
1977-11-04;null;null;
1977-11-05;null;null;
1977-11-06;null;null;
1977-11-07;null;null;
1977-11-08;null;null;
1977-11-09;null;null;
1977-11-10;null;null;
1977-11-11;null;null;
1977-11-12;null;null;
1977-11-13;null;null;
1977-11-14;null;null;
1977-11-15;null;null;
1977-11-16;null;null;
1977-11-17;null;null;
1977-11-18;null;null;
1977-11-19;null;null;
1977-11-20;null;null;
1977-11-21;null;null;
1977-11-22;null;null;
1977-11-23;null;null;
1977-11-24;null;null;
1977-11-25;null;null;
1977-11-26;null;null;
1977-11-27;null;null;
1977-11-28;null;null;
1977-11-29;null;null;
1977-11-30;null;null;
1977-12-01;null;null;
1977-12-02;null;null;
1977-12-03;null;null;
1977-12-04;null;null;
1977-12-05;null;null;
1977-12-06;null;null;
1977-12-07;null;null;
1977-12-08;null;null;
1977-12-09;null;null;
1977-12-10;null;null;
1977-12-11;null;null;
1977-12-12;null;null;
1977-12-13;null;null;
1977-12-14;null;null;
1977-12-15;null;null;
1977-12-16;null;null;
1977-12-17;null;null;
1977-12-18;null;null;
1977-12-19;null;null;
1977-12-20;null;null;
1977-12-21;null;null;
1977-12-22;null;null;
1977-12-23;null;null;
1977-12-24;null;null;
1977-12-25;null;null;
1977-12-26;null;null;
1977-12-27;null;null;
1977-12-28;null;null;
1977-12-29;null;null;
1977-12-30;null;null;
1977-12-31;null;null;
1978-01-01;null;null;
1978-01-02;null;null;
1978-01-03;null;null;
1978-01-04;null;null;
1978-01-05;null;null;
1978-01-06;null;null;
1978-01-07;null;null;
1978-01-08;null;null;
1978-01-09;null;null;
1978-01-10;null;null;
1978-01-11;null;null;
1978-01-12;null;null;
1978-01-13;null;null;
1978-01-14;null;null;
1978-01-15;null;null;
1978-01-16;null;null;
1978-01-17;null;null;
1978-01-18;null;null;
1978-01-19;null;null;
1978-01-20;null;null;
1978-01-21;null;null;
1978-01-22;null;null;
1978-01-23;null;null;
1978-01-24;null;null;
1978-01-25;null;null;
1978-01-26;null;null;
1978-01-27;null;null;
1978-01-28;null;null;
1978-01-29;null;null;
1978-01-30;null;null;
1978-01-31;null;null;
1978-02-01;null;null;
1978-02-02;null;null;
1978-02-03;null;null;
1978-02-04;null;null;
1978-02-05;null;null;
1978-02-06;null;null;
1978-02-07;null;null;
1978-02-08;null;null;
1978-02-09;null;null;
1978-02-10;null;null;
1978-02-11;null;null;
1978-02-12;null;null;
1978-02-13;null;null;
1978-02-14;null;null;
1978-02-15;null;null;
1978-02-16;null;null;
1978-02-17;null;null;
1978-02-18;null;null;
1978-02-19;null;null;
1978-02-20;null;null;
1978-02-21;null;null;
1978-02-22;null;null;
1978-02-23;null;null;
1978-02-24;null;null;
1978-02-25;null;null;
1978-02-26;null;null;
1978-02-27;null;null;
1978-02-28;null;null;
1978-03-01;null;null;
1978-03-02;null;null;
1978-03-03;null;null;
1978-03-04;null;null;
1978-03-05;null;null;
1978-03-06;null;null;
1978-03-07;null;null;
1978-03-08;null;null;
1978-03-09;null;null;
1978-03-10;null;null;
1978-03-11;null;null;
1978-03-12;null;null;
1978-03-13;null;null;
1978-03-14;null;null;
1978-03-15;null;null;
1978-03-16;null;null;
1978-03-17;null;null;
1978-03-18;null;null;
1978-03-19;null;null;
1978-03-20;null;null;
1978-03-21;null;null;
1978-03-22;null;null;
1978-03-23;null;null;
1978-03-24;null;null;
1978-03-25;null;null;
1978-03-26;null;null;
1978-03-27;null;null;
1978-03-28;null;null;
1978-03-29;null;null;
1978-03-30;null;null;
1978-03-31;null;null;
1978-04-01;null;null;
1978-04-02;null;null;
1978-04-03;null;null;
1978-04-04;null;null;
1978-04-05;null;null;
1978-04-06;null;null;
1978-04-07;null;null;
1978-04-08;null;null;
1978-04-09;null;null;
1978-04-10;null;null;
1978-04-11;null;null;
1978-04-12;null;null;
1978-04-13;null;null;
1978-04-14;null;null;
1978-04-15;null;null;
1978-04-16;null;null;
1978-04-17;null;null;
1978-04-18;null;null;
1978-04-19;null;null;
1978-04-20;null;null;
1978-04-21;null;null;
1978-04-22;null;null;
1978-04-23;null;null;
1978-04-24;null;null;
1978-04-25;null;null;
1978-04-26;null;null;
1978-04-27;null;null;
1978-04-28;null;null;
1978-04-29;null;null;
1978-04-30;null;null;
1978-05-01;null;null;
1978-05-02;null;null;
1978-05-03;null;null;
1978-05-04;null;null;
1978-05-05;null;null;
1978-05-06;null;null;
1978-05-07;null;null;
1978-05-08;null;null;
1978-05-09;null;null;
1978-05-10;null;null;
1978-05-11;null;null;
1978-05-12;null;null;
1978-05-13;null;null;
1978-05-14;null;null;
1978-05-15;null;null;
1978-05-16;null;null;
1978-05-17;null;null;
1978-05-18;null;null;
1978-05-19;null;null;
1978-05-20;null;null;
1978-05-21;null;null;
1978-05-22;null;null;
1978-05-23;null;null;
1978-05-24;null;null;
1978-05-25;null;null;
1978-05-26;null;null;
1978-05-27;null;null;
1978-05-28;null;null;
1978-05-29;null;null;
1978-05-30;null;null;
1978-05-31;null;null;
1978-06-01;null;null;
1978-06-02;null;null;
1978-06-03;null;null;
1978-06-04;null;null;
1978-06-05;null;null;
1978-06-06;null;null;
1978-06-07;null;null;
1978-06-08;null;null;
1978-06-09;null;null;
1978-06-10;null;null;
1978-06-11;null;null;
1978-06-12;null;null;
1978-06-13;null;null;
1978-06-14;null;null;
1978-06-15;null;null;
1978-06-16;null;null;
1978-06-17;null;null;
1978-06-18;null;null;
1978-06-19;null;null;
1978-06-20;null;null;
1978-06-21;null;null;
1978-06-22;null;null;
1978-06-23;null;null;
1978-06-24;null;null;
1978-06-25;null;null;
1978-06-26;null;null;
1978-06-27;null;null;
1978-06-28;null;null;
1978-06-29;null;null;
1978-06-30;null;null;
1978-07-01;24;12.2;
1978-07-02;25;11.2;
1978-07-03;25;10.4;
1978-07-04;24.7;13;
1978-07-05;25;12.3;
1978-07-06;25.2;12.7;
1978-07-07;25.1;13.2;
1978-07-08;25;12.3;
1978-07-09;25;12.2;
1978-07-10;25.2;11.2;
1978-07-11;26;12.2;
1978-07-12;24.9;12.4;
1978-07-13;26;10.2;
1978-07-14;26.6;12.2;
1978-07-15;26.5;12.1;
1978-07-16;27.2;13.9;
1978-07-17;26.5;13;
1978-07-18;26;14.9;
1978-07-19;25.8;13.2;
1978-07-20;26;12.7;
1978-07-21;25.9;13.9;
1978-07-22;26.8;15.1;
1978-07-23;26.9;10.7;
1978-07-24;27.2;16.1;
1978-07-25;27.2;15.6;
1978-07-26;27.2;13.3;
1978-07-27;27.1;12.2;
1978-07-28;27.2;10;
1978-07-29;27.3;10;
1978-07-30;27.2;13.1;
1978-07-31;27.2;11.4;
1978-08-01;26.5;12.1;
1978-08-02;27;12;
1978-08-03;24.5;12;
1978-08-04;25;12.2;
1978-08-05;25;12.4;
1978-08-06;25;11.2;
1978-08-07;25;11;
1978-08-08;25;12.7;
1978-08-09;25;13.6;
1978-08-10;25.8;15.1;
1978-08-11;28.2;15.5;
1978-08-12;30;14.4;
1978-08-13;30.2;16.6;
1978-08-14;26;15.2;
1978-08-15;19;11;
1978-08-16;25;4.8;
1978-08-17;27.2;7.3;
1978-08-18;27.5;13.2;
1978-08-19;27.2;12.8;
1978-08-20;28.2;12.4;
1978-08-21;26;11.2;
1978-08-22;28;12.2;
1978-08-23;28.8;13.3;
1978-08-24;29;13.2;
1978-08-25;26.2;11.4;
1978-08-26;27.2;8.3;
1978-08-27;27.2;9.3;
1978-08-28;29;12;
1978-08-29;31.5;13.6;
1978-08-30;32.4;14.9;
1978-08-31;32;17.6;
1978-09-01;24.8;15.9;
1978-09-02;27.5;12.2;
1978-09-03;28;14.6;
1978-09-04;26.2;14.3;
1978-09-05;27.5;13.3;
1978-09-06;28;15.1;
1978-09-07;24.5;14.1;
1978-09-08;24.5;15.8;
1978-09-09;29;12;
1978-09-10;29;14.6;
1978-09-11;29;15.2;
1978-09-12;29.9;15.3;
1978-09-13;29.9;15.2;
1978-09-14;26;14.1;
1978-09-15;27;12.5;
1978-09-16;27.3;14.1;
1978-09-17;27.5;14.3;
1978-09-18;27.2;13.9;
1978-09-19;27;12.2;
1978-09-20;28;13.6;
1978-09-21;28;14.2;
1978-09-22;28;15;
1978-09-23;28;14.6;
1978-09-24;28;13.9;
1978-09-25;28;13.3;
1978-09-26;27.5;13.6;
1978-09-27;28;13.6;
1978-09-28;26.2;13.1;
1978-09-29;27;12.4;
1978-09-30;27;14.6;
1978-10-01;28.5;14.1;
1978-10-02;29.8;13.9;
1978-10-03;30;15.1;
1978-10-04;30;14.1;
1978-10-05;30;14.9;
1978-10-06;32;16.3;
1978-10-07;32.8;16.6;
1978-10-08;32.9;14.1;
1978-10-09;30;14.6;
1978-10-10;30.2;16.7;
1978-10-11;25;16.1;
1978-10-12;30.5;15;
1978-10-13;30.2;17.6;
1978-10-14;31;18.6;
1978-10-15;30.2;17.2;
1978-10-16;28;16.3;
1978-10-17;27.5;16.6;
1978-10-18;28;15.1;
1978-10-19;26.5;16.6;
1978-10-20;26.5;16.1;
1978-10-21;31.5;17.6;
1978-10-22;32;14.9;
1978-10-23;31;14.9;
1978-10-24;31;13.5;
1978-10-25;33;13.6;
1978-10-26;33;16.1;
1978-10-27;34;18.1;
1978-10-28;34.1;17.1;
1978-10-29;27;17.3;
1978-10-30;29;17.6;
1978-10-31;29;17.1;
1978-11-01;30;15.9;
1978-11-02;29;18.9;
1978-11-03;29;18.1;
1978-11-04;29.1;17.1;
1978-11-05;29.5;17.3;
1978-11-06;29.5;16.4;
1978-11-07;28;12.2;
1978-11-08;28;16.1;
1978-11-09;28.3;14.2;
1978-11-10;28;15.6;
1978-11-11;27;16.1;
1978-11-12;27;16.2;
1978-11-13;27;16.1;
1978-11-14;28;15.8;
1978-11-15;27.5;15.1;
1978-11-16;28;15.1;
1978-11-17;27.5;15.1;
1978-11-18;27.9;15.1;
1978-11-19;28.7;17.4;
1978-11-20;31;17;
1978-11-21;28;18.1;
1978-11-22;29;18.1;
1978-11-23;29;16.9;
1978-11-24;29.2;17.1;
1978-11-25;29.3;16.1;
1978-11-26;29.3;17;
1978-11-27;29.3;17;
1978-11-28;29.3;16.6;
1978-11-29;27;15.3;
1978-11-30;26.5;14.6;
1978-12-01;26;14.3;
1978-12-02;27;16.1;
1978-12-03;27;15.6;
1978-12-04;27.8;16.2;
1978-12-05;28;15.6;
1978-12-06;31;16.3;
1978-12-07;31;18.1;
1978-12-08;26;17.4;
1978-12-09;26;17.1;
1978-12-10;26;15.1;
1978-12-11;25;14.6;
1978-12-12;22;14.2;
1978-12-13;22;13.3;
1978-12-14;26;14.6;
1978-12-15;26;17.1;
1978-12-16;26;16.6;
1978-12-17;27;16.6;
1978-12-18;29;16.3;
1978-12-19;30;15.1;
1978-12-20;28.5;12.2;
1978-12-21;29;13.3;
1978-12-22;29;14.3;
1978-12-23;26;17.6;
1978-12-24;28;15.1;
1978-12-25;28;13.7;
1978-12-26;29;15.1;
1978-12-27;29;17.3;
1978-12-28;26;17.2;
1978-12-29;27.5;17.4;
1978-12-30;30;14.1;
1978-12-31;30;16.3;
1979-01-01;31;17.6;
1979-01-02;29;17.5;
1979-01-03;27.5;17.6;
1979-01-04;28;17;
1979-01-05;27;15.6;
1979-01-06;22;15.4;
1979-01-07;23;15;
1979-01-08;25;14.2;
1979-01-09;26;14.6;
1979-01-10;27;13.3;
1979-01-11;27;14.9;
1979-01-12;23;15.2;
1979-01-13;26;15.4;
1979-01-14;26;15.3;
1979-01-15;29;15;
1979-01-16;28;15.7;
1979-01-17;25.5;17.3;
1979-01-18;25;17;
1979-01-19;25;17;
1979-01-20;23;17.6;
1979-01-21;25.3;17.1;
1979-01-22;22;15.9;
1979-01-23;25;15.1;
1979-01-24;28;16.6;
1979-01-25;28;17.1;
1979-01-26;23;17;
1979-01-27;24;16.1;
1979-01-28;null;null;
1979-01-29;null;null;
1979-01-30;28;17.1;
1979-01-31;22.5;15.4;
1979-02-01;null;null;
1979-02-02;24.2;16.6;
1979-02-03;22.6;18.9;
1979-02-04;24.1;16.9;
1979-02-05;null;null;
1979-02-06;23.5;15.9;
1979-02-07;22.5;16.1;
1979-02-08;28.5;16.9;
1979-02-09;28;16.1;
1979-02-10;29.5;16.7;
1979-02-11;30;16.6;
1979-02-12;28.2;16.9;
1979-02-13;28;18.1;
1979-02-14;28;16.9;
1979-02-15;21;16.6;
1979-02-16;29;15.7;
1979-02-17;30.2;16.2;
1979-02-18;27;18.1;
1979-02-19;25;18.1;
1979-02-20;25;17.3;
1979-02-21;25.5;17.9;
1979-02-22;26.2;17.1;
1979-02-23;28;13.3;
1979-02-24;28.2;15.6;
1979-02-25;29.2;15;
1979-02-26;28.8;17.1;
1979-02-27;28.8;16.9;
1979-02-28;29;16.6;
1979-03-01;30;16.1;
1979-03-02;28;17.1;
1979-03-03;28.2;16.6;
1979-03-04;27.8;15.3;
1979-03-05;27.2;15.3;
1979-03-06;26.5;15.6;
1979-03-07;25.5;14.6;
1979-03-08;29;14.8;
1979-03-09;28.5;16.2;
1979-03-10;31;15.9;
1979-03-11;31.2;17;
1979-03-12;30;18.1;
1979-03-13;26.5;18.2;
1979-03-14;26;17.1;
1979-03-15;26;17;
1979-03-16;30.5;16.2;
1979-03-17;29;17.1;
1979-03-18;26.5;17.1;
1979-03-19;25;16.1;
1979-03-20;26.5;13.9;
1979-03-21;26;13.9;
1979-03-22;null;null;
1979-03-23;29.5;15.1;
1979-03-24;31.5;17.6;
1979-03-25;28.3;17.2;
1979-03-26;27;13;
1979-03-27;28.5;12.7;
1979-03-28;26.5;13;
1979-03-29;28;14.3;
1979-03-30;27.5;17.6;
1979-03-31;27.8;16.6;
1979-04-01;22;16.6;
1979-04-02;25.9;15.3;
1979-04-03;28;16.5;
1979-04-04;26.5;17.3;
1979-04-05;28.5;18.1;
1979-04-06;29;17;
1979-04-07;30;17.1;
1979-04-08;29;15.1;
1979-04-09;25.5;13.2;
1979-04-10;28;14.2;
1979-04-11;29.8;15.3;
1979-04-12;31;16.1;
1979-04-13;26.9;16.1;
1979-04-14;25.5;15.1;
1979-04-15;25.3;12.6;
1979-04-16;26;13.2;
1979-04-17;28;13.6;
1979-04-18;30;14.6;
1979-04-19;29;15.6;
1979-04-20;28.5;16.1;
1979-04-21;26.5;15.1;
1979-04-22;26.5;16.1;
1979-04-23;25;14;
1979-04-24;25;10.2;
1979-04-25;26;11.2;
1979-04-26;25;11.2;
1979-04-27;26.5;11;
1979-04-28;23.2;13.2;
1979-04-29;26.2;13.3;
1979-04-30;null;null;
1979-05-01;null;null;
1979-05-02;28;16.1;
1979-05-03;29;16.3;
1979-05-04;28;16.6;
1979-05-05;28.5;16.1;
1979-05-06;27.2;16.6;
1979-05-07;27.2;17.2;
1979-05-08;28;15.9;
1979-05-09;28.5;16.6;
1979-05-10;28;15.6;
1979-05-11;27;15.6;
1979-05-12;27;16.1;
1979-05-13;28;13.3;
1979-05-14;27;13.9;
1979-05-15;27.5;14.9;
1979-05-16;26;13.2;
1979-05-17;26;13.6;
1979-05-18;26;11.7;
1979-05-19;27;14.1;
1979-05-20;27;13.2;
1979-05-21;25;14.1;
1979-05-22;27;14.1;
1979-05-23;28;13.9;
1979-05-24;29;13.1;
1979-05-25;24.5;11.4;
1979-05-26;25;13.2;
1979-05-27;25;14.1;
1979-05-28;28;14.3;
1979-05-29;25;14.1;
1979-05-30;26;13.2;
1979-05-31;17;3.5;
1979-06-01;20;1.4;
1979-06-02;20.2;6.8;
1979-06-03;22.5;9.4;
1979-06-04;26;9.2;
1979-06-05;27;12.3;
1979-06-06;26;12.2;
1979-06-07;25;13.2;
1979-06-08;25;10.4;
1979-06-09;26.2;10.4;
1979-06-10;24.5;10.7;
1979-06-11;25;11;
1979-06-12;26;12.2;
1979-06-13;27;12;
1979-06-14;27.8;12.7;
1979-06-15;20;11.2;
1979-06-16;23;10.2;
1979-06-17;22;11.4;
1979-06-18;25;10.6;
1979-06-19;23;10.7;
1979-06-20;23;10.2;
1979-06-21;22;10.2;
1979-06-22;24;9.3;
1979-06-23;23.5;10.4;
1979-06-24;24;10.7;
1979-06-25;24;11.2;
1979-06-26;23;11;
1979-06-27;24;11.2;
1979-06-28;22;12.4;
1979-06-29;23;9.7;
1979-06-30;23.3;9.3;
1979-07-01;23.8;10.2;
1979-07-02;22.5;7;
1979-07-03;21;10.1;
1979-07-04;25;10.2;
1979-07-05;26;12.3;
1979-07-06;23;12.4;
1979-07-07;25;12.4;
1979-07-08;25;12.4;
1979-07-09;25;12.2;
1979-07-10;23;11.2;
1979-07-11;22;10.2;
1979-07-12;21;7.2;
1979-07-13;20.5;10.2;
1979-07-14;21;8.8;
1979-07-15;24;8.3;
1979-07-16;28;11.2;
1979-07-17;28;11.3;
1979-07-18;25;11.4;
1979-07-19;24;12.2;
1979-07-20;20;13.5;
1979-07-21;22.2;10.6;
1979-07-22;25.2;14.1;
1979-07-23;25;11.3;
1979-07-24;23;13.2;
1979-07-25;25.2;12.4;
1979-07-26;27.2;12.5;
1979-07-27;26.4;16.2;
1979-07-28;25.2;14.3;
1979-07-29;26;10.4;
1979-07-30;30;13.9;
1979-07-31;25.2;13.7;
1979-08-01;25.2;17;
1979-08-02;24;11.4;
1979-08-03;24.1;11.2;
1979-08-04;28.3;12.1;
1979-08-05;29.5;12.3;
1979-08-06;28;13.4;
1979-08-07;26.5;12.6;
1979-08-08;26;11.2;
1979-08-09;26.2;12.3;
1979-08-10;26;13.2;
1979-08-11;27;13.3;
1979-08-12;29;12.4;
1979-08-13;29.1;13.8;
1979-08-14;29.2;14.3;
1979-08-15;30.5;14.1;
1979-08-16;28;14.3;
1979-08-17;24.5;15.2;
1979-08-18;25;11.4;
1979-08-19;25.5;13.2;
1979-08-20;25;12;
1979-08-21;25.2;12.7;
1979-08-22;28;11.5;
1979-08-23;27.8;11.8;
1979-08-24;28;13.4;
1979-08-25;29;13.2;
1979-08-26;30;13.7;
1979-08-27;21;12.2;
1979-08-28;24;10.4;
1979-08-29;26.9;11.8;
1979-08-30;27;13.2;
1979-08-31;25;13.6;
1979-09-01;30;12.5;
1979-09-02;31;13.4;
1979-09-03;28;15.3;
1979-09-04;28;15.3;
1979-09-05;26.2;15;
1979-09-06;24;9.5;
1979-09-07;23.5;7.2;
1979-09-08;23.2;9.2;
1979-09-09;23.2;10;
1979-09-10;21;9.2;
1979-09-11;22;11.4;
1979-09-12;25.2;12.2;
1979-09-13;27.5;13.6;
1979-09-14;25;14.3;
1979-09-15;24;14.3;
1979-09-16;29;14.6;
1979-09-17;27;16.6;
1979-09-18;22;15.1;
1979-09-19;24.8;15.3;
1979-09-20;20.8;11.3;
1979-09-21;24;11.9;
1979-09-22;26.5;12.3;
1979-09-23;26;13.9;
1979-09-24;26;13.7;
1979-09-25;29;15.2;
1979-09-26;29.2;16.1;
1979-09-27;28.3;15.1;
1979-09-28;28;14.6;
1979-09-29;30;14.1;
1979-09-30;31.2;15.6;
1979-10-01;32;17;
1979-10-02;28;16.7;
1979-10-03;28.5;15.1;
1979-10-04;28.1;15.6;
1979-10-05;27.1;15.6;
1979-10-06;27.5;14.6;
1979-10-07;31.6;15.3;
1979-10-08;32;16.6;
1979-10-09;29.2;15.1;
1979-10-10;29;15.6;
1979-10-11;29;15.3;
1979-10-12;26;15.7;
1979-10-13;24;14.1;
1979-10-14;24;14.1;
1979-10-15;24;15.2;
1979-10-16;26;16.1;
1979-10-17;29.5;14.1;
1979-10-18;26;14;
1979-10-19;27;14.1;
1979-10-20;25.2;12.1;
1979-10-21;29.2;14;
1979-10-22;28.1;14;
1979-10-23;28.2;13.9;
1979-10-24;30;16.1;
1979-10-25;30.2;15.9;
1979-10-26;32;15.6;
1979-10-27;33;17.9;
1979-10-28;32.6;17.7;
1979-10-29;31;17.3;
1979-10-30;30;16.9;
1979-10-31;28.5;17.6;
1979-11-01;29;17.2;
1979-11-02;26;17.2;
1979-11-03;26;15.1;
1979-11-04;27;16.3;
1979-11-05;27;15.6;
1979-11-06;27;13.6;
1979-11-07;29;15.6;
1979-11-08;28.5;17.3;
1979-11-09;30;16.7;
1979-11-10;26.5;17.1;
1979-11-11;26;14.6;
1979-11-12;27;15.1;
1979-11-13;28.5;16;
1979-11-14;29;16.1;
1979-11-15;29;15.1;
1979-11-16;27;14.1;
1979-11-17;28;14.6;
1979-11-18;29;15.2;
1979-11-19;30.5;15.6;
1979-11-20;28.2;15.7;
1979-11-21;28.5;15.6;
1979-11-22;30;15.6;
1979-11-23;29.5;16.6;
1979-11-24;30;15.1;
1979-11-25;28.5;15.5;
1979-11-26;23.5;14.9;
1979-11-27;25.2;9.4;
1979-11-28;24.8;11.7;
1979-11-29;27;12.5;
1979-11-30;29.8;12.8;
1979-12-01;31;13.8;
1979-12-02;30;16.1;
1979-12-03;29.8;15.6;
1979-12-04;29;17.3;
1979-12-05;27;16.1;
1979-12-06;30;17.3;
1979-12-07;32;17.2;
1979-12-08;31.2;16.6;
1979-12-09;29;17.1;
1979-12-10;31;17.6;
1979-12-11;31;18;
1979-12-12;27;15.4;
1979-12-13;28;16.4;
1979-12-14;30;18.3;
1979-12-15;32.3;17.1;
1979-12-16;31.5;17.3;
1979-12-17;29.5;17.3;
1979-12-18;31.2;16.1;
1979-12-19;27;16.1;
1979-12-20;26;17.9;
1979-12-21;26;16.2;
1979-12-22;24;17;
1979-12-23;24;16.9;
1979-12-24;24.2;16.4;
1979-12-25;23.2;16.3;
1979-12-26;26;16.4;
1979-12-27;25;17.3;
1979-12-28;25;15.3;
1979-12-29;26.5;15.6;
1979-12-30;24;14.6;
1979-12-31;24;14.9;
1980-01-01;25.2;14.1;
1980-01-02;26.5;15.5;
1980-01-03;28.2;14.6;
1980-01-04;null;null;
1980-01-05;28.2;15.3;
1980-01-06;29.2;14.9;
1980-01-07;29.5;15.6;
1980-01-08;26.2;16.6;
1980-01-09;28;16.3;
1980-01-10;27.2;16.6;
1980-01-11;25.5;15.8;
1980-01-12;23.8;15.2;
1980-01-13;22.8;15.2;
1980-01-14;25.8;15.1;
1980-01-15;25.3;16.1;
1980-01-16;21.2;16.1;
1980-01-17;22.2;15.9;
1980-01-18;25.2;16;
1980-01-19;29;16.3;
1980-01-20;31;17.1;
1980-01-21;32;17.3;
1980-01-22;28.4;16.8;
1980-01-23;null;null;
1980-01-24;29;16.2;
1980-01-25;28;17.1;
1980-01-26;28.5;15.6;
1980-01-27;29.2;16.9;
1980-01-28;31.8;16.2;
1980-01-29;31;16.1;
1980-01-30;28.6;16.9;
1980-01-31;28.8;16.8;
1980-02-01;28.8;17.4;
1980-02-02;26.5;17;
1980-02-03;29;17.6;
1980-02-04;29;15.4;
1980-02-05;30.5;15.1;
1980-02-06;32.5;16.1;
1980-02-07;33;18;
1980-02-08;31;17.6;
1980-02-09;29.2;16.7;
1980-02-10;28;17.1;
1980-02-11;28.5;15.6;
1980-02-12;30.5;15.6;
1980-02-13;26;17.4;
1980-02-14;26.5;14.1;
1980-02-15;26.2;15.6;
1980-02-16;22;15.7;
1980-02-17;26;14.1;
1980-02-18;22;15.6;
1980-02-19;28;15.1;
1980-02-20;26;14.1;
1980-02-21;27;15.1;
1980-02-22;28;17;
1980-02-23;30;15.3;
1980-02-24;29.2;16.1;
1980-02-25;29;17.2;
1980-02-26;29.8;15.7;
1980-02-27;29.2;16.5;
1980-02-28;29;16.1;
1980-02-29;29.2;16.9;
1980-03-01;29.2;15.2;
1980-03-02;28;16.1;
1980-03-03;29;16.1;
1980-03-04;28.2;15.6;
1980-03-05;29;15.1;
1980-03-06;28;15.2;
1980-03-07;28.2;14.7;
1980-03-08;31;15.1;
1980-03-09;31;15.7;
1980-03-10;31.2;16.5;
1980-03-11;30;17.1;
1980-03-12;28;16.8;
1980-03-13;27;17.3;
1980-03-14;30;16.8;
1980-03-15;28.2;15.3;
1980-03-16;27.6;15.6;
1980-03-17;28;15.1;
1980-03-18;29;15.4;
1980-03-19;26;16.6;
1980-03-20;29;14.3;
1980-03-21;30;15.1;
1980-03-22;30.3;16.1;
1980-03-23;30;16.1;
1980-03-24;30.1;15.4;
1980-03-25;30;14.1;
1980-03-26;30;14.6;
1980-03-27;30.5;18.3;
1980-03-28;31;16;
1980-03-29;32;16;
1980-03-30;33;16.2;
1980-03-31;32;16.6;
1980-04-01;28.8;14.1;
1980-04-02;24.8;16.1;
1980-04-03;25;15.3;
1980-04-04;24;16.1;
1980-04-05;21.4;14.6;
1980-04-06;26.1;14.6;
1980-04-07;25.3;16.3;
1980-04-08;27.5;16.1;
1980-04-09;27.8;17.1;
1980-04-10;27.3;16.3;
1980-04-11;29;17.3;
1980-04-12;30.8;17;
1980-04-13;29.4;16;
1980-04-14;27.8;15.3;
1980-04-15;26.4;16.4;
1980-04-16;27.4;14.6;
1980-04-17;24.8;15.8;
1980-04-18;25.5;15.4;
1980-04-19;28.2;13.1;
1980-04-20;27.5;11.7;
1980-04-21;25.8;14.1;
1980-04-22;28.1;13.1;
1980-04-23;26.4;15.1;
1980-04-24;26;11.9;
1980-04-25;25.7;11.7;
1980-04-26;26;11.5;
1980-04-27;24.5;13.4;
1980-04-28;26;12.1;
1980-04-29;26.4;12.8;
1980-04-30;27.1;12.9;
1980-05-01;28.5;13.2;
1980-05-02;28.2;14.3;
1980-05-03;27;15.4;
1980-05-04;28.3;14.1;
1980-05-05;29.2;12.7;
1980-05-06;27.2;13.3;
1980-05-07;27.8;13;
1980-05-08;27;13.2;
1980-05-09;26;12.7;
1980-05-10;25.5;11.4;
1980-05-11;27.6;12.8;
1980-05-12;27;13.6;
1980-05-13;26;14.1;
1980-05-14;25.8;13.1;
1980-05-15;26.5;14.1;
1980-05-16;27;14.1;
1980-05-17;26.2;13.2;
1980-05-18;26.7;13.9;
1980-05-19;27.5;14.1;
1980-05-20;27.5;14.6;
1980-05-21;26.5;13.7;
1980-05-22;26.9;13.1;
1980-05-23;26.8;12.7;
1980-05-24;25.5;13;
1980-05-25;27;11.7;
1980-05-26;25.3;11.8;
1980-05-27;26.2;12.4;
1980-05-28;26;12.7;
1980-05-29;24.9;14.4;
1980-05-30;26.3;12.1;
1980-05-31;26.5;13.3;
1980-06-01;26.5;12.3;
1980-06-02;27.4;12.9;
1980-06-03;25.1;14.3;
1980-06-04;24.8;11.9;
1980-06-05;25.5;11.7;
1980-06-06;25.7;11.7;
1980-06-07;24.8;10.2;
1980-06-08;25.8;11.9;
1980-06-09;25.3;13.2;
1980-06-10;24.9;12;
1980-06-11;26;12.4;
1980-06-12;26.2;12.2;
1980-06-13;26.8;12.1;
1980-06-14;24.2;12.3;
1980-06-15;24.4;7.2;
1980-06-16;23.8;10.4;
1980-06-17;22.4;9.4;
1980-06-18;22.3;9.4;
1980-06-19;22.9;9.4;
1980-06-20;25;10.6;
1980-06-21;24;12.4;
1980-06-22;24.4;10.7;
1980-06-23;24.3;8.3;
1980-06-24;26.4;11.7;
1980-06-25;26;11.4;
1980-06-26;null;10.4;
1980-06-27;22.3;10.4;
1980-06-28;23.2;9.4;
1980-06-29;25;8.6;
1980-06-30;24.8;8.5;
1980-07-01;25.5;10.7;
1980-07-02;25.9;10;
1980-07-03;22.7;11;
1980-07-04;24.5;11;
1980-07-05;24.9;11.2;
1980-07-06;23.2;10.4;
1980-07-07;23.6;10.2;
1980-07-08;23.3;10;
1980-07-09;25;10.5;
1980-07-10;24.9;11.9;
1980-07-11;26.6;12;
1980-07-12;25.9;12.5;
1980-07-13;26.1;12;
1980-07-14;27.2;12.7;
1980-07-15;29.5;13.9;
1980-07-16;22;12.5;
1980-07-17;26.5;10.9;
1980-07-18;26.6;12.5;
1980-07-19;25.3;14.5;
1980-07-20;27.1;12.3;
1980-07-21;29.4;15.3;
1980-07-22;28.1;15.5;
1980-07-23;27.7;16;
1980-07-24;25.4;14.4;
1980-07-25;25.5;13.4;
1980-07-26;25.4;11.7;
1980-07-27;28;13.7;
1980-07-28;26.9;14.8;
1980-07-29;25.9;13.6;
1980-07-30;26.1;13.8;
1980-07-31;27;16.1;
1980-08-01;24.6;13.3;
1980-08-02;23.4;11.5;
1980-08-03;24.7;13.2;
1980-08-04;23.8;13.1;
1980-08-05;24.9;12.8;
1980-08-06;27;11.7;
1980-08-07;28.5;13.2;
1980-08-08;28;17;
1980-08-09;26.3;14.6;
1980-08-10;26;14.1;
1980-08-11;27.5;14.2;
1980-08-12;23;15.4;
1980-08-13;23.1;14.3;
1980-08-14;26.2;13.9;
1980-08-15;26.8;14;
1980-08-16;29;14.9;
1980-08-17;30.6;15.9;
1980-08-18;32.3;17.2;
1980-08-19;30;17.1;
1980-08-20;30;17;
1980-08-21;29;14.6;
1980-08-22;29.2;14.4;
1980-08-23;31.8;16.1;
1980-08-24;29.3;18.7;
1980-08-25;31;16.3;
1980-08-26;34.1;17.2;
1980-08-27;25.5;15;
1980-08-28;19.7;12.3;
1980-08-29;20.9;12.2;
1980-08-30;25;11.4;
1980-08-31;28.1;13.2;
1980-09-01;29;14.3;
1980-09-02;29.9;14.6;
1980-09-03;31.9;14.6;
1980-09-04;31.9;18;
1980-09-05;25.4;16.6;
1980-09-06;28.6;15.6;
1980-09-07;26.9;15.1;
1980-09-08;28.5;15.3;
1980-09-09;31;14.4;
1980-09-10;30.1;16;
1980-09-11;27.7;17;
1980-09-12;23.8;17.6;
1980-09-13;25;15.6;
1980-09-14;27;14;
1980-09-15;28.6;14.2;
1980-09-16;30.3;15.1;
1980-09-17;29.4;16.1;
1980-09-18;21.9;15.1;
1980-09-19;30;13.9;
1980-09-20;31;15.7;
1980-09-21;27.8;17.2;
1980-09-22;28.4;16.1;
1980-09-23;25;13.2;
1980-09-24;26.2;14.1;
1980-09-25;22.9;16.1;
1980-09-26;25.4;13.2;
1980-09-27;23.5;10.7;
1980-09-28;23;12.6;
1980-09-29;28.7;13.9;
1980-09-30;29.7;15.2;
1980-10-01;26.5;17;
1980-10-02;26.8;15;
1980-10-03;25.8;14.1;
1980-10-04;26.8;12.7;
1980-10-05;30.3;15;
1980-10-06;28.8;16.2;
1980-10-07;26.8;16.1;
1980-10-08;25;15.3;
1980-10-09;29;16.6;
1980-10-10;33.4;16.7;
1980-10-11;27.5;17.1;
1980-10-12;20.4;16.4;
1980-10-13;28.5;15.3;
1980-10-14;27.5;14.6;
1980-10-15;26.1;15;
1980-10-16;26.6;15;
1980-10-17;27.8;15.2;
1980-10-18;30;16.2;
1980-10-19;30.5;16.4;
1980-10-20;30.4;17.1;
1980-10-21;32.1;17.6;
1980-10-22;34.7;19.3;
1980-10-23;33.3;19.1;
1980-10-24;29.7;20.2;
1980-10-25;28.5;18.7;
1980-10-26;30.7;17.6;
1980-10-27;33.1;17.6;
1980-10-28;34.5;19.1;
1980-10-29;36.7;19.3;
1980-10-30;34.9;22.1;
1980-10-31;35;19.8;
1980-11-01;22;16.6;
1980-11-02;23.8;14;
1980-11-03;27.4;15;
1980-11-04;28.6;16.1;
1980-11-05;28.5;16.1;
1980-11-06;30.9;17.2;
1980-11-07;30.2;19.1;
1980-11-08;25;18.9;
1980-11-09;26.9;18.4;
1980-11-10;27.4;18.6;
1980-11-11;26.3;17.6;
1980-11-12;28;16.6;
1980-11-13;22.8;15.2;
1980-11-14;27.9;13.6;
1980-11-15;29;14;
1980-11-16;31;15.5;
1980-11-17;30.3;17.6;
1980-11-18;27.9;16.9;
1980-11-19;29;18.8;
1980-11-20;29.3;17.6;
1980-11-21;30.7;17.3;
1980-11-22;28.9;19.1;
1980-11-23;25;18.4;
1980-11-24;22.7;17.3;
1980-11-25;26;17.9;
1980-11-26;28;17.3;
1980-11-27;29.2;16.6;
1980-11-28;29;16.9;
1980-11-29;29;17.9;
1980-11-30;25.2;17.5;
1980-12-01;null;17.1;
1980-12-02;23;17.3;
1980-12-03;24.6;18.1;
1980-12-04;28.2;18.4;
1980-12-05;28.2;16.9;
1980-12-06;28.2;16.3;
1980-12-07;29;17.2;
1980-12-08;30.5;17;
1980-12-09;30.2;18.1;
1980-12-10;28;17.6;
1980-12-11;30.5;17.3;
1980-12-12;27.5;18.6;
1980-12-13;27;18.6;
1980-12-14;26.5;18.2;
1980-12-15;30;19.3;
1980-12-16;27;18.1;
1980-12-17;27;18.1;
1980-12-18;28.5;17.1;
1980-12-19;28.5;16.1;
1980-12-20;28.8;17.1;
1980-12-21;30.5;16.1;
1980-12-22;30;16.3;
1980-12-23;30;17.4;
1980-12-24;29.5;18.6;
1980-12-25;29.5;16.4;
1980-12-26;29.8;17.3;
1980-12-27;30.5;18.1;
1980-12-28;28.2;18.1;
1980-12-29;28;17.6;
1980-12-30;22;17.6;
1980-12-31;26;18;
1981-01-01;25;16.9;
1981-01-02;23.8;16.2;
1981-01-03;24;15.6;
1981-01-04;30;17;
1981-01-05;31.5;18.6;
1981-01-06;29.8;18.2;
1981-01-07;31;17.3;
1981-01-08;28.5;18.6;
1981-01-09;27.3;18.3;
1981-01-10;23.8;16.9;
1981-01-11;24;17.2;
1981-01-12;20.5;17;
1981-01-13;24.2;17.1;
1981-01-14;22.9;17.3;
1981-01-15;24.2;17.6;
1981-01-16;30;17.6;
1981-01-17;30.3;18.3;
1981-01-18;29;18.4;
1981-01-19;29;16.6;
1981-01-20;29;17;
1981-01-21;30;18.1;
1981-01-22;26.3;18.1;
1981-01-23;25.2;17.1;
1981-01-24;26.6;18.3;
1981-01-25;28.2;18.4;
1981-01-26;25.2;17.1;
1981-01-27;25.3;16.8;
1981-01-28;27.5;15.6;
1981-01-29;28.2;17.1;
1981-01-30;30.5;17.4;
1981-01-31;28.8;19.6;
1981-02-01;30;18;
1981-02-02;30.3;18;
1981-02-03;32.7;18.1;
1981-02-04;32.3;18.6;
1981-02-05;33;18.1;
1981-02-06;30;17.1;
1981-02-07;28.5;16.9;
1981-02-08;29.3;17.6;
1981-02-09;30.5;17;
1981-02-10;28.8;16;
1981-02-11;26.6;16.3;
1981-02-12;29;17.3;
1981-02-13;29.3;18.1;
1981-02-14;29;17.3;
1981-02-15;27.8;17.1;
1981-02-16;27.2;17.3;
1981-02-17;29;16.9;
1981-02-18;29;17.3;
1981-02-19;29;17.6;
1981-02-20;28.8;17.6;
1981-02-21;27.8;16.9;
1981-02-22;28;16.3;
1981-02-23;28;16.2;
1981-02-24;28.4;17.1;
1981-02-25;28.8;16.9;
1981-02-26;25.2;17.1;
1981-02-27;28.5;16.6;
1981-02-28;31;17.1;
1981-03-01;32;19.1;
1981-03-02;32;19.1;
1981-03-03;33;18.1;
1981-03-04;32.5;19.1;
1981-03-05;29.5;20.3;
1981-03-06;28;19.6;
1981-03-07;28;18.4;
1981-03-08;28.8;18.3;
1981-03-09;27.5;19.1;
1981-03-10;29.9;17.9;
1981-03-11;29;18.2;
1981-03-12;33;18.1;
1981-03-13;31.5;19.1;
1981-03-14;30;18.2;
1981-03-15;32.3;17.6;
1981-03-16;32;19.6;
1981-03-17;31.2;19.9;
1981-03-18;29.5;18.9;
1981-03-19;28.2;18.6;
1981-03-20;28.2;17.6;
1981-03-21;25.4;17.1;
1981-03-22;27;18.1;
1981-03-23;27.2;15.3;
1981-03-24;25;16.6;
1981-03-25;25.8;17.1;
1981-03-26;24;17.6;
1981-03-27;24;16.6;
1981-03-28;24;15.1;
1981-03-29;24;16.3;
1981-03-30;29;17.6;
1981-03-31;29.8;18.3;
1981-04-01;30;16.6;
1981-04-02;27;16.6;
1981-04-03;27.1;17.1;
1981-04-04;28.4;16.9;
1981-04-05;29;17.1;
1981-04-06;27.8;16.1;
1981-04-07;27.5;17.1;
1981-04-08;27.5;16.1;
1981-04-09;28.2;15;
1981-04-10;28.5;15.1;
1981-04-11;28.2;14.1;
1981-04-12;29;13.5;
1981-04-13;26.5;14.4;
1981-04-14;27;14.2;
1981-04-15;27.5;14.1;
1981-04-16;22;16.1;
1981-04-17;26.5;12.7;
1981-04-18;24.5;14.1;
1981-04-19;24.5;10.7;
1981-04-20;25.5;12.7;
1981-04-21;26;13.9;
1981-04-22;25.5;13.6;
1981-04-23;27.6;14.5;
1981-04-24;28;15.1;
1981-04-25;28.2;16.1;
1981-04-26;27.8;15;
1981-04-27;29.8;15.6;
1981-04-28;27.2;16.6;
1981-04-29;23.5;16.4;
1981-04-30;25;16.9;
1981-05-01;26.9;15.2;
1981-05-02;24.2;15.6;
1981-05-03;27;15.6;
1981-05-04;28.9;14.6;
1981-05-05;28;15.3;
1981-05-06;27.5;14.3;
1981-05-07;26;14.1;
1981-05-08;26;13.9;
1981-05-09;26;14.1;
1981-05-10;25.5;14.6;
1981-05-11;27;14.3;
1981-05-12;26.8;15.1;
1981-05-13;26.5;13.6;
1981-05-14;27.5;14.3;
1981-05-15;29;13.3;
1981-05-16;29;15.6;
1981-05-17;27;14.6;
1981-05-18;24.8;13.6;
1981-05-19;22.8;15.6;
1981-05-20;26;15.2;
1981-05-21;25.5;13.2;
1981-05-22;25;13.3;
1981-05-23;24.8;12.7;
1981-05-24;24.8;12.6;
1981-05-25;23;13.9;
1981-05-26;25.5;12.2;
1981-05-27;26.5;13.2;
1981-05-28;25.5;13.6;
1981-05-29;20.5;11.7;
1981-05-30;24.5;11.7;
1981-05-31;23.8;10.7;
1981-06-01;23.8;12.2;
1981-06-02;24.8;12.7;
1981-06-03;24;13.9;
1981-06-04;23;12.9;
1981-06-05;23;14.3;
1981-06-06;18.4;12.6;
1981-06-07;20;9.6;
1981-06-08;22;7.5;
1981-06-09;23.4;10.4;
1981-06-10;25.1;10.7;
1981-06-11;24.8;11.7;
1981-06-12;21.8;13;
1981-06-13;26;11.7;
1981-06-14;25.2;12.9;
1981-06-15;24;12.2;
1981-06-16;25.4;11.2;
1981-06-17;24.8;13.5;
1981-06-18;26;12.7;
1981-06-19;25.8;12.7;
1981-06-20;25.5;13.6;
1981-06-21;25.9;13.6;
1981-06-22;25.4;11.2;
1981-06-23;25;11.7;
1981-06-24;26;11.7;
1981-06-25;25.8;13;
1981-06-26;25.8;12.2;
1981-06-27;26;11.7;
1981-06-28;26;11.9;
1981-06-29;26.5;12.9;
1981-06-30;27;13.2;
1981-07-01;27;13.2;
1981-07-02;27.5;13.6;
1981-07-03;22;8.8;
1981-07-04;19.2;8;
1981-07-05;19.1;8.2;
1981-07-06;20;8.3;
1981-07-07;19;8.3;
1981-07-08;22.2;9.3;
1981-07-09;23.5;10.2;
1981-07-10;25.5;11.2;
1981-07-11;23.5;10.2;
1981-07-12;25;12.2;
1981-07-13;23;12.4;
1981-07-14;24;11.4;
1981-07-15;26;13.2;
1981-07-16;26.5;12.2;
1981-07-17;25.5;11.8;
1981-07-18;25;11.2;
1981-07-19;23.5;8.3;
1981-07-20;26.5;9.3;
1981-07-21;26;12.2;
1981-07-22;23;12.2;
1981-07-23;24;13.6;
1981-07-24;25.5;12.2;
1981-07-25;26;12.4;
1981-07-26;25.8;12.8;
1981-07-27;25;11.2;
1981-07-28;25.8;12.8;
1981-07-29;25;11.2;
1981-07-30;24;10;
1981-07-31;24;8.8;
1981-08-01;25;11.2;
1981-08-02;24;11.4;
1981-08-03;24;9.8;
1981-08-04;25.2;12.2;
1981-08-05;25.2;12.2;
1981-08-06;24.8;11.4;
1981-08-07;25.2;10.4;
1981-08-08;25.8;10.8;
1981-08-09;26.2;11.6;
1981-08-10;26.1;11.7;
1981-08-11;25.2;11.7;
1981-08-12;25.2;13.6;
1981-08-13;29;12.4;
1981-08-14;29;14.6;
1981-08-15;27.2;13.7;
1981-08-16;26.8;14.1;
1981-08-17;26.4;13.9;
1981-08-18;24.8;14.1;
1981-08-19;25.8;13.7;
1981-08-20;25.5;10;
1981-08-21;25.8;9.4;
1981-08-22;24.2;9.3;
1981-08-23;22;8.8;
1981-08-24;26;11.2;
1981-08-25;27;11.5;
1981-08-26;30;14.6;
1981-08-27;32;15.3;
1981-08-28;32;14.6;
1981-08-29;31;15.6;
1981-08-30;31.2;15.1;
1981-08-31;25.4;16.1;
1981-09-01;25.5;14.9;
1981-09-02;25.5;14.3;
1981-09-03;28;14.3;
1981-09-04;30.5;15.1;
1981-09-05;30;15.1;
1981-09-06;27;14.6;
1981-09-07;28;14.1;
1981-09-08;27;12.8;
1981-09-09;28;10.7;
1981-09-10;28.5;12.2;
1981-09-11;31;12.4;
1981-09-12;30;13.9;
1981-09-13;31.6;15;
1981-09-14;32;15.6;
1981-09-15;33.4;15.1;
1981-09-16;29;14.1;
1981-09-17;26;16.1;
1981-09-18;25.8;14.9;
1981-09-19;29.8;15.1;
1981-09-20;33.8;15;
1981-09-21;32.6;15.6;
1981-09-22;29.8;14.9;
1981-09-23;27.5;15.1;
1981-09-24;28;15.1;
1981-09-25;28.4;15.3;
1981-09-26;28;15;
1981-09-27;29.8;15.9;
1981-09-28;33.4;14.1;
1981-09-29;33;18.1;
1981-09-30;26;17.1;
1981-10-01;26;15.1;
1981-10-02;23;14.3;
1981-10-03;26;14.7;
1981-10-04;27;13.1;
1981-10-05;27.8;15.1;
1981-10-06;29;15.5;
1981-10-07;28.2;17.6;
1981-10-08;32;18.1;
1981-10-09;30.5;18.1;
1981-10-10;26;18.1;
1981-10-11;25;14.9;
1981-10-12;21;15.2;
1981-10-13;24.8;15.3;
1981-10-14;26;14.9;
1981-10-15;28;15.6;
1981-10-16;25;15.1;
1981-10-17;30.2;15.1;
1981-10-18;22;15;
1981-10-19;22;13.2;
1981-10-20;24;13.6;
1981-10-21;28.5;14.5;
1981-10-22;30.5;14.1;
1981-10-23;28.4;15.6;
1981-10-24;27.8;15.9;
1981-10-25;29.5;15.1;
1981-10-26;30.8;16.1;
1981-10-27;24.8;16.6;
1981-10-28;24;16.1;
1981-10-29;20;16.1;
1981-10-30;24.2;15.1;
1981-10-31;21.4;15.1;
1981-11-01;20;14.3;
1981-11-02;21.4;13.6;
1981-11-03;22.5;15.1;
1981-11-04;25;17.1;
1981-11-05;30.5;16.1;
1981-11-06;33;15.1;
1981-11-07;32;18.5;
1981-11-08;30.5;17.1;
1981-11-09;27;17.7;
1981-11-10;22.4;16.6;
1981-11-11;22;16.1;
1981-11-12;20;15.1;
1981-11-13;22;16.6;
1981-11-14;23;16.6;
1981-11-15;28.2;16.6;
1981-11-16;28;17.1;
1981-11-17;28.5;16.6;
1981-11-18;31.5;15.6;
1981-11-19;29.8;17.6;
1981-11-20;23.8;17.3;
1981-11-21;27.5;16.6;
1981-11-22;25;15.6;
1981-11-23;29;16.1;
1981-11-24;30;17.1;
1981-11-25;31.5;17.6;
1981-11-26;25.5;16.1;
1981-11-27;29.8;15.1;
1981-11-28;29.5;16.6;
1981-11-29;29.5;16.9;
1981-11-30;26.2;17.1;
1981-12-01;28;18.1;
1981-12-02;26;17.6;
1981-12-03;26.5;17.6;
1981-12-04;25.5;17.5;
1981-12-05;29.8;17.1;
1981-12-06;30;16.9;
1981-12-07;31.8;18.7;
1981-12-08;25.5;16.5;
1981-12-09;22.2;16.1;
1981-12-10;24.8;15.1;
1981-12-11;28.4;16.1;
1981-12-12;27;16.1;
1981-12-13;24;16.1;
1981-12-14;28.8;16.1;
1981-12-15;29.2;16.7;
1981-12-16;25.5;16.1;
1981-12-17;null;null;
1981-12-18;25;16;
1981-12-19;29;16.1;
1981-12-20;30;16.5;
1981-12-21;31;17.1;
1981-12-22;33.2;18.1;
1981-12-23;33;19.1;
1981-12-24;33;18.3;
1981-12-25;32;18.1;
1981-12-26;28.5;17.3;
1981-12-27;25;17.1;
1981-12-28;21;15.3;
1981-12-29;25.5;14.1;
1981-12-30;27;15.6;
1981-12-31;26.8;15.6;
1982-01-01;24.8;16.1;
1982-01-02;24.8;16.1;
1982-01-03;20.2;16.4;
1982-01-04;21;16.6;
1982-01-05;24.4;15.6;
1982-01-06;25.5;16.6;
1982-01-07;26.8;15;
1982-01-08;27;15.3;
1982-01-09;28;17.1;
1982-01-10;29.8;17.1;
1982-01-11;27;18.1;
1982-01-12;23.8;16.6;
1982-01-13;28;15.9;
1982-01-14;29.8;17.6;
1982-01-15;31.8;16.9;
1982-01-16;30;18;
1982-01-17;29.5;16.9;
1982-01-18;30.5;17;
1982-01-19;26.4;17.3;
1982-01-20;23;16.1;
1982-01-21;23.4;14.1;
1982-01-22;24.8;15.6;
1982-01-23;21;16.9;
1982-01-24;25.4;16.6;
1982-01-25;23.5;15.9;
1982-01-26;25;15.6;
1982-01-27;27.8;16.6;
1982-01-28;26.8;16.1;
1982-01-29;26.5;16.1;
1982-01-30;26;16.1;
1982-01-31;27.8;16.5;
1982-02-01;26.5;16.6;
1982-02-02;26.4;16.6;
1982-02-03;28.4;16.1;
1982-02-04;24.4;16.4;
1982-02-05;null;16.4;
1982-02-06;null;17.9;
1982-02-07;null;17.1;
1982-02-08;null;16.6;
1982-02-09;null;16.9;
1982-02-10;null;17.5;
1982-02-11;null;17.9;
1982-02-12;null;17.5;
1982-02-13;null;16.9;
1982-02-14;null;17.3;
1982-02-15;null;17.9;
1982-02-16;null;18.5;
1982-02-17;null;17.5;
1982-02-18;null;17.3;
1982-02-19;null;17.3;
1982-02-20;null;17.5;
1982-02-21;null;17.6;
1982-02-22;null;17.5;
1982-02-23;null;17.9;
1982-02-24;null;19.2;
1982-02-25;null;18.5;
1982-02-26;null;18.7;
1982-02-27;null;19.6;
1982-02-28;null;18.6;
1982-03-01;null;19.1;
1982-03-02;null;17.3;
1982-03-03;null;18.3;
1982-03-04;null;16.1;
1982-03-05;null;16.5;
1982-03-06;null;15.5;
1982-03-07;null;18.1;
1982-03-08;null;17.6;
1982-03-09;null;17.7;
1982-03-10;null;18.3;
1982-03-11;null;18.3;
1982-03-12;null;17.6;
1982-03-13;null;17.6;
1982-03-14;null;18;
1982-03-15;null;16.1;
1982-03-16;null;18.7;
1982-03-17;null;18.1;
1982-03-18;null;16.6;
1982-03-19;null;19.1;
1982-03-20;null;18.1;
1982-03-21;null;19.1;
1982-03-22;null;18.1;
1982-03-23;null;18.1;
1982-03-24;null;18.1;
1982-03-25;null;18.6;
1982-03-26;null;16.9;
1982-03-27;null;17.1;
1982-03-28;null;18.3;
1982-03-29;null;17.4;
1982-03-30;null;18.9;
1982-03-31;null;18.5;
1982-04-01;null;null;
1982-04-02;null;null;
1982-04-03;null;null;
1982-04-04;null;null;
1982-04-05;null;null;
1982-04-06;null;null;
1982-04-07;null;null;
1982-04-08;null;null;
1982-04-09;null;null;
1982-04-10;null;null;
1982-04-11;null;null;
1982-04-12;null;null;
1982-04-13;null;null;
1982-04-14;null;null;
1982-04-15;null;null;
1982-04-16;null;null;
1982-04-17;null;null;
1982-04-18;null;null;
1982-04-19;null;null;
1982-04-20;null;null;
1982-04-21;null;null;
1982-04-22;null;null;
1982-04-23;null;null;
1982-04-24;null;null;
1982-04-25;null;null;
1982-04-26;null;null;
1982-04-27;null;null;
1982-04-28;null;null;
1982-04-29;null;null;
1982-04-30;null;null;
1982-05-01;null;18.4;
1982-05-02;null;18.9;
1982-05-03;null;17.3;
1982-05-04;null;17.6;
1982-05-05;null;16.9;
1982-05-06;null;16.3;
1982-05-07;null;14.1;
1982-05-08;null;16.3;
1982-05-09;null;17.6;
1982-05-10;null;17.5;
1982-05-11;null;15.6;
1982-05-12;null;15.3;
1982-05-13;null;13.9;
1982-05-14;null;12.2;
1982-05-15;null;12.6;
1982-05-16;null;11.4;
1982-05-17;null;11.6;
1982-05-18;null;10.4;
1982-05-19;null;13;
1982-05-20;null;12.8;
1982-05-21;null;12.6;
1982-05-22;null;13.9;
1982-05-23;null;13.2;
1982-05-24;null;13.3;
1982-05-25;null;13.3;
1982-05-26;null;13;
1982-05-27;null;12.6;
1982-05-28;null;13.2;
1982-05-29;null;13.9;
1982-05-30;null;12;
1982-05-31;null;12;
1982-06-01;null;13.3;
1982-06-02;null;12;
1982-06-03;null;12.6;
1982-06-04;null;11.2;
1982-06-05;null;11.4;
1982-06-06;null;12.6;
1982-06-07;null;14.3;
1982-06-08;null;13.2;
1982-06-09;null;12.6;
1982-06-10;null;12.6;
1982-06-11;null;12.4;
1982-06-12;null;12.4;
1982-06-13;null;11.5;
1982-06-14;null;13.2;
1982-06-15;null;13.2;
1982-06-16;null;14.1;
1982-06-17;null;12.7;
1982-06-18;null;13.1;
1982-06-19;null;13;
1982-06-20;null;14.4;
1982-06-21;null;14.2;
1982-06-22;null;16.1;
1982-06-23;null;15.9;
1982-06-24;null;16.1;
1982-06-25;null;15.6;
1982-06-26;null;14.9;
1982-06-27;null;16.1;
1982-06-28;null;15.6;
1982-06-29;null;15.7;
1982-06-30;null;14.7;
1982-07-01;null;13.5;
1982-07-02;null;13.9;
1982-07-03;null;13.5;
1982-07-04;null;12.8;
1982-07-05;null;12.9;
1982-07-06;null;12.8;
1982-07-07;null;13.2;
1982-07-08;null;13.5;
1982-07-09;null;13;
1982-07-10;null;13.5;
1982-07-11;null;13.7;
1982-07-12;null;12.8;
1982-07-13;null;12.4;
1982-07-14;null;13.3;
1982-07-15;null;12.9;
1982-07-16;null;12.6;
1982-07-17;null;14.6;
1982-07-18;null;15.1;
1982-07-19;null;14.3;
1982-07-20;null;15.1;
1982-07-21;null;16.5;
1982-07-22;null;14.9;
1982-07-23;null;13.7;
1982-07-24;null;13.3;
1982-07-25;null;13.7;
1982-07-26;null;12.6;
1982-07-27;null;12.9;
1982-07-28;null;12.7;
1982-07-29;null;13.8;
1982-07-30;null;13.8;
1982-07-31;null;8.8;
1982-08-01;null;12.6;
1982-08-02;null;13.9;
1982-08-03;null;15.9;
1982-08-04;null;16.9;
1982-08-05;null;15.3;
1982-08-06;null;14.3;
1982-08-07;null;12.2;
1982-08-08;null;13;
1982-08-09;null;12.2;
1982-08-10;null;14.9;
1982-08-11;null;16.1;
1982-08-12;null;15.3;
1982-08-13;null;12.6;
1982-08-14;null;13.9;
1982-08-15;null;13.6;
1982-08-16;null;13.6;
1982-08-17;null;15.1;
1982-08-18;null;15;
1982-08-19;null;15.1;
1982-08-20;null;12.8;
1982-08-21;null;12.8;
1982-08-22;null;15.5;
1982-08-23;null;15.5;
1982-08-24;null;15.3;
1982-08-25;null;15.3;
1982-08-26;null;15.6;
1982-08-27;null;15.5;
1982-08-28;null;15.4;
1982-08-29;null;14.6;
1982-08-30;null;14.1;
1982-08-31;null;14.3;
1982-09-01;null;16.1;
1982-09-02;null;16.6;
1982-09-03;null;15.5;
1982-09-04;null;15.1;
1982-09-05;null;13.9;
1982-09-06;null;14.1;
1982-09-07;null;13.9;
1982-09-08;null;10.2;
1982-09-09;null;10.2;
1982-09-10;null;11.2;
1982-09-11;null;14.1;
1982-09-12;null;13.9;
1982-09-13;null;14.8;
1982-09-14;null;17.1;
1982-09-15;null;14.6;
1982-09-16;null;14.1;
1982-09-17;null;13.9;
1982-09-18;null;14.3;
1982-09-19;null;15.7;
1982-09-20;null;15.6;
1982-09-21;null;15.2;
1982-09-22;null;14.6;
1982-09-23;null;14.3;
1982-09-24;null;14.2;
1982-09-25;null;15.2;
1982-09-26;null;13.2;
1982-09-27;null;15.1;
1982-09-28;null;17.5;
1982-09-29;null;12.6;
1982-09-30;null;14.5;
1982-10-01;null;13.3;
1982-10-02;null;13.2;
1982-10-03;null;13.3;
1982-10-04;null;13.2;
1982-10-05;null;16.3;
1982-10-06;null;18.6;
1982-10-07;null;17.6;
1982-10-08;null;18.1;
1982-10-09;null;18.3;
1982-10-10;null;16.9;
1982-10-11;null;17.3;
1982-10-12;null;16.6;
1982-10-13;null;17.3;
1982-10-14;null;14.6;
1982-10-15;null;14.2;
1982-10-16;null;15.2;
1982-10-17;null;13.7;
1982-10-18;null;13.6;
1982-10-19;null;15.3;
1982-10-20;null;16.9;
1982-10-21;null;16.9;
1982-10-22;null;17.1;
1982-10-23;null;16.1;
1982-10-24;null;18.3;
1982-10-25;null;20.3;
1982-10-26;null;20.3;
1982-10-27;null;19.1;
1982-10-28;null;19.3;
1982-10-29;null;17.6;
1982-10-30;null;17.6;
1982-10-31;null;18.1;
1982-11-01;null;16.3;
1982-11-02;null;16.4;
1982-11-03;null;16.1;
1982-11-04;null;17.1;
1982-11-05;null;17.5;
1982-11-06;null;18.5;
1982-11-07;null;19.1;
1982-11-08;null;19.3;
1982-11-09;null;17.9;
1982-11-10;null;18.3;
1982-11-11;null;18.7;
1982-11-12;null;17.5;
1982-11-13;null;18.6;
1982-11-14;null;18.3;
1982-11-15;null;17.6;
1982-11-16;null;18.6;
1982-11-17;null;17.1;
1982-11-18;null;16.9;
1982-11-19;null;18.5;
1982-11-20;null;18.3;
1982-11-21;null;19.6;
1982-11-22;null;20.6;
1982-11-23;null;19.5;
1982-11-24;null;21.1;
1982-11-25;null;21.1;
1982-11-26;null;18.3;
1982-11-27;null;20.6;
1982-11-28;null;18.7;
1982-11-29;null;19.1;
1982-11-30;null;17.6;
1982-12-01;null;17.1;
1982-12-02;null;15.1;
1982-12-03;null;13.3;
1982-12-04;null;13.3;
1982-12-05;null;14.1;
1982-12-06;null;12.4;
1982-12-07;null;18.9;
1982-12-08;null;16.9;
1982-12-09;null;17.1;
1982-12-10;null;18.1;
1982-12-11;null;17.3;
1982-12-12;null;17.6;
1982-12-13;null;18.1;
1982-12-14;null;19.6;
1982-12-15;null;19.9;
1982-12-16;null;17.7;
1982-12-17;null;18.1;
1982-12-18;null;18.1;
1982-12-19;null;18.1;
1982-12-20;null;18.1;
1982-12-21;null;19.6;
1982-12-22;null;18.1;
1982-12-23;null;18.9;
1982-12-24;null;18.2;
1982-12-25;null;18.1;
1982-12-26;null;17.7;
1982-12-27;null;17.5;
1982-12-28;null;17.1;
1982-12-29;null;17.3;
1982-12-30;null;18.1;
1982-12-31;null;18.1;
1983-01-01;null;18.2;
1983-01-02;null;17.1;
1983-01-03;null;18.3;
1983-01-04;null;16.9;
1983-01-05;null;19.6;
1983-01-06;null;18.4;
1983-01-07;null;18.6;
1983-01-08;null;18.5;
1983-01-09;null;18.1;
1983-01-10;null;17.9;
1983-01-11;null;18.1;
1983-01-12;null;18.1;
1983-01-13;null;18.1;
1983-01-14;null;18.6;
1983-01-15;null;17.2;
1983-01-16;null;18.1;
1983-01-17;null;17.1;
1983-01-18;null;18.2;
1983-01-19;null;17.1;
1983-01-20;null;18.1;
1983-01-21;null;18.7;
1983-01-22;null;18.1;
1983-01-23;null;18.8;
1983-01-24;null;17.6;
1983-01-25;null;null;
1983-01-26;null;17.6;
1983-01-27;null;18.1;
1983-01-28;null;18.1;
1983-01-29;null;18.3;
1983-01-30;null;18.1;
1983-01-31;null;19.1;
1983-02-01;null;18.9;
1983-02-02;null;18.1;
1983-02-03;null;16.4;
1983-02-04;null;16.9;
1983-02-05;null;18.3;
1983-02-06;null;18.1;
1983-02-07;null;18.7;
1983-02-08;null;19;
1983-02-09;null;17.1;
1983-02-10;null;17.9;
1983-02-11;null;18.8;
1983-02-12;null;18.2;
1983-02-13;null;18.1;
1983-02-14;null;18.1;
1983-02-15;null;19.1;
1983-02-16;null;19.1;
1983-02-17;null;19.1;
1983-02-18;null;19;
1983-02-19;null;18.1;
1983-02-20;null;17.6;
1983-02-21;null;17.1;
1983-02-22;null;17.6;
1983-02-23;null;18.3;
1983-02-24;null;19.1;
1983-02-25;null;18.1;
1983-02-26;null;18.1;
1983-02-27;null;18.6;
1983-02-28;null;18.3;
1983-03-01;null;18.1;
1983-03-02;null;17.1;
1983-03-03;null;18.1;
1983-03-04;null;18.1;
1983-03-05;null;18.9;
1983-03-06;null;18.2;
1983-03-07;null;17.9;
1983-03-08;null;18.2;
1983-03-09;null;18.1;
1983-03-10;null;18.1;
1983-03-11;null;19.1;
1983-03-12;null;18.1;
1983-03-13;null;18.1;
1983-03-14;null;19.1;
1983-03-15;null;17.1;
1983-03-16;null;15.6;
1983-03-17;null;18.1;
1983-03-18;null;18.2;
1983-03-19;null;19.6;
1983-03-20;null;18.1;
1983-03-21;null;18.1;
1983-03-22;null;18.1;
1983-03-23;null;16.5;
1983-03-24;null;18.5;
1983-03-25;null;18.2;
1983-03-26;null;18.6;
1983-03-27;null;18.1;
1983-03-28;null;15.6;
1983-03-29;null;15.6;
1983-03-30;null;17.6;
1983-03-31;null;16.6;
1983-04-01;null;17.1;
1983-04-02;null;17.6;
1983-04-03;null;18.1;
1983-04-04;null;15.1;
1983-04-05;null;18.1;
1983-04-06;null;16.6;
1983-04-07;null;15.6;
1983-04-08;null;15.1;
1983-04-09;null;15.5;
1983-04-10;null;15.5;
1983-04-11;null;15.6;
1983-04-12;null;15.2;
1983-04-13;null;16.1;
1983-04-14;null;15.6;
1983-04-15;null;15.6;
1983-04-16;null;15.9;
1983-04-17;null;16.1;
1983-04-18;null;15.7;
1983-04-19;null;15.9;
1983-04-20;null;17.1;
1983-04-21;null;17.5;
1983-04-22;null;17.1;
1983-04-23;null;16.1;
1983-04-24;null;17.3;
1983-04-25;null;16.5;
1983-04-26;null;16.1;
1983-04-27;null;18.5;
1983-04-28;null;19.1;
1983-04-29;null;18.3;
1983-04-30;null;17.1;
1983-05-01;null;18.2;
1983-05-02;null;18.3;
1983-05-03;null;17.6;
1983-05-04;null;18.1;
1983-05-05;null;18.2;
1983-05-06;null;17.7;
1983-05-07;null;18.5;
1983-05-08;null;17.6;
1983-05-09;null;18.6;
1983-05-10;null;18.1;
1983-05-11;null;17.6;
1983-05-12;null;16.7;
1983-05-13;null;18.6;
1983-05-14;null;18.4;
1983-05-15;null;null;
1983-05-16;null;18.5;
1983-05-17;null;18.2;
1983-05-18;null;18.4;
1983-05-19;null;18.3;
1983-05-20;null;18.1;
1983-05-21;null;17.5;
1983-05-22;null;16.7;
1983-05-23;null;16.6;
1983-05-24;null;16.9;
1983-05-25;null;17.6;
1983-05-26;null;16.1;
1983-05-27;null;15.3;
1983-05-28;null;15.6;
1983-05-29;null;15.6;
1983-05-30;null;15.1;
1983-05-31;null;15.1;
1983-06-01;null;15.1;
1983-06-02;null;15.6;
1983-06-03;null;15.1;
1983-06-04;null;15.3;
1983-06-05;null;15.5;
1983-06-06;null;15.6;
1983-06-07;null;16;
1983-06-08;null;15.9;
1983-06-09;null;16.6;
1983-06-10;null;16.6;
1983-06-11;null;16.2;
1983-06-12;null;16.5;
1983-06-13;null;15.2;
1983-06-14;null;null;
1983-06-15;null;14.9;
1983-06-16;null;17;
1983-06-17;null;14.9;
1983-06-18;null;13.5;
1983-06-19;null;14;
1983-06-20;null;13.9;
1983-06-21;null;13.1;
1983-06-22;null;14.1;
1983-06-23;null;15.1;
1983-06-24;null;15.6;
1983-06-25;null;15.3;
1983-06-26;null;16;
1983-06-27;null;16.3;
1983-06-28;null;15.7;
1983-06-29;null;15.2;
1983-06-30;null;15.2;
1983-07-01;26.8;15.3;
1983-07-02;26.8;16.1;
1983-07-03;27;17.1;
1983-07-04;25.2;15.6;
1983-07-05;24;14.3;
1983-07-06;27;13.3;
1983-07-07;26;15.1;
1983-07-08;27;16.6;
1983-07-09;25;16.1;
1983-07-10;26;16.1;
1983-07-11;29;16.2;
1983-07-12;28.5;15.2;
1983-07-13;28.5;15.5;
1983-07-14;25.8;15;
1983-07-15;23;14.1;
1983-07-16;24;14;
1983-07-17;24;14;
1983-07-18;26.8;14;
1983-07-19;27;13.5;
1983-07-20;21;13.1;
1983-07-21;22;13.5;
1983-07-22;20;12;
1983-07-23;25;11;
1983-07-24;26;13;
1983-07-25;26;13.2;
1983-07-26;27;14;
1983-07-27;27;15.3;
1983-07-28;28;13.8;
1983-07-29;28;15.1;
1983-07-30;28.8;14.2;
1983-07-31;28.8;1.5;
1983-08-01;28.4;13.3;
1983-08-02;23.5;14.6;
1983-08-03;23.5;7.1;
1983-08-04;20;8.8;
1983-08-05;23.2;9.5;
1983-08-06;23;9.5;
1983-08-07;25.4;11.2;
1983-08-08;27.2;12.2;
1983-08-09;28.2;14.1;
1983-08-10;26;13.8;
1983-08-11;26;14.1;
1983-08-12;23.2;13.3;
1983-08-13;27;14.1;
1983-08-14;27.4;14;
1983-08-15;27.2;14.5;
1983-08-16;28;15.6;
1983-08-17;26.4;15.1;
1983-08-18;28.2;15;
1983-08-19;29.2;15.1;
1983-08-20;27;16.6;
1983-08-21;28.2;14.1;
1983-08-22;25.2;13.3;
1983-08-23;23.5;14;
1983-08-24;25.2;13.2;
1983-08-25;27;13.3;
1983-08-26;27.4;13.2;
1983-08-27;28.2;15.1;
1983-08-28;28;15.2;
1983-08-29;28;15.1;
1983-08-30;29.8;14.1;
1983-08-31;32;17;
1983-09-01;32;18.6;
1983-09-02;31.4;17.1;
1983-09-03;29;17.6;
1983-09-04;null;null;
1983-09-05;26;16.6;
1983-09-06;28;18;
1983-09-07;28.8;16.9;
1983-09-08;26.8;16.6;
1983-09-09;20.5;15.1;
1983-09-10;24.2;14.1;
1983-09-11;21.4;15.1;
1983-09-12;23.8;15.6;
1983-09-13;24;15.1;
1983-09-14;29;13.9;
1983-09-15;28.8;17.6;
1983-09-16;null;null;
1983-09-17;27.4;16;
1983-09-18;29.2;16.1;
1983-09-19;26;16.1;
1983-09-20;26;16.1;
1983-09-21;28;16.1;
1983-09-22;null;null;
1983-09-23;29;16.3;
1983-09-24;24;16;
1983-09-25;24.8;16;
1983-09-26;25.4;16.1;
1983-09-27;25.8;15.9;
1983-09-28;26;15.3;
1983-09-29;26;16.1;
1983-09-30;27;16.5;
1983-10-01;28;16.2;
1983-10-02;28;16.5;
1983-10-03;27.2;16.4;
1983-10-04;27.2;16.5;
1983-10-05;27.1;16.1;
1983-10-06;26.2;16.6;
1983-10-07;27.8;16.3;
1983-10-08;28.5;16.1;
1983-10-09;29.2;16.3;
1983-10-10;31.8;15.1;
1983-10-11;25;17.1;
1983-10-12;24.8;16.1;
1983-10-13;20;17.4;
1983-10-14;20;16.5;
1983-10-15;28;13.2;
1983-10-16;31.8;18;
1983-10-17;32;18.7;
1983-10-18;29.8;17.9;
1983-10-19;27;17.9;
1983-10-20;27.2;17.5;
1983-10-21;26.5;18.1;
1983-10-22;28;16.5;
1983-10-23;29.8;17.1;
1983-10-24;24;15;
1983-10-25;24;12.4;
1983-10-26;23;13.2;
1983-10-27;24;13.9;
1983-10-28;28;15.1;
1983-10-29;27;16.1;
1983-10-30;26.2;17.6;
1983-10-31;27;16.1;
1983-11-01;26;17.5;
1983-11-02;25.4;16.9;
1983-11-03;23.5;17.6;
1983-11-04;27;17.1;
1983-11-05;28.5;15.1;
1983-11-06;29.8;15.2;
1983-11-07;31.4;17.9;
1983-11-08;33;18.5;
1983-11-09;27.8;17.1;
1983-11-10;29.5;18.1;
1983-11-11;28;17.8;
1983-11-12;29.4;18.5;
1983-11-13;26.8;16.9;
1983-11-14;23.8;16.8;
1983-11-15;27.8;17.9;
1983-11-16;26.2;16.1;
1983-11-17;28.8;19.1;
1983-11-18;31;17.6;
1983-11-19;29.8;19.5;
1983-11-20;24;17.6;
1983-11-21;27.8;17.1;
1983-11-22;28.8;18.5;
1983-11-23;28;17.9;
1983-11-24;28.5;17.2;
1983-11-25;28;17.2;
1983-11-26;30;17.6;
1983-11-27;29;17.9;
1983-11-28;25.4;16.6;
1983-11-29;23.8;16.1;
1983-11-30;27;15.1;
1983-12-01;26;17.1;
1983-12-02;25.4;17.6;
1983-12-03;24;16.6;
1983-12-04;24;17.2;
1983-12-05;26.8;16.1;
1983-12-06;24;17.1;
1983-12-07;25;16.3;
1983-12-08;24;16.5;
1983-12-09;23.8;17.1;
1983-12-10;24;17.1;
1983-12-11;25.8;17.4;
1983-12-12;26;17.1;
1983-12-13;25.4;18.1;
1983-12-14;28.5;18.1;
1983-12-15;28;17.9;
1983-12-16;29;17.9;
1983-12-17;29.2;18.3;
1983-12-18;30;18;
1983-12-19;31.8;18.1;
1983-12-20;29;18.6;
1983-12-21;26;17.1;
1983-12-22;23.8;17.6;
1983-12-23;25;16.6;
1983-12-24;21.8;16.1;
1983-12-25;23.8;16.6;
1983-12-26;25;16.5;
1983-12-27;27;16.6;
1983-12-28;31;18.1;
1983-12-29;29.5;18.1;
1983-12-30;30;17.6;
1983-12-31;30.8;18.1;
1984-01-01;30;18.1;
1984-01-02;31;18.1;
1984-01-03;32;18.6;
1984-01-04;34;18.6;
1984-01-05;34;20.6;
1984-01-06;32;20;
1984-01-07;26;17.1;
1984-01-08;29.8;18.1;
1984-01-09;30;18.6;
1984-01-10;31;17.1;
1984-01-11;32;18.1;
1984-01-12;33;17.9;
1984-01-13;33.2;19.1;
1984-01-14;34.5;20.1;
1984-01-15;33.3;20.1;
1984-01-16;33.5;20.1;
1984-01-17;33;20.9;
1984-01-18;32.2;20.3;
1984-01-19;32.5;20.3;
1984-01-20;32;20.5;
1984-01-21;29;18.1;
1984-01-22;31.2;18.1;
1984-01-23;27.2;18;
1984-01-24;25.5;16.6;
1984-01-25;27.8;17.6;
1984-01-26;27.2;17.9;
1984-01-27;29;17.1;
1984-01-28;30;18;
1984-01-29;32;18.1;
1984-01-30;32.2;16.1;
1984-01-31;32.4;20.6;
1984-02-01;32;20.7;
1984-02-02;32.4;20.6;
1984-02-03;31;18.9;
1984-02-04;31.2;20.7;
1984-02-05;31.6;20.7;
1984-02-06;31.4;19.6;
1984-02-07;31.6;20.1;
1984-02-08;31;18.9;
1984-02-09;31.2;18.9;
1984-02-10;30.2;18.1;
1984-02-11;30;18.1;
1984-02-12;28.8;18.3;
1984-02-13;29.8;18.1;
1984-02-14;30.5;20.6;
1984-02-15;31.6;20.6;
1984-02-16;31.6;20.5;
1984-02-17;30.8;19.9;
1984-02-18;31;19.8;
1984-02-19;31.6;20.9;
1984-02-20;30.5;19.6;
1984-02-21;30.2;19.1;
1984-02-22;31;19.9;
1984-02-23;32;20;
1984-02-24;31;19.9;
1984-02-25;31;19.1;
1984-02-26;32.6;18.3;
1984-02-27;33;18.3;
1984-02-28;32;20.6;
1984-02-29;32;20.6;
1984-03-01;32;20.6;
1984-03-02;32.6;20.6;
1984-03-03;33;20.8;
1984-03-04;32.2;20.3;
1984-03-05;31;20.5;
1984-03-06;32;20.1;
1984-03-07;31.6;20.1;
1984-03-08;29;18.1;
1984-03-09;31;18.6;
1984-03-10;28;18.3;
1984-03-11;27.6;18.3;
1984-03-12;29;18.5;
1984-03-13;28;18.6;
1984-03-14;25;18.5;
1984-03-15;26;17.1;
1984-03-16;28;18.6;
1984-03-17;29;18.8;
1984-03-18;30;18.9;
1984-03-19;32;18.8;
1984-03-20;33.4;19.3;
1984-03-21;33.6;18.9;
1984-03-22;27.4;18.6;
1984-03-23;28;18.7;
1984-03-24;28.8;18.6;
1984-03-25;30;18.8;
1984-03-26;30;18.9;
1984-03-27;28.2;18.5;
1984-03-28;29;18.9;
1984-03-29;29.2;19.1;
1984-03-30;31.4;19.3;
1984-03-31;25;16.6;
1984-04-01;24.8;15.6;
1984-04-02;26;14.7;
1984-04-03;25.6;16;
1984-04-04;26;15.1;
1984-04-05;28.2;15;
1984-04-06;28;17.1;
1984-04-07;28.4;16.9;
1984-04-08;28;16.6;
1984-04-09;26;16.7;
1984-04-10;25;15.1;
1984-04-11;24.5;14.2;
1984-04-12;26;13.5;
1984-04-13;26.2;13.4;
1984-04-14;25.2;14.6;
1984-04-15;27;16.1;
1984-04-16;27.5;16.6;
1984-04-17;28;16.8;
1984-04-18;28.2;17.6;
1984-04-19;28.4;17.5;
1984-04-20;28.6;17.6;
1984-04-21;28.7;17.6;
1984-04-22;28.8;17.7;
1984-04-23;29.5;17.8;
1984-04-24;31;17.8;
1984-04-25;28.8;18.3;
1984-04-26;26;18.4;
1984-04-27;28;18.3;
1984-04-28;29;18.5;
1984-04-29;30;18.6;
1984-04-30;30.8;18.8;
1984-05-01;29.8;18.7;
1984-05-02;28.8;18.6;
1984-05-03;28.5;18.5;
1984-05-04;26.2;18.1;
1984-05-05;25.5;17.6;
1984-05-06;27;16.3;
1984-05-07;28.4;16.4;
1984-05-08;29.2;16.6;
1984-05-09;29;17.9;
1984-05-10;29;17.6;
1984-05-11;30;17.5;
1984-05-12;29.8;17.3;
1984-05-13;29.4;17.5;
1984-05-14;29.2;17.4;
1984-05-15;29.8;17.7;
1984-05-16;29;17.6;
1984-05-17;28.8;17.6;
1984-05-18;28.8;17.5;
1984-05-19;28.6;17.2;
1984-05-20;28.4;17;
1984-05-21;28;16.8;
1984-05-22;28.6;17.1;
1984-05-23;28;16.9;
1984-05-24;27.6;16.7;
1984-05-25;28;16.7;
1984-05-26;28.4;17.1;
1984-05-27;28.6;17.3;
1984-05-28;28.6;17.4;
1984-05-29;29;18;
1984-05-30;29.4;18.3;
1984-05-31;29.2;18.4;
1984-06-01;29.6;14.1;
1984-06-02;29.4;14.3;
1984-06-03;29.2;14.1;
1984-06-04;29.2;14.7;
1984-06-05;29.6;15.1;
1984-06-06;28.8;15.1;
1984-06-07;28.6;15.3;
1984-06-08;28.6;15.5;
1984-06-09;28.8;15.6;
1984-06-10;28.8;15.7;
1984-06-11;29;15.9;
1984-06-12;28.2;16;
1984-06-13;28.5;15;
1984-06-14;29.2;16;
1984-06-15;29.6;16.3;
1984-06-16;29.4;16.4;
1984-06-17;29;16.5;
1984-06-18;28.8;16.6;
1984-06-19;29;16.9;
1984-06-20;28.8;16.7;
1984-06-21;28.6;17;
1984-06-22;27.8;16.5;
1984-06-23;28;16.9;
1984-06-24;28;16.9;
1984-06-25;27.8;16.9;
1984-06-26;28.2;17;
1984-06-27;28.6;17.1;
1984-06-28;28.4;17;
1984-06-29;30;17.3;
1984-06-30;25.6;16.7;
1984-07-01;26;13.2;
1984-07-02;25;12.7;
1984-07-03;25.4;13.2;
1984-07-04;25.8;13.2;
1984-07-05;26;13.2;
1984-07-06;26.2;13.3;
1984-07-07;26;13.2;
1984-07-08;26;13.2;
1984-07-09;25.2;13.3;
1984-07-10;25.8;12.3;
1984-07-11;25.8;12.2;
1984-07-12;27.8;12.2;
1984-07-13;28;15.1;
1984-07-14;27;15.4;
1984-07-15;26.2;15.3;
1984-07-16;29.2;16.1;
1984-07-17;27.2;16.1;
1984-07-18;27.1;15.4;
1984-07-19;25.8;15;
1984-07-20;27.2;14.7;
1984-07-21;28.2;14.4;
1984-07-22;28;14.1;
1984-07-23;25.1;11.2;
1984-07-24;28;14.4;
1984-07-25;25.9;14.1;
1984-07-26;26;14.4;
1984-07-27;27;14.4;
1984-07-28;26;14.6;
1984-07-29;26;13.9;
1984-07-30;24;12.2;
1984-07-31;21.2;11.6;
1984-08-01;21.2;11.3;
1984-08-02;25;14.1;
1984-08-03;29;16.1;
1984-08-04;30;16.1;
1984-08-05;29.8;18.1;
1984-08-06;31.9;17.1;
1984-08-07;31.4;16.9;
1984-08-08;32.2;17.9;
1984-08-09;26.8;14.5;
1984-08-10;28.2;15.6;
1984-08-11;30;14.9;
1984-08-12;30;14.7;
1984-08-13;29;16.1;
1984-08-14;31.4;16.3;
1984-08-15;32;16.3;
1984-08-16;27;16.5;
1984-08-17;25.6;13.2;
1984-08-18;24.6;13.2;
1984-08-19;24.2;11.4;
1984-08-20;24;11;
1984-08-21;21.8;11.2;
1984-08-22;22;13.2;
1984-08-23;20.8;12.8;
1984-08-24;27;13.2;
1984-08-25;23;14.2;
1984-08-26;23.2;12;
1984-08-27;19.2;12;
1984-08-28;19.2;13.2;
1984-08-29;21.8;13.2;
1984-08-30;22.4;13.4;
1984-08-31;18.4;13.2;
1984-09-01;23;12.3;
1984-09-02;25;12.2;
1984-09-03;27.2;13.3;
1984-09-04;27;14.1;
1984-09-05;26.8;16.1;
1984-09-06;26.4;14.9;
1984-09-07;23;14;
1984-09-08;21;13.6;
1984-09-09;24;13.6;
1984-09-10;25.2;10.2;
1984-09-11;25;10.4;
1984-09-12;26.1;10.5;
1984-09-13;28;10.5;
1984-09-14;28.8;17;
1984-09-15;31.6;17.1;
1984-09-16;31;17.3;
1984-09-17;29;15.9;
1984-09-18;21.9;13.2;
1984-09-19;23;13.2;
1984-09-20;26.3;13.2;
1984-09-21;26;15.1;
1984-09-22;28.4;16.5;
1984-09-23;29;16.5;
1984-09-24;27.4;15.9;
1984-09-25;27;16.1;
1984-09-26;27.2;16.3;
1984-09-27;27;14.9;
1984-09-28;30;15;
1984-09-29;27;17.1;
1984-09-30;29.2;18.2;
1984-10-01;29.4;18.4;
1984-10-02;29.8;17.9;
1984-10-03;30.1;16.1;
1984-10-04;31;16.3;
1984-10-05;30.2;17;
1984-10-06;32;17.1;
1984-10-07;32.4;17.4;
1984-10-08;30;17.3;
1984-10-09;31;17.1;
1984-10-10;31.4;19;
1984-10-11;32;20.2;
1984-10-12;29.5;17.7;
1984-10-13;31.8;18.7;
1984-10-14;32;18.6;
1984-10-15;32;19.1;
1984-10-16;26.4;17.5;
1984-10-17;27;16.9;
1984-10-18;27;16.9;
1984-10-19;23;17.1;
1984-10-20;23.4;16.5;
1984-10-21;26;15.3;
1984-10-22;29.8;16.1;
1984-10-23;30;15.3;
1984-10-24;27;15.9;
1984-10-25;25;15.4;
1984-10-26;27.9;15.9;
1984-10-27;28.4;14.9;
1984-10-28;29.4;15;
1984-10-29;30;14.7;
1984-10-30;31;17;
1984-10-31;31.6;17.6;
1984-11-01;29.8;17.5;
1984-11-02;31;17.7;
1984-11-03;33;17.9;
1984-11-04;34.8;18.1;
1984-11-05;31;17.3;
1984-11-06;30.1;17.4;
1984-11-07;30.2;18.5;
1984-11-08;31.4;17.9;
1984-11-09;32.8;17.6;
1984-11-10;34.8;18.5;
1984-11-11;33;18.5;
1984-11-12;28;18;
1984-11-13;31;16.1;
1984-11-14;32;18.1;
1984-11-15;33;18.3;
1984-11-16;31;18.1;
1984-11-17;31.6;18.3;
1984-11-18;30.6;18.8;
1984-11-19;28;17.7;
1984-11-20;27.8;16.1;
1984-11-21;24.3;16.1;
1984-11-22;24;15.9;
1984-11-23;25.3;15.5;
1984-11-24;28.4;17;
1984-11-25;31;17.6;
1984-11-26;28.6;17.8;
1984-11-27;24.8;17.1;
1984-11-28;24;16.1;
1984-11-29;24;16.2;
1984-11-30;26;16.3;
1984-12-01;26.1;16.3;
1984-12-02;27.4;16.1;
1984-12-03;24;16.1;
1984-12-04;24;16.1;
1984-12-05;27;16.2;
1984-12-06;27.2;16.4;
1984-12-07;25;16.4;
1984-12-08;25.2;16.2;
1984-12-09;26;15.5;
1984-12-10;27;17.4;
1984-12-11;29;18;
1984-12-12;25;17.6;
1984-12-13;28;17.9;
1984-12-14;30;18.1;
1984-12-15;29.9;18.3;
1984-12-16;23;17.6;
1984-12-17;25;17.4;
1984-12-18;28;17.7;
1984-12-19;30;18.1;
1984-12-20;31;18.2;
1984-12-21;31.2;18.5;
1984-12-22;32;18.6;
1984-12-23;31.8;18.6;
1984-12-24;32.4;18.9;
1984-12-25;32.6;18.8;
1984-12-26;29;15.6;
1984-12-27;29;16.4;
1984-12-28;31.8;18.8;
1984-12-29;28;18.6;
1984-12-30;27.6;18.4;
1984-12-31;25.4;17.9;
1985-01-01;23.6;17.6;
1985-01-02;26;17.1;
1985-01-03;30;17.1;
1985-01-04;29.4;17.2;
1985-01-05;29.2;17.3;
1985-01-06;29.5;17.5;
1985-01-07;29;17.2;
1985-01-08;28.4;16.9;
1985-01-09;25;15.5;
1985-01-10;24;14.2;
1985-01-11;null;null;
1985-01-12;30;17.6;
1985-01-13;27;17.1;
1985-01-14;30.5;17;
1985-01-15;28.9;17.5;
1985-01-16;24;17.1;
1985-01-17;null;null;
1985-01-18;23.8;16.9;
1985-01-19;null;null;
1985-01-20;27;18.1;
1985-01-21;25.2;18.6;
1985-01-22;26;18.1;
1985-01-23;26;18.3;
1985-01-24;null;null;
1985-01-25;24.8;17.5;
1985-01-26;24.8;17.7;
1985-01-27;24.8;18.2;
1985-01-28;26;16.6;
1985-01-29;26;18.1;
1985-01-30;25.8;17.8;
1985-01-31;26.4;18;
1985-02-01;29;18.5;
1985-02-02;31.4;19.1;
1985-02-03;32;19.1;
1985-02-04;32.4;19.3;
1985-02-05;33.8;19.5;
1985-02-06;33;19.5;
1985-02-07;28;19.2;
1985-02-08;29;18.9;
1985-02-09;30;19.1;
1985-02-10;31;19.3;
1985-02-11;30.5;17.5;
1985-02-12;31;18.3;
1985-02-13;32;18.1;
1985-02-14;31.2;18.3;
1985-02-15;32;17.5;
1985-02-16;32;18;
1985-02-17;32.4;18.4;
1985-02-18;32;18;
1985-02-19;32.4;17.9;
1985-02-20;31.8;18.1;
1985-02-21;32.2;17.7;
1985-02-22;29;17.5;
1985-02-23;27;17.4;
1985-02-24;27.1;16.6;
1985-02-25;28.4;16.1;
1985-02-26;26;17.3;
1985-02-27;27.1;17.5;
1985-02-28;28;17.9;
1985-03-01;29.1;17.5;
1985-03-02;29;18;
1985-03-03;30.4;17.7;
1985-03-04;29.2;17.5;
1985-03-05;28.6;18.1;
1985-03-06;30.5;17.9;
1985-03-07;28;17.4;
1985-03-08;27;18.6;
1985-03-09;28.6;17.1;
1985-03-10;30.5;17.6;
1985-03-11;26;17.5;
1985-03-12;30;18.1;
1985-03-13;28.4;18;
1985-03-14;28;18.8;
1985-03-15;26.8;18.1;
1985-03-16;27;18.1;
1985-03-17;25;17.9;
1985-03-18;23;17.3;
1985-03-19;28;17.8;
1985-03-20;26;17.9;
1985-03-21;28.2;18;
1985-03-22;29;18.5;
1985-03-23;30;18.1;
1985-03-24;30.8;18.3;
1985-03-25;30.5;17.6;
1985-03-26;29.5;19;
1985-03-27;29.8;18.8;
1985-03-28;29.8;18.5;
1985-03-29;30.2;18.3;
1985-03-30;29;18.8;
1985-03-31;29;17.8;
1985-04-01;29.2;17.6;
1985-04-02;29.8;18.2;
1985-04-03;30;18.4;
1985-04-04;30.4;18.4;
1985-04-05;30.2;18.3;
1985-04-06;30.6;18.2;
1985-04-07;31;18.5;
1985-04-08;28.2;17.9;
1985-04-09;28;16.7;
1985-04-10;28;16.6;
1985-04-11;28.6;16.9;
1985-04-12;30.5;16.7;
1985-04-13;30.5;16.4;
1985-04-14;28.4;16.1;
1985-04-15;28;15.7;
1985-04-16;27.8;16;
1985-04-17;28.4;16.4;
1985-04-18;27.6;15.8;
1985-04-19;27;15.6;
1985-04-20;27;15.5;
1985-04-21;27.4;15.6;
1985-04-22;26.6;14.6;
1985-04-23;26;12.6;
1985-04-24;26;13.6;
1985-04-25;26.4;15.1;
1985-04-26;26;13.5;
1985-04-27;27.4;15;
1985-04-28;28;15.6;
1985-04-29;28.4;16;
1985-04-30;28;15.6;
1985-05-01;28;15.6;
1985-05-02;27.8;14.3;
1985-05-03;27.4;13.6;
1985-05-04;26;12.5;
1985-05-05;25.4;12.5;
1985-05-06;25.2;13;
1985-05-07;25;13.1;
1985-05-08;27.2;14.9;
1985-05-09;28;14.3;
1985-05-10;28;14.9;
1985-05-11;27.4;15;
1985-05-12;27;15.1;
1985-05-13;28;15;
1985-05-14;29;15.4;
1985-05-15;28.2;15.5;
1985-05-16;26.4;14.3;
1985-05-17;27.4;14.4;
1985-05-18;26.4;14.1;
1985-05-19;28.2;15;
1985-05-20;26.4;14.1;
1985-05-21;28.2;15;
1985-05-22;27;14.6;
1985-05-23;27;14.1;
1985-05-24;26.8;13.5;
1985-05-25;27.2;14.3;
1985-05-26;26.8;14;
1985-05-27;26.4;13.8;
1985-05-28;26.2;13.6;
1985-05-29;27;13.8;
1985-05-30;27.4;13;
1985-05-31;26.4;13.1;
1985-06-01;26.4;13.8;
1985-06-02;24.8;13.6;
1985-06-03;24;13.4;
1985-06-04;24.4;13.2;
1985-06-05;24;13.2;
1985-06-06;24;9.3;
1985-06-07;23;7.7;
1985-06-08;23;5.9;
1985-06-09;21;2.3;
1985-06-10;20;3.3;
1985-06-11;22;5.3;
1985-06-12;22.5;7.5;
1985-06-13;24.5;8.5;
1985-06-14;23.8;8.3;
1985-06-15;24.8;11.2;
1985-06-16;26;12.2;
1985-06-17;27.5;11.2;
1985-06-18;27;12.4;
1985-06-19;28;12.2;
1985-06-20;25.4;10;
1985-06-21;23.4;10.2;
1985-06-22;24.8;10.4;
1985-06-23;27.2;11;
1985-06-24;27.5;12.6;
1985-06-25;27.6;12.4;
1985-06-26;26.8;11.5;
1985-06-27;24;11.8;
1985-06-28;25.6;12;
1985-06-29;24.2;11.2;
1985-06-30;25;11.6;
1985-07-01;null;null;
1985-07-02;null;null;
1985-07-03;null;null;
1985-07-04;null;null;
1985-07-05;null;null;
1985-07-06;null;null;
1985-07-07;null;null;
1985-07-08;null;null;
1985-07-09;null;null;
1985-07-10;null;null;
1985-07-11;null;null;
1985-07-12;null;null;
1985-07-13;null;null;
1985-07-14;null;null;
1985-07-15;null;null;
1985-07-16;null;null;
1985-07-17;null;null;
1985-07-18;null;null;
1985-07-19;null;null;
1985-07-20;null;null;
1985-07-21;null;null;
1985-07-22;null;null;
1985-07-23;null;null;
1985-07-24;null;null;
1985-07-25;null;null;
1985-07-26;null;null;
1985-07-27;null;null;
1985-07-28;null;null;
1985-07-29;null;null;
1985-07-30;null;null;
1985-07-31;null;null;
1985-08-01;null;null;
1985-08-02;null;null;
1985-08-03;null;null;
1985-08-04;null;null;
1985-08-05;null;null;
1985-08-06;25.4;12.4;
1985-08-07;26.8;13.3;
1985-08-08;27.4;12.6;
1985-08-09;27.8;13.5;
1985-08-10;28;13.4;
1985-08-11;27.8;13.5;
1985-08-12;27;13.2;
1985-08-13;26.8;9.6;
1985-08-14;27.8;12;
1985-08-15;25.2;10.6;
1985-08-16;27.4;11.6;
1985-08-17;27.6;12;
1985-08-18;28;12.6;
1985-08-19;30;13;
1985-08-20;30.2;13.2;
1985-08-21;29.8;13.3;
1985-08-22;30.5;15.3;
1985-08-23;25.4;11.4;
1985-08-24;28;13.2;
1985-08-25;28.8;12.9;
1985-08-26;29;13.3;
1985-08-27;29.4;14.2;
1985-08-28;30;15.5;
1985-08-29;32;15.5;
1985-08-30;33;15.9;
1985-08-31;34;16.1;
1985-09-01;28.6;16;
1985-09-02;29;16.1;
1985-09-03;27;15.1;
1985-09-04;28;15.6;
1985-09-05;30;15;
1985-09-06;25;12.4;
1985-09-07;23;10.8;
1985-09-08;23.2;11;
1985-09-09;24;11.4;
1985-09-10;26.2;14.1;
1985-09-11;25;13.2;
1985-09-12;25;12.4;
1985-09-13;26;13.1;
1985-09-14;29;13.7;
1985-09-15;30.2;14.1;
1985-09-16;29;13.5;
1985-09-17;28.6;15.6;
1985-09-18;32;17.6;
1985-09-19;34;16.6;
1985-09-20;33;16.7;
1985-09-21;32.6;16.4;
1985-09-22;33;16.1;
1985-09-23;32;15.9;
1985-09-24;23;15.6;
1985-09-25;23.5;15.2;
1985-09-26;30;14.9;
1985-09-27;32.4;15.5;
1985-09-28;33;16.1;
1985-09-29;34;15.9;
1985-09-30;27;15.2;
1985-10-01;28.6;17.1;
1985-10-02;29;17.3;
1985-10-03;25.5;13.9;
1985-10-04;28;16.1;
1985-10-05;24;15.6;
1985-10-06;28;16.3;
1985-10-07;30;16.8;
1985-10-08;27;17;
1985-10-09;28;17.2;
1985-10-10;27.4;15.3;
1985-10-11;25.4;15.6;
1985-10-12;26;15.1;
1985-10-13;28;16;
1985-10-14;29.4;16.1;
1985-10-15;31.6;16.8;
1985-10-16;32;17.5;
1985-10-17;32.4;18.1;
1985-10-18;33;18.3;
1985-10-19;33;18.3;
1985-10-20;30;17.5;
1985-10-21;31;17.1;
1985-10-22;31;17.1;
1985-10-23;29.4;18;
1985-10-24;30.4;18.1;
1985-10-25;25.4;16.5;
1985-10-26;26.8;17.1;
1985-10-27;28;18.1;
1985-10-28;29.8;18.1;
1985-10-29;29.2;17.5;
1985-10-30;24.8;17.5;
1985-10-31;23;17.1;
1985-11-01;29.8;18.3;
1985-11-02;26;18.4;
1985-11-03;24;18;
1985-11-04;24;18;
1985-11-05;24.8;18.1;
1985-11-06;26;17.1;
1985-11-07;27;16;
1985-11-08;26;15.5;
1985-11-09;27.4;15.2;

