Nome: ILHA DE TRINDADE
Codigo Estacao: A650
Latitude: -20.483333
Longitude: -29.321389
Altitude: 5
Situacao: Desativada
Data Inicial: 2007-03-03
Data Final: 2012-10-30
Periodicidade da Medicao: Diaria

Data Medicao;TEMPERATURA MAXIMA, DIARIA (AUT)(°C);TEMPERATURA MINIMA, DIARIA (AUT)(°C);
2007-03-03;null;null;
2007-03-04;null;null;
2007-03-05;null;null;
2007-03-06;null;null;
2007-03-07;null;null;
2007-03-08;null;null;
2007-03-09;null;null;
2007-03-10;null;null;
2007-03-11;null;null;
2007-03-12;null;null;
2007-03-13;null;null;
2007-03-14;null;null;
2007-03-15;null;null;
2007-03-16;null;null;
2007-03-17;null;null;
2007-03-18;null;null;
2007-03-19;null;null;
2007-03-20;null;null;
2007-03-21;null;null;
2007-03-22;null;null;
2007-03-23;null;null;
2007-03-24;null;null;
2007-03-25;null;null;
2007-03-26;null;null;
2007-03-27;null;null;
2007-03-28;null;null;
2007-03-29;null;null;
2007-03-30;null;null;
2007-03-31;null;null;
2007-04-01;null;null;
2007-04-02;null;null;
2007-04-03;null;null;
2007-04-04;null;null;
2007-04-05;null;null;
2007-04-06;null;null;
2007-04-07;null;null;
2007-04-08;null;null;
2007-04-09;null;null;
2007-04-10;null;null;
2007-04-11;null;null;
2007-04-12;null;null;
2007-04-13;null;null;
2007-04-14;null;null;
2007-04-15;null;null;
2007-04-16;null;null;
2007-04-17;null;null;
2007-04-18;null;null;
2007-04-19;null;null;
2007-04-20;null;null;
2007-04-21;null;null;
2007-04-22;null;null;
2007-04-23;null;null;
2007-04-24;null;null;
2007-04-25;null;null;
2007-04-26;null;null;
2007-04-27;null;null;
2007-04-28;null;null;
2007-04-29;null;null;
2007-04-30;null;null;
2007-05-01;null;null;
2007-05-02;null;null;
2007-05-03;null;null;
2007-05-04;null;null;
2007-05-05;null;null;
2007-05-06;null;null;
2007-05-07;null;null;
2007-05-08;null;null;
2007-05-09;null;null;
2007-05-10;null;null;
2007-05-11;null;null;
2007-05-12;null;null;
2007-05-13;null;null;
2007-05-14;null;null;
2007-05-15;null;null;
2007-05-16;null;null;
2007-05-17;null;null;
2007-05-18;null;null;
2007-05-19;null;null;
2007-05-20;null;null;
2007-05-21;null;null;
2007-05-22;null;null;
2007-05-23;null;null;
2007-05-24;null;null;
2007-05-25;null;null;
2007-05-26;null;null;
2007-05-27;null;null;
2007-05-28;null;null;
2007-05-29;null;null;
2007-05-30;null;null;
2007-05-31;null;null;
2007-06-01;null;null;
2007-06-02;null;null;
2007-06-03;null;null;
2007-06-04;null;null;
2007-06-05;null;null;
2007-06-06;null;null;
2007-06-07;null;null;
2007-06-08;null;null;
2007-06-09;null;null;
2007-06-10;null;null;
2007-06-11;null;null;
2007-06-12;null;null;
2007-06-13;null;null;
2007-06-14;null;null;
2007-06-15;null;null;
2007-06-16;null;null;
2007-06-17;null;null;
2007-06-18;null;null;
2007-06-19;null;null;
2007-06-20;null;null;
2007-06-21;null;null;
2007-06-22;null;null;
2007-06-23;null;null;
2007-06-24;null;null;
2007-06-25;null;null;
2007-06-26;null;null;
2007-06-27;null;null;
2007-06-28;null;null;
2007-06-29;null;null;
2007-06-30;null;null;
2007-07-01;null;null;
2007-07-02;null;null;
2007-07-03;null;null;
2007-07-04;null;null;
2007-07-05;null;null;
2007-07-06;null;null;
2007-07-07;null;null;
2007-07-08;null;null;
2007-07-09;null;null;
2007-07-10;null;null;
2007-07-11;null;null;
2007-07-12;null;null;
2007-07-13;null;null;
2007-07-14;null;null;
2007-07-15;null;null;
2007-07-16;null;null;
2007-07-17;null;null;
2007-07-18;null;null;
2007-07-19;null;null;
2007-07-20;null;null;
2007-07-21;null;null;
2007-07-22;null;null;
2007-07-23;null;null;
2007-07-24;null;null;
2007-07-25;null;null;
2007-07-26;null;null;
2007-07-27;null;null;
2007-07-28;null;null;
2007-07-29;null;null;
2007-07-30;null;null;
2007-07-31;null;null;
2007-08-01;null;null;
2007-08-02;null;null;
2007-08-03;null;null;
2007-08-04;null;null;
2007-08-05;null;null;
2007-08-06;null;null;
2007-08-07;null;null;
2007-08-08;null;null;
2007-08-09;null;null;
2007-08-10;null;null;
2007-08-11;null;null;
2007-08-12;null;null;
2007-08-13;null;null;
2007-08-14;null;null;
2007-08-15;null;null;
2007-08-16;null;null;
2007-08-17;null;null;
2007-08-18;null;null;
2007-08-19;null;null;
2007-08-20;null;null;
2007-08-21;null;null;
2007-08-22;null;null;
2007-08-23;null;null;
2007-08-24;null;null;
2007-08-25;null;null;
2007-08-26;null;null;
2007-08-27;null;null;
2007-08-28;null;null;
2007-08-29;null;null;
2007-08-30;null;null;
2007-08-31;null;null;
2007-09-01;null;null;
2007-09-02;null;null;
2007-09-03;null;null;
2007-09-04;null;null;
2007-09-05;null;null;
2007-09-06;null;null;
2007-09-07;null;null;
2007-09-08;null;null;
2007-09-09;null;null;
2007-09-10;null;null;
2007-09-11;null;null;
2007-09-12;null;null;
2007-09-13;null;null;
2007-09-14;null;null;
2007-09-15;null;null;
2007-09-16;null;null;
2007-09-17;null;null;
2007-09-18;null;null;
2007-09-19;null;null;
2007-09-20;null;null;
2007-09-21;null;null;
2007-09-22;null;null;
2007-09-23;null;null;
2007-09-24;null;null;
2007-09-25;null;null;
2007-09-26;null;null;
2007-09-27;null;null;
2007-09-28;null;null;
2007-09-29;null;null;
2007-09-30;null;null;
2007-10-01;null;null;
2007-10-02;null;null;
2007-10-03;null;null;
2007-10-04;null;null;
2007-10-05;null;null;
2007-10-06;null;null;
2007-10-07;null;null;
2007-10-08;null;null;
2007-10-09;null;null;
2007-10-10;null;null;
2007-10-11;null;null;
2007-10-12;null;null;
2007-10-13;null;null;
2007-10-14;null;null;
2007-10-15;null;null;
2007-10-16;null;null;
2007-10-17;null;null;
2007-10-18;null;null;
2007-10-19;null;null;
2007-10-20;null;null;
2007-10-21;null;null;
2007-10-22;null;null;
2007-10-23;null;null;
2007-10-24;null;null;
2007-10-25;null;null;
2007-10-26;null;null;
2007-10-27;null;null;
2007-10-28;null;null;
2007-10-29;null;null;
2007-10-30;null;null;
2007-10-31;null;null;
2007-11-01;null;null;
2007-11-02;null;null;
2007-11-03;null;null;
2007-11-04;null;null;
2007-11-05;null;null;
2007-11-06;null;null;
2007-11-07;null;null;
2007-11-08;null;null;
2007-11-09;null;null;
2007-11-10;null;null;
2007-11-11;null;null;
2007-11-12;null;null;
2007-11-13;null;null;
2007-11-14;null;null;
2007-11-15;null;null;
2007-11-16;null;null;
2007-11-17;null;null;
2007-11-18;null;null;
2007-11-19;null;null;
2007-11-20;null;null;
2007-11-21;null;null;
2007-11-22;null;null;
2007-11-23;null;null;
2007-11-24;null;null;
2007-11-25;null;null;
2007-11-26;null;null;
2007-11-27;null;null;
2007-11-28;null;null;
2007-11-29;null;null;
2007-11-30;null;null;
2007-12-01;null;null;
2007-12-02;null;null;
2007-12-03;null;null;
2007-12-04;null;null;
2007-12-05;null;null;
2007-12-06;null;null;
2007-12-07;null;null;
2007-12-08;null;null;
2007-12-09;null;null;
2007-12-10;null;null;
2007-12-11;null;null;
2007-12-12;null;null;
2007-12-13;null;null;
2007-12-14;null;null;
2007-12-15;null;null;
2007-12-16;null;null;
2007-12-17;null;null;
2007-12-18;null;null;
2007-12-19;null;null;
2007-12-20;null;null;
2007-12-21;null;null;
2007-12-22;null;null;
2007-12-23;null;null;
2007-12-24;null;null;
2007-12-25;null;null;
2007-12-26;null;null;
2007-12-27;null;null;
2007-12-28;null;null;
2007-12-29;null;null;
2007-12-30;null;null;
2007-12-31;null;null;
2008-01-01;null;null;
2008-01-02;null;null;
2008-01-03;null;null;
2008-01-04;null;null;
2008-01-05;null;null;
2008-01-06;null;null;
2008-01-07;null;null;
2008-01-08;null;null;
2008-01-09;null;null;
2008-01-10;null;null;
2008-01-11;null;null;
2008-01-12;null;null;
2008-01-13;null;null;
2008-01-14;null;null;
2008-01-15;null;null;
2008-01-16;null;null;
2008-01-17;null;null;
2008-01-18;null;null;
2008-01-19;null;null;
2008-01-20;null;null;
2008-01-21;null;null;
2008-01-22;null;null;
2008-01-23;null;null;
2008-01-24;null;null;
2008-01-25;null;null;
2008-01-26;null;null;
2008-01-27;null;null;
2008-01-28;null;null;
2008-01-29;null;null;
2008-01-30;null;null;
2008-01-31;null;null;
2008-02-01;null;null;
2008-02-02;null;null;
2008-02-03;null;null;
2008-02-04;null;null;
2008-02-05;null;null;
2008-02-06;null;null;
2008-02-07;null;null;
2008-02-08;null;null;
2008-02-09;null;null;
2008-02-10;null;null;
2008-02-11;null;null;
2008-02-12;null;null;
2008-02-13;null;null;
2008-02-14;null;null;
2008-02-15;null;null;
2008-02-16;null;null;
2008-02-17;null;null;
2008-02-18;null;null;
2008-02-19;null;null;
2008-02-20;null;null;
2008-02-21;null;null;
2008-02-22;null;null;
2008-02-23;null;null;
2008-02-24;null;null;
2008-02-25;null;null;
2008-02-26;null;null;
2008-02-27;null;null;
2008-02-28;null;null;
2008-02-29;null;null;
2008-03-01;null;null;
2008-03-02;null;null;
2008-03-03;null;null;
2008-03-04;null;null;
2008-03-05;null;null;
2008-03-06;null;null;
2008-03-07;null;null;
2008-03-08;null;null;
2008-03-09;null;null;
2008-03-10;null;null;
2008-03-11;null;null;
2008-03-12;null;null;
2008-03-13;null;null;
2008-03-14;null;null;
2008-03-15;null;null;
2008-03-16;null;null;
2008-03-17;null;null;
2008-03-18;null;null;
2008-03-19;null;null;
2008-03-20;null;null;
2008-03-21;null;null;
2008-03-22;null;null;
2008-03-23;null;null;
2008-03-24;null;null;
2008-03-25;null;null;
2008-03-26;null;null;
2008-03-27;null;null;
2008-03-28;null;null;
2008-03-29;null;null;
2008-03-30;null;null;
2008-03-31;null;null;
2008-04-01;null;null;
2008-04-02;null;null;
2008-04-03;null;null;
2008-04-04;null;null;
2008-04-05;null;null;
2008-04-06;null;null;
2008-04-07;null;null;
2008-04-08;null;null;
2008-04-09;null;null;
2008-04-10;null;null;
2008-04-11;null;null;
2008-04-12;null;null;
2008-04-13;null;null;
2008-04-14;null;null;
2008-04-15;null;null;
2008-04-16;null;null;
2008-04-17;null;null;
2008-04-18;null;null;
2008-04-19;null;null;
2008-04-20;null;null;
2008-04-21;null;null;
2008-04-22;null;null;
2008-04-23;null;null;
2008-04-24;null;null;
2008-04-25;null;null;
2008-04-26;null;null;
2008-04-27;null;null;
2008-04-28;null;null;
2008-04-29;null;null;
2008-04-30;null;null;
2008-05-01;null;null;
2008-05-02;null;null;
2008-05-03;null;null;
2008-05-04;null;null;
2008-05-05;null;null;
2008-05-06;null;null;
2008-05-07;null;null;
2008-05-08;null;null;
2008-05-09;null;null;
2008-05-10;null;null;
2008-05-11;null;null;
2008-05-12;null;null;
2008-05-13;null;null;
2008-05-14;null;null;
2008-05-15;null;null;
2008-05-16;null;null;
2008-05-17;null;null;
2008-05-18;null;null;
2008-05-19;null;null;
2008-05-20;null;null;
2008-05-21;null;null;
2008-05-22;null;null;
2008-05-23;null;null;
2008-05-24;null;null;
2008-05-25;null;null;
2008-05-26;null;null;
2008-05-27;null;null;
2008-05-28;null;null;
2008-05-29;null;null;
2008-05-30;null;null;
2008-05-31;null;null;
2008-06-01;null;null;
2008-06-02;null;null;
2008-06-03;null;null;
2008-06-04;null;null;
2008-06-05;null;null;
2008-06-06;null;null;
2008-06-07;null;null;
2008-06-08;null;null;
2008-06-09;null;null;
2008-06-10;null;null;
2008-06-11;null;null;
2008-06-12;null;null;
2008-06-13;null;null;
2008-06-14;null;null;
2008-06-15;null;null;
2008-06-16;null;null;
2008-06-17;null;null;
2008-06-18;null;null;
2008-06-19;null;null;
2008-06-20;null;null;
2008-06-21;null;null;
2008-06-22;null;null;
2008-06-23;null;null;
2008-06-24;null;null;
2008-06-25;null;null;
2008-06-26;null;null;
2008-06-27;null;null;
2008-06-28;null;null;
2008-06-29;null;null;
2008-06-30;null;null;
2008-07-01;null;null;
2008-07-02;null;null;
2008-07-03;null;null;
2008-07-04;null;null;
2008-07-05;null;null;
2008-07-06;null;null;
2008-07-07;null;null;
2008-07-08;null;null;
2008-07-09;null;null;
2008-07-10;null;null;
2008-07-11;null;null;
2008-07-12;null;null;
2008-07-13;null;null;
2008-07-14;null;null;
2008-07-15;null;null;
2008-07-16;null;null;
2008-07-17;null;null;
2008-07-18;null;null;
2008-07-19;null;null;
2008-07-20;null;null;
2008-07-21;null;null;
2008-07-22;null;null;
2008-07-23;null;null;
2008-07-24;null;null;
2008-07-25;null;null;
2008-07-26;null;null;
2008-07-27;null;null;
2008-07-28;null;null;
2008-07-29;null;null;
2008-07-30;null;null;
2008-07-31;null;null;
2008-08-01;null;null;
2008-08-02;null;null;
2008-08-03;null;null;
2008-08-04;null;null;
2008-08-05;null;null;
2008-08-06;null;null;
2008-08-07;null;null;
2008-08-08;null;null;
2008-08-09;null;null;
2008-08-10;null;null;
2008-08-11;null;null;
2008-08-12;null;null;
2008-08-13;null;null;
2008-08-14;null;null;
2008-08-15;null;null;
2008-08-16;null;null;
2008-08-17;null;null;
2008-08-18;null;null;
2008-08-19;null;null;
2008-08-20;null;null;
2008-08-21;null;null;
2008-08-22;null;null;
2008-08-23;null;null;
2008-08-24;null;null;
2008-08-25;null;null;
2008-08-26;null;null;
2008-08-27;null;null;
2008-08-28;null;null;
2008-08-29;null;null;
2008-08-30;null;null;
2008-08-31;null;null;
2008-09-01;null;null;
2008-09-02;null;null;
2008-09-03;null;null;
2008-09-04;null;null;
2008-09-05;null;null;
2008-09-06;null;null;
2008-09-07;null;null;
2008-09-08;null;null;
2008-09-09;null;null;
2008-09-10;null;null;
2008-09-11;null;null;
2008-09-12;null;null;
2008-09-13;null;null;
2008-09-14;null;null;
2008-09-15;null;null;
2008-09-16;null;null;
2008-09-17;null;null;
2008-09-18;null;null;
2008-09-19;null;null;
2008-09-20;null;null;
2008-09-21;null;null;
2008-09-22;null;null;
2008-09-23;null;null;
2008-09-24;null;null;
2008-09-25;null;null;
2008-09-26;null;null;
2008-09-27;null;null;
2008-09-28;null;null;
2008-09-29;null;null;
2008-09-30;null;null;
2008-10-01;null;null;
2008-10-02;null;null;
2008-10-03;null;null;
2008-10-04;null;null;
2008-10-05;null;null;
2008-10-06;null;null;
2008-10-07;null;null;
2008-10-08;null;null;
2008-10-09;null;null;
2008-10-10;null;null;
2008-10-11;null;null;
2008-10-12;null;null;
2008-10-13;null;null;
2008-10-14;null;null;
2008-10-15;null;null;
2008-10-16;null;null;
2008-10-17;null;null;
2008-10-18;null;null;
2008-10-19;null;null;
2008-10-20;null;null;
2008-10-21;null;null;
2008-10-22;null;null;
2008-10-23;null;null;
2008-10-24;null;null;
2008-10-25;null;null;
2008-10-26;null;null;
2008-10-27;null;null;
2008-10-28;null;null;
2008-10-29;null;null;
2008-10-30;null;null;
2008-10-31;null;null;
2008-11-01;null;null;
2008-11-02;null;null;
2008-11-03;null;null;
2008-11-04;null;null;
2008-11-05;null;null;
2008-11-06;null;null;
2008-11-07;null;null;
2008-11-08;null;null;
2008-11-09;null;null;
2008-11-10;null;null;
2008-11-11;null;null;
2008-11-12;null;null;
2008-11-13;null;null;
2008-11-14;null;null;
2008-11-15;null;null;
2008-11-16;null;null;
2008-11-17;null;null;
2008-11-18;null;null;
2008-11-19;null;null;
2008-11-20;null;null;
2008-11-21;null;null;
2008-11-22;null;null;
2008-11-23;null;null;
2008-11-24;null;null;
2008-11-25;null;null;
2008-11-26;null;null;
2008-11-27;null;null;
2008-11-28;null;null;
2008-11-29;null;null;
2008-11-30;null;null;
2008-12-01;null;null;
2008-12-02;null;null;
2008-12-03;null;null;
2008-12-04;null;null;
2008-12-05;null;null;
2008-12-06;null;null;
2008-12-07;null;null;
2008-12-08;null;null;
2008-12-09;null;null;
2008-12-10;null;null;
2008-12-11;null;null;
2008-12-12;null;null;
2008-12-13;null;null;
2008-12-14;null;null;
2008-12-15;null;null;
2008-12-16;null;null;
2008-12-17;null;null;
2008-12-18;null;null;
2008-12-19;null;null;
2008-12-20;null;null;
2008-12-21;null;null;
2008-12-22;null;null;
2008-12-23;null;null;
2008-12-24;null;null;
2008-12-25;null;null;
2008-12-26;null;null;
2008-12-27;null;null;
2008-12-28;null;null;
2008-12-29;null;null;
2008-12-30;null;null;
2008-12-31;null;null;
2009-01-01;null;null;
2009-01-02;null;null;
2009-01-03;null;null;
2009-01-04;null;null;
2009-01-05;null;null;
2009-01-06;null;null;
2009-01-07;null;null;
2009-01-08;null;null;
2009-01-09;null;null;
2009-01-10;null;null;
2009-01-11;null;null;
2009-01-12;null;null;
2009-01-13;null;null;
2009-01-14;null;null;
2009-01-15;null;null;
2009-01-16;null;null;
2009-01-17;null;null;
2009-01-18;null;null;
2009-01-19;null;null;
2009-01-20;null;null;
2009-01-21;null;null;
2009-01-22;null;null;
2009-01-23;null;null;
2009-01-24;null;null;
2009-01-25;null;null;
2009-01-26;null;null;
2009-01-27;null;null;
2009-01-28;null;null;
2009-01-29;null;null;
2009-01-30;null;null;
2009-01-31;null;null;
2009-02-01;null;null;
2009-02-02;null;null;
2009-02-03;null;null;
2009-02-04;null;null;
2009-02-05;null;null;
2009-02-06;null;null;
2009-02-07;null;null;
2009-02-08;null;null;
2009-02-09;null;null;
2009-02-10;null;null;
2009-02-11;null;null;
2009-02-12;null;null;
2009-02-13;null;null;
2009-02-14;null;null;
2009-02-15;null;null;
2009-02-16;null;null;
2009-02-17;null;null;
2009-02-18;null;null;
2009-02-19;null;null;
2009-02-20;null;null;
2009-02-21;null;null;
2009-02-22;null;null;
2009-02-23;null;null;
2009-02-24;null;null;
2009-02-25;null;null;
2009-02-26;null;null;
2009-02-27;null;null;
2009-02-28;null;null;
2009-03-01;null;null;
2009-03-02;null;null;
2009-03-03;null;null;
2009-03-04;null;null;
2009-03-05;null;null;
2009-03-06;null;null;
2009-03-07;null;null;
2009-03-08;null;null;
2009-03-09;null;null;
2009-03-10;null;null;
2009-03-11;null;null;
2009-03-12;null;null;
2009-03-13;null;null;
2009-03-14;null;null;
2009-03-15;null;null;
2009-03-16;null;null;
2009-03-17;null;null;
2009-03-18;null;null;
2009-03-19;null;null;
2009-03-20;null;null;
2009-03-21;null;null;
2009-03-22;null;null;
2009-03-23;null;null;
2009-03-24;null;null;
2009-03-25;null;null;
2009-03-26;null;null;
2009-03-27;null;null;
2009-03-28;null;null;
2009-03-29;null;null;
2009-03-30;null;null;
2009-03-31;null;null;
2009-04-01;null;null;
2009-04-02;null;null;
2009-04-03;null;null;
2009-04-04;null;null;
2009-04-05;null;null;
2009-04-06;null;null;
2009-04-07;null;null;
2009-04-08;null;null;
2009-04-09;null;null;
2009-04-10;null;null;
2009-04-11;null;null;
2009-04-12;null;null;
2009-04-13;null;null;
2009-04-14;null;null;
2009-04-15;null;null;
2009-04-16;null;null;
2009-04-17;null;null;
2009-04-18;null;null;
2009-04-19;null;null;
2009-04-20;null;null;
2009-04-21;null;null;
2009-04-22;null;null;
2009-04-23;null;null;
2009-04-24;null;null;
2009-04-25;null;null;
2009-04-26;null;null;
2009-04-27;null;null;
2009-04-28;null;null;
2009-04-29;null;null;
2009-04-30;null;null;
2009-05-01;null;null;
2009-05-02;null;null;
2009-05-03;null;null;
2009-05-04;null;null;
2009-05-05;null;null;
2009-05-06;null;null;
2009-05-07;null;null;
2009-05-08;null;null;
2009-05-09;null;null;
2009-05-10;null;null;
2009-05-11;null;null;
2009-05-12;null;null;
2009-05-13;null;null;
2009-05-14;null;null;
2009-05-15;null;null;
2009-05-16;null;null;
2009-05-17;null;null;
2009-05-18;null;null;
2009-05-19;null;null;
2009-05-20;null;null;
2009-05-21;null;null;
2009-05-22;null;null;
2009-05-23;null;null;
2009-05-24;null;null;
2009-05-25;null;null;
2009-05-26;null;null;
2009-05-27;null;null;
2009-05-28;null;null;
2009-05-29;null;null;
2009-05-30;null;null;
2009-05-31;null;null;
2009-06-01;null;null;
2009-06-02;null;null;
2009-06-03;null;null;
2009-06-04;null;null;
2009-06-05;null;null;
2009-06-06;null;null;
2009-06-07;null;null;
2009-06-08;null;null;
2009-06-09;null;null;
2009-06-10;null;null;
2009-06-11;null;null;
2009-06-12;null;null;
2009-06-13;null;null;
2009-06-14;null;null;
2009-06-15;null;null;
2009-06-16;null;null;
2009-06-17;null;null;
2009-06-18;null;null;
2009-06-19;null;null;
2009-06-20;null;null;
2009-06-21;null;null;
2009-06-22;null;null;
2009-06-23;null;null;
2009-06-24;null;null;
2009-06-25;null;null;
2009-06-26;null;null;
2009-06-27;null;null;
2009-06-28;null;null;
2009-06-29;null;null;
2009-06-30;null;null;
2009-07-01;null;null;
2009-07-02;null;null;
2009-07-03;null;null;
2009-07-04;null;null;
2009-07-05;null;null;
2009-07-06;null;null;
2009-07-07;null;null;
2009-07-08;null;null;
2009-07-09;null;null;
2009-07-10;null;null;
2009-07-11;null;null;
2009-07-12;null;null;
2009-07-13;null;null;
2009-07-14;null;null;
2009-07-15;null;null;
2009-07-16;null;null;
2009-07-17;null;null;
2009-07-18;null;null;
2009-07-19;null;null;
2009-07-20;null;null;
2009-07-21;null;null;
2009-07-22;null;null;
2009-07-23;null;null;
2009-07-24;null;null;
2009-07-25;null;null;
2009-07-26;null;null;
2009-07-27;null;null;
2009-07-28;null;null;
2009-07-29;null;null;
2009-07-30;null;null;
2009-07-31;null;null;
2009-08-01;null;null;
2009-08-02;null;null;
2009-08-03;null;null;
2009-08-04;null;null;
2009-08-05;null;null;
2009-08-06;null;null;
2009-08-07;null;null;
2009-08-08;null;null;
2009-08-09;null;null;
2009-08-10;null;null;
2009-08-11;null;null;
2009-08-12;null;null;
2009-08-13;null;null;
2009-08-14;null;null;
2009-08-15;null;null;
2009-08-16;null;null;
2009-08-17;null;null;
2009-08-18;null;null;
2009-08-19;null;null;
2009-08-20;null;null;
2009-08-21;null;null;
2009-08-22;null;null;
2009-08-23;null;null;
2009-08-24;null;null;
2009-08-25;null;null;
2009-08-26;null;null;
2009-08-27;null;null;
2009-08-28;null;null;
2009-08-29;null;null;
2009-08-30;null;null;
2009-08-31;null;null;
2009-09-01;null;null;
2009-09-02;null;null;
2009-09-03;null;null;
2009-09-04;null;null;
2009-09-05;null;null;
2009-09-06;null;null;
2009-09-07;null;null;
2009-09-08;null;null;
2009-09-09;null;null;
2009-09-10;null;null;
2009-09-11;null;null;
2009-09-12;null;null;
2009-09-13;null;null;
2009-09-14;null;null;
2009-09-15;null;null;
2009-09-16;null;null;
2009-09-17;null;null;
2009-09-18;null;null;
2009-09-19;null;null;
2009-09-20;null;null;
2009-09-21;null;null;
2009-09-22;null;null;
2009-09-23;null;null;
2009-09-24;null;null;
2009-09-25;null;null;
2009-09-26;null;null;
2009-09-27;null;null;
2009-09-28;null;null;
2009-09-29;null;null;
2009-09-30;null;null;
2009-10-01;null;null;
2009-10-02;null;null;
2009-10-03;null;null;
2009-10-04;null;null;
2009-10-05;null;null;
2009-10-06;null;null;
2009-10-07;null;null;
2009-10-08;null;null;
2009-10-09;null;null;
2009-10-10;null;null;
2009-10-11;null;null;
2009-10-12;null;null;
2009-10-13;null;null;
2009-10-14;null;null;
2009-10-15;null;null;
2009-10-16;null;null;
2009-10-17;null;null;
2009-10-18;null;null;
2009-10-19;null;null;
2009-10-20;null;null;
2009-10-21;null;null;
2009-10-22;null;null;
2009-10-23;null;null;
2009-10-24;null;null;
2009-10-25;null;null;
2009-10-26;null;null;
2009-10-27;null;null;
2009-10-28;null;null;
2009-10-29;null;null;
2009-10-30;null;null;
2009-10-31;null;null;
2009-11-01;null;null;
2009-11-02;null;null;
2009-11-03;null;null;
2009-11-04;null;null;
2009-11-05;null;null;
2009-11-06;null;null;
2009-11-07;null;null;
2009-11-08;null;null;
2009-11-09;null;null;
2009-11-10;null;null;
2009-11-11;null;null;
2009-11-12;null;null;
2009-11-13;null;null;
2009-11-14;null;null;
2009-11-15;null;null;
2009-11-16;null;null;
2009-11-17;null;null;
2009-11-18;null;null;
2009-11-19;null;null;
2009-11-20;null;null;
2009-11-21;null;null;
2009-11-22;null;null;
2009-11-23;null;null;
2009-11-24;null;null;
2009-11-25;null;null;
2009-11-26;null;null;
2009-11-27;null;null;
2009-11-28;null;null;
2009-11-29;null;null;
2009-11-30;null;null;
2009-12-01;null;null;
2009-12-02;null;null;
2009-12-03;null;null;
2009-12-04;null;null;
2009-12-05;null;null;
2009-12-06;null;null;
2009-12-07;null;null;
2009-12-08;null;null;
2009-12-09;null;null;
2009-12-10;null;null;
2009-12-11;null;null;
2009-12-12;null;null;
2009-12-13;null;null;
2009-12-14;null;null;
2009-12-15;null;null;
2009-12-16;null;null;
2009-12-17;null;null;
2009-12-18;null;null;
2009-12-19;null;null;
2009-12-20;null;null;
2009-12-21;null;null;
2009-12-22;null;null;
2009-12-23;null;null;
2009-12-24;null;null;
2009-12-25;null;null;
2009-12-26;null;null;
2009-12-27;null;null;
2009-12-28;null;null;
2009-12-29;null;null;
2009-12-30;null;null;
2009-12-31;null;null;
2010-01-01;null;null;
2010-01-02;null;null;
2010-01-03;null;null;
2010-01-04;null;null;
2010-01-05;null;null;
2010-01-06;null;null;
2010-01-07;null;null;
2010-01-08;null;null;
2010-01-09;null;null;
2010-01-10;null;null;
2010-01-11;null;null;
2010-01-12;null;null;
2010-01-13;null;null;
2010-01-14;null;null;
2010-01-15;null;null;
2010-01-16;null;null;
2010-01-17;null;null;
2010-01-18;null;null;
2010-01-19;null;null;
2010-01-20;null;null;
2010-01-21;null;null;
2010-01-22;null;null;
2010-01-23;null;null;
2010-01-24;null;null;
2010-01-25;null;null;
2010-01-26;null;null;
2010-01-27;null;null;
2010-01-28;null;null;
2010-01-29;null;null;
2010-01-30;null;null;
2010-01-31;null;null;
2010-02-01;null;null;
2010-02-02;null;null;
2010-02-03;null;null;
2010-02-04;null;null;
2010-02-05;null;null;
2010-02-06;null;null;
2010-02-07;null;null;
2010-02-08;null;null;
2010-02-09;null;null;
2010-02-10;null;null;
2010-02-11;null;null;
2010-02-12;null;null;
2010-02-13;null;null;
2010-02-14;null;null;
2010-02-15;null;null;
2010-02-16;null;null;
2010-02-17;null;null;
2010-02-18;null;null;
2010-02-19;null;null;
2010-02-20;null;null;
2010-02-21;null;null;
2010-02-22;null;null;
2010-02-23;null;null;
2010-02-24;null;null;
2010-02-25;null;null;
2010-02-26;null;null;
2010-02-27;null;null;
2010-02-28;null;null;
2010-03-01;null;null;
2010-03-02;null;null;
2010-03-03;null;null;
2010-03-04;null;null;
2010-03-05;null;null;
2010-03-06;null;null;
2010-03-07;null;null;
2010-03-08;null;null;
2010-03-09;null;null;
2010-03-10;null;null;
2010-03-11;null;null;
2010-03-12;null;null;
2010-03-13;null;null;
2010-03-14;null;null;
2010-03-15;null;null;
2010-03-16;null;null;
2010-03-17;null;null;
2010-03-18;null;null;
2010-03-19;null;null;
2010-03-20;null;null;
2010-03-21;null;null;
2010-03-22;null;null;
2010-03-23;null;null;
2010-03-24;null;null;
2010-03-25;null;null;
2010-03-26;null;null;
2010-03-27;null;null;
2010-03-28;null;null;
2010-03-29;null;null;
2010-03-30;null;null;
2010-03-31;null;null;
2010-04-01;null;null;
2010-04-02;null;null;
2010-04-03;null;null;
2010-04-04;null;null;
2010-04-05;null;null;
2010-04-06;null;null;
2010-04-07;null;null;
2010-04-08;null;null;
2010-04-09;null;null;
2010-04-10;null;null;
2010-04-11;null;null;
2010-04-12;null;null;
2010-04-13;null;null;
2010-04-14;null;null;
2010-04-15;null;null;
2010-04-16;null;null;
2010-04-17;null;null;
2010-04-18;null;null;
2010-04-19;null;null;
2010-04-20;null;null;
2010-04-21;null;null;
2010-04-22;null;null;
2010-04-23;null;null;
2010-04-24;null;null;
2010-04-25;null;null;
2010-04-26;null;null;
2010-04-27;null;null;
2010-04-28;null;null;
2010-04-29;null;null;
2010-04-30;null;null;
2010-05-01;null;null;
2010-05-02;null;null;
2010-05-03;null;null;
2010-05-04;null;null;
2010-05-05;null;null;
2010-05-06;null;null;
2010-05-07;null;null;
2010-05-08;null;null;
2010-05-09;null;null;
2010-05-10;null;null;
2010-05-11;null;null;
2010-05-12;null;null;
2010-05-13;null;null;
2010-05-14;null;null;
2010-05-15;null;null;
2010-05-16;null;null;
2010-05-17;null;null;
2010-05-18;null;null;
2010-05-19;null;null;
2010-05-20;null;null;
2010-05-21;null;null;
2010-05-22;null;null;
2010-05-23;null;null;
2010-05-24;null;null;
2010-05-25;null;null;
2010-05-26;null;null;
2010-05-27;null;null;
2010-05-28;null;null;
2010-05-29;null;null;
2010-05-30;null;null;
2010-05-31;null;null;
2010-06-01;null;null;
2010-06-02;null;null;
2010-06-03;null;null;
2010-06-04;null;null;
2010-06-05;null;null;
2010-06-06;null;null;
2010-06-07;null;null;
2010-06-08;null;null;
2010-06-09;null;null;
2010-06-10;null;null;
2010-06-11;null;null;
2010-06-12;null;null;
2010-06-13;null;null;
2010-06-14;null;null;
2010-06-15;null;null;
2010-06-16;null;null;
2010-06-17;null;null;
2010-06-18;null;null;
2010-06-19;null;null;
2010-06-20;null;null;
2010-06-21;null;null;
2010-06-22;null;null;
2010-06-23;null;null;
2010-06-24;null;null;
2010-06-25;null;null;
2010-06-26;null;null;
2010-06-27;null;null;
2010-06-28;null;null;
2010-06-29;null;null;
2010-06-30;null;null;
2010-07-01;null;null;
2010-07-02;null;null;
2010-07-03;null;null;
2010-07-04;null;null;
2010-07-05;null;null;
2010-07-06;null;null;
2010-07-07;null;null;
2010-07-08;null;null;
2010-07-09;null;null;
2010-07-10;null;null;
2010-07-11;null;null;
2010-07-12;null;null;
2010-07-13;null;null;
2010-07-14;null;null;
2010-07-15;null;null;
2010-07-16;null;null;
2010-07-17;null;null;
2010-07-18;null;null;
2010-07-19;null;null;
2010-07-20;null;null;
2010-07-21;null;null;
2010-07-22;null;null;
2010-07-23;null;null;
2010-07-24;null;null;
2010-07-25;null;null;
2010-07-26;null;null;
2010-07-27;null;null;
2010-07-28;null;null;
2010-07-29;null;null;
2010-07-30;null;null;
2010-07-31;null;null;
2010-08-01;null;null;
2010-08-02;null;null;
2010-08-03;null;null;
2010-08-04;null;null;
2010-08-05;null;null;
2010-08-06;null;null;
2010-08-07;null;null;
2010-08-08;null;null;
2010-08-09;null;null;
2010-08-10;null;null;
2010-08-11;null;null;
2010-08-12;null;null;
2010-08-13;null;null;
2010-08-14;null;null;
2010-08-15;null;null;
2010-08-16;null;null;
2010-08-17;null;null;
2010-08-18;null;null;
2010-08-19;null;null;
2010-08-20;null;null;
2010-08-21;null;null;
2010-08-22;null;null;
2010-08-23;null;null;
2010-08-24;null;null;
2010-08-25;null;null;
2010-08-26;null;null;
2010-08-27;null;null;
2010-08-28;null;null;
2010-08-29;null;null;
2010-08-30;null;null;
2010-08-31;null;null;
2010-09-01;null;null;
2010-09-02;null;null;
2010-09-03;null;null;
2010-09-04;null;null;
2010-09-05;null;null;
2010-09-06;null;null;
2010-09-07;null;null;
2010-09-08;null;null;
2010-09-09;null;null;
2010-09-10;null;null;
2010-09-11;null;null;
2010-09-12;null;null;
2010-09-13;null;null;
2010-09-14;null;null;
2010-09-15;null;null;
2010-09-16;null;null;
2010-09-17;null;null;
2010-09-18;null;null;
2010-09-19;null;null;
2010-09-20;null;null;
2010-09-21;null;null;
2010-09-22;null;null;
2010-09-23;null;null;
2010-09-24;null;null;
2010-09-25;null;null;
2010-09-26;null;null;
2010-09-27;null;null;
2010-09-28;null;null;
2010-09-29;null;null;
2010-09-30;null;null;
2010-10-01;null;null;
2010-10-02;null;null;
2010-10-03;null;null;
2010-10-04;null;null;
2010-10-05;null;null;
2010-10-06;null;null;
2010-10-07;null;null;
2010-10-08;null;null;
2010-10-09;null;null;
2010-10-10;null;null;
2010-10-11;null;null;
2010-10-12;null;null;
2010-10-13;null;null;
2010-10-14;null;null;
2010-10-15;null;null;
2010-10-16;null;null;
2010-10-17;null;null;
2010-10-18;null;null;
2010-10-19;null;null;
2010-10-20;null;null;
2010-10-21;null;null;
2010-10-22;null;null;
2010-10-23;null;null;
2010-10-24;null;null;
2010-10-25;null;null;
2010-10-26;null;null;
2010-10-27;null;null;
2010-10-28;null;null;
2010-10-29;null;null;
2010-10-30;null;null;
2010-10-31;null;null;
2010-11-01;null;null;
2010-11-02;null;null;
2010-11-03;null;null;
2010-11-04;null;null;
2010-11-05;null;null;
2010-11-06;null;null;
2010-11-07;null;null;
2010-11-08;null;null;
2010-11-09;null;null;
2010-11-10;null;null;
2010-11-11;null;null;
2010-11-12;null;null;
2010-11-13;null;null;
2010-11-14;null;null;
2010-11-15;null;null;
2010-11-16;null;null;
2010-11-17;null;null;
2010-11-18;null;null;
2010-11-19;null;null;
2010-11-20;null;null;
2010-11-21;null;null;
2010-11-22;null;null;
2010-11-23;null;null;
2010-11-24;null;null;
2010-11-25;null;null;
2010-11-26;null;null;
2010-11-27;null;null;
2010-11-28;null;null;
2010-11-29;null;null;
2010-11-30;null;null;
2010-12-01;null;null;
2010-12-02;null;null;
2010-12-03;null;null;
2010-12-04;null;null;
2010-12-05;null;null;
2010-12-06;null;null;
2010-12-07;null;null;
2010-12-08;null;null;
2010-12-09;null;null;
2010-12-10;null;null;
2010-12-11;null;null;
2010-12-12;null;null;
2010-12-13;null;null;
2010-12-14;null;null;
2010-12-15;null;null;
2010-12-16;null;null;
2010-12-17;null;null;
2010-12-18;null;null;
2010-12-19;null;null;
2010-12-20;null;null;
2010-12-21;null;null;
2010-12-22;null;null;
2010-12-23;null;null;
2010-12-24;null;null;
2010-12-25;null;null;
2010-12-26;null;null;
2010-12-27;null;null;
2010-12-28;null;null;
2010-12-29;null;null;
2010-12-30;null;null;
2010-12-31;null;null;
2011-01-01;null;null;
2011-01-02;null;null;
2011-01-03;null;null;
2011-01-04;null;null;
2011-01-05;null;null;
2011-01-06;null;null;
2011-01-07;null;null;
2011-01-08;null;null;
2011-01-09;null;null;
2011-01-10;null;null;
2011-01-11;null;null;
2011-01-12;null;null;
2011-01-13;null;null;
2011-01-14;null;null;
2011-01-15;null;null;
2011-01-16;null;null;
2011-01-17;null;null;
2011-01-18;null;null;
2011-01-19;null;null;
2011-01-20;null;null;
2011-01-21;null;null;
2011-01-22;null;null;
2011-01-23;null;null;
2011-01-24;null;null;
2011-01-25;null;null;
2011-01-26;null;null;
2011-01-27;null;null;
2011-01-28;null;null;
2011-01-29;null;null;
2011-01-30;null;null;
2011-01-31;null;null;
2011-02-01;null;null;
2011-02-02;null;null;
2011-02-03;null;null;
2011-02-04;null;null;
2011-02-05;null;null;
2011-02-06;null;null;
2011-02-07;null;null;
2011-02-08;null;null;
2011-02-09;null;null;
2011-02-10;null;null;
2011-02-11;null;null;
2011-02-12;null;null;
2011-02-13;null;null;
2011-02-14;null;null;
2011-02-15;null;null;
2011-02-16;null;null;
2011-02-17;null;null;
2011-02-18;null;null;
2011-02-19;null;null;
2011-02-20;null;null;
2011-02-21;null;null;
2011-02-22;null;null;
2011-02-23;null;null;
2011-02-24;null;null;
2011-02-25;null;null;
2011-02-26;null;null;
2011-02-27;null;null;
2011-02-28;null;null;
2011-03-01;null;null;
2011-03-02;null;null;
2011-03-03;null;null;
2011-03-04;null;null;
2011-03-05;null;null;
2011-03-06;null;null;
2011-03-07;null;null;
2011-03-08;null;null;
2011-03-09;null;null;
2011-03-10;null;null;
2011-03-11;null;null;
2011-03-12;null;null;
2011-03-13;null;null;
2011-03-14;null;null;
2011-03-15;null;null;
2011-03-16;null;null;
2011-03-17;null;null;
2011-03-18;null;null;
2011-03-19;null;null;
2011-03-20;null;null;
2011-03-21;null;null;
2011-03-22;null;null;
2011-03-23;null;null;
2011-03-24;null;null;
2011-03-25;null;null;
2011-03-26;null;null;
2011-03-27;null;null;
2011-03-28;null;null;
2011-03-29;null;null;
2011-03-30;null;null;
2011-03-31;null;null;
2011-04-01;null;null;
2011-04-02;null;null;
2011-04-03;null;null;
2011-04-04;null;null;
2011-04-05;null;null;
2011-04-06;null;null;
2011-04-07;null;null;
2011-04-08;null;null;
2011-04-09;null;null;
2011-04-10;null;null;
2011-04-11;null;null;
2011-04-12;null;null;
2011-04-13;null;null;
2011-04-14;null;null;
2011-04-15;null;null;
2011-04-16;null;null;
2011-04-17;null;null;
2011-04-18;null;null;
2011-04-19;null;null;
2011-04-20;null;null;
2011-04-21;null;null;
2011-04-22;null;null;
2011-04-23;null;null;
2011-04-24;null;null;
2011-04-25;null;null;
2011-04-26;null;null;
2011-04-27;null;null;
2011-04-28;null;null;
2011-04-29;null;null;
2011-04-30;null;null;
2011-05-01;null;null;
2011-05-02;null;null;
2011-05-03;null;null;
2011-05-04;null;null;
2011-05-05;null;null;
2011-05-06;null;null;
2011-05-07;null;null;
2011-05-08;null;null;
2011-05-09;null;null;
2011-05-10;null;null;
2011-05-11;null;null;
2011-05-12;null;null;
2011-05-13;null;null;
2011-05-14;null;null;
2011-05-15;null;null;
2011-05-16;null;null;
2011-05-17;null;null;
2011-05-18;null;null;
2011-05-19;null;null;
2011-05-20;null;null;
2011-05-21;null;null;
2011-05-22;null;null;
2011-05-23;null;null;
2011-05-24;null;null;
2011-05-25;null;null;
2011-05-26;null;null;
2011-05-27;null;null;
2011-05-28;null;null;
2011-05-29;null;null;
2011-05-30;null;null;
2011-05-31;null;null;
2011-06-01;null;null;
2011-06-02;null;null;
2011-06-03;null;null;
2011-06-04;null;null;
2011-06-05;null;null;
2011-06-06;null;null;
2011-06-07;null;null;
2011-06-08;null;null;
2011-06-09;null;null;
2011-06-10;null;null;
2011-06-11;null;null;
2011-06-12;null;null;
2011-06-13;null;null;
2011-06-14;null;null;
2011-06-15;null;null;
2011-06-16;null;null;
2011-06-17;null;null;
2011-06-18;null;null;
2011-06-19;null;null;
2011-06-20;null;null;
2011-06-21;null;null;
2011-06-22;null;null;
2011-06-23;null;null;
2011-06-24;null;null;
2011-06-25;null;null;
2011-06-26;null;null;
2011-06-27;null;null;
2011-06-28;null;null;
2011-06-29;null;null;
2011-06-30;null;null;
2011-07-01;null;null;
2011-07-02;null;null;
2011-07-03;null;null;
2011-07-04;null;null;
2011-07-05;null;null;
2011-07-06;null;null;
2011-07-07;null;null;
2011-07-08;null;null;
2011-07-09;null;null;
2011-07-10;null;null;
2011-07-11;null;null;
2011-07-12;null;null;
2011-07-13;null;null;
2011-07-14;null;null;
2011-07-15;null;null;
2011-07-16;null;null;
2011-07-17;null;null;
2011-07-18;null;null;
2011-07-19;null;null;
2011-07-20;null;null;
2011-07-21;null;null;
2011-07-22;null;null;
2011-07-23;null;null;
2011-07-24;null;null;
2011-07-25;null;null;
2011-07-26;null;null;
2011-07-27;null;null;
2011-07-28;null;null;
2011-07-29;null;null;
2011-07-30;null;null;
2011-07-31;null;null;
2011-08-01;null;null;
2011-08-02;null;null;
2011-08-03;null;null;
2011-08-04;null;null;
2011-08-05;null;null;
2011-08-06;null;null;
2011-08-07;null;null;
2011-08-08;null;null;
2011-08-09;null;null;
2011-08-10;null;null;
2011-08-11;null;null;
2011-08-12;null;null;
2011-08-13;null;null;
2011-08-14;null;null;
2011-08-15;null;null;
2011-08-16;null;null;
2011-08-17;null;null;
2011-08-18;null;null;
2011-08-19;null;null;
2011-08-20;null;null;
2011-08-21;null;null;
2011-08-22;null;null;
2011-08-23;null;null;
2011-08-24;null;null;
2011-08-25;null;null;
2011-08-26;null;null;
2011-08-27;null;null;
2011-08-28;null;null;
2011-08-29;null;null;
2011-08-30;null;null;
2011-08-31;null;null;
2011-09-01;null;null;
2011-09-02;null;null;
2011-09-03;null;null;
2011-09-04;null;null;
2011-09-05;null;null;
2011-09-06;null;null;
2011-09-07;null;null;
2011-09-08;null;null;
2011-09-09;null;null;
2011-09-10;null;null;
2011-09-11;null;null;
2011-09-12;null;null;
2011-09-13;null;null;
2011-09-14;null;null;
2011-09-15;null;null;
2011-09-16;null;null;
2011-09-17;null;null;
2011-09-18;null;null;
2011-09-19;null;null;
2011-09-20;null;null;
2011-09-21;null;null;
2011-09-22;null;null;
2011-09-23;null;null;
2011-09-24;null;null;
2011-09-25;null;null;
2011-09-26;null;null;
2011-09-27;null;null;
2011-09-28;null;null;
2011-09-29;null;null;
2011-09-30;null;null;
2011-10-01;null;null;
2011-10-02;null;null;
2011-10-03;null;null;
2011-10-04;null;null;
2011-10-05;null;null;
2011-10-06;null;null;
2011-10-07;null;null;
2011-10-08;null;null;
2011-10-09;null;null;
2011-10-10;null;null;
2011-10-11;null;null;
2011-10-12;null;null;
2011-10-13;null;null;
2011-10-14;null;null;
2011-10-15;null;null;
2011-10-16;null;null;
2011-10-17;null;null;
2011-10-18;null;null;
2011-10-19;null;null;
2011-10-20;null;null;
2011-10-21;null;null;
2011-10-22;null;null;
2011-10-23;null;null;
2011-10-24;null;null;
2011-10-25;null;null;
2011-10-26;null;null;
2011-10-27;null;null;
2011-10-28;null;null;
2011-10-29;null;null;
2011-10-30;null;null;
2011-10-31;null;null;
2011-11-01;null;null;
2011-11-02;null;null;
2011-11-03;null;null;
2011-11-04;null;null;
2011-11-05;null;null;
2011-11-06;null;null;
2011-11-07;null;null;
2011-11-08;null;null;
2011-11-09;null;null;
2011-11-10;null;null;
2011-11-11;null;null;
2011-11-12;null;null;
2011-11-13;null;null;
2011-11-14;null;null;
2011-11-15;null;null;
2011-11-16;null;null;
2011-11-17;null;null;
2011-11-18;null;null;
2011-11-19;null;null;
2011-11-20;null;null;
2011-11-21;null;null;
2011-11-22;null;null;
2011-11-23;null;null;
2011-11-24;null;null;
2011-11-25;null;null;
2011-11-26;null;null;
2011-11-27;null;null;
2011-11-28;null;null;
2011-11-29;null;null;
2011-11-30;null;null;
2011-12-01;null;null;
2011-12-02;null;null;
2011-12-03;null;null;
2011-12-04;null;null;
2011-12-05;null;null;
2011-12-06;null;null;
2011-12-07;null;null;
2011-12-08;null;null;
2011-12-09;null;null;
2011-12-10;null;null;
2011-12-11;null;null;
2011-12-12;null;null;
2011-12-13;null;null;
2011-12-14;null;null;
2011-12-15;null;null;
2011-12-16;null;null;
2011-12-17;null;null;
2011-12-18;null;null;
2011-12-19;null;null;
2011-12-20;null;null;
2011-12-21;null;null;
2011-12-22;null;null;
2011-12-23;null;null;
2011-12-24;null;null;
2011-12-25;null;null;
2011-12-26;null;null;
2011-12-27;null;null;
2011-12-28;null;null;
2011-12-29;null;null;
2011-12-30;null;null;
2011-12-31;null;null;
2012-01-01;null;null;
2012-01-02;null;null;
2012-01-03;null;null;
2012-01-04;null;null;
2012-01-05;null;null;
2012-01-06;null;null;
2012-01-07;null;null;
2012-01-08;null;null;
2012-01-09;null;null;
2012-01-10;null;null;
2012-01-11;null;null;
2012-01-12;null;null;
2012-01-13;null;null;
2012-01-14;null;null;
2012-01-15;null;null;
2012-01-16;null;null;
2012-01-17;null;null;
2012-01-18;null;null;
2012-01-19;null;null;
2012-01-20;null;null;
2012-01-21;null;null;
2012-01-22;null;null;
2012-01-23;null;null;
2012-01-24;null;null;
2012-01-25;null;null;
2012-01-26;null;null;
2012-01-27;null;null;
2012-01-28;null;null;
2012-01-29;null;null;
2012-01-30;null;null;
2012-01-31;null;null;
2012-02-01;null;null;
2012-02-02;null;null;
2012-02-03;null;null;
2012-02-04;null;null;
2012-02-05;null;null;
2012-02-06;null;null;
2012-02-07;null;null;
2012-02-08;null;null;
2012-02-09;null;null;
2012-02-10;null;null;
2012-02-11;null;null;
2012-02-12;null;null;
2012-02-13;null;null;
2012-02-14;null;null;
2012-02-15;null;null;
2012-02-16;null;null;
2012-02-17;null;null;
2012-02-18;null;null;
2012-02-19;null;null;
2012-02-20;null;null;
2012-02-21;null;null;
2012-02-22;null;null;
2012-02-23;null;null;
2012-02-24;null;null;
2012-02-25;null;null;
2012-02-26;null;null;
2012-02-27;null;null;
2012-02-28;null;null;
2012-02-29;null;null;
2012-03-01;null;null;
2012-03-02;null;null;
2012-03-03;null;null;
2012-03-04;null;null;
2012-03-05;null;null;
2012-03-06;null;null;
2012-03-07;null;null;
2012-03-08;null;null;
2012-03-09;null;null;
2012-03-10;null;null;
2012-03-11;null;null;
2012-03-12;null;null;
2012-03-13;null;null;
2012-03-14;null;null;
2012-03-15;null;null;
2012-03-16;null;null;
2012-03-17;null;null;
2012-03-18;null;null;
2012-03-19;null;null;
2012-03-20;null;null;
2012-03-21;null;null;
2012-03-22;null;null;
2012-03-23;null;null;
2012-03-24;null;null;
2012-03-25;null;null;
2012-03-26;null;null;
2012-03-27;null;null;
2012-03-28;null;null;
2012-03-29;null;null;
2012-03-30;null;null;
2012-03-31;null;null;
2012-04-01;null;null;
2012-04-02;null;null;
2012-04-03;null;null;
2012-04-04;null;null;
2012-04-05;null;null;
2012-04-06;null;null;
2012-04-07;null;null;
2012-04-08;null;null;
2012-04-09;null;null;
2012-04-10;null;null;
2012-04-11;null;null;
2012-04-12;null;null;
2012-04-13;null;null;
2012-04-14;null;null;
2012-04-15;null;null;
2012-04-16;null;null;
2012-04-17;null;null;
2012-04-18;null;null;
2012-04-19;null;null;
2012-04-20;null;null;
2012-04-21;null;null;
2012-04-22;null;null;
2012-04-23;null;null;
2012-04-24;null;null;
2012-04-25;null;null;
2012-04-26;null;null;
2012-04-27;null;null;
2012-04-28;null;null;
2012-04-29;null;null;
2012-04-30;null;null;
2012-05-01;null;null;
2012-05-02;null;null;
2012-05-03;null;null;
2012-05-04;null;null;
2012-05-05;null;null;
2012-05-06;null;null;
2012-05-07;null;null;
2012-05-08;null;null;
2012-05-09;null;null;
2012-05-10;null;null;
2012-05-11;null;null;
2012-05-12;null;null;
2012-05-13;null;null;
2012-05-14;null;null;
2012-05-15;null;null;
2012-05-16;null;null;
2012-05-17;null;null;
2012-05-18;null;null;
2012-05-19;null;null;
2012-05-20;null;null;
2012-05-21;null;null;
2012-05-22;null;null;
2012-05-23;null;null;
2012-05-24;null;null;
2012-05-25;null;null;
2012-05-26;null;null;
2012-05-27;null;null;
2012-05-28;null;null;
2012-05-29;null;null;
2012-05-30;null;null;
2012-05-31;null;null;
2012-06-01;null;null;
2012-06-02;null;null;
2012-06-03;null;null;
2012-06-04;null;null;
2012-06-05;null;null;
2012-06-06;null;null;
2012-06-07;null;null;
2012-06-08;null;null;
2012-06-09;null;null;
2012-06-10;null;null;
2012-06-11;null;null;
2012-06-12;null;null;
2012-06-13;null;null;
2012-06-14;null;null;
2012-06-15;null;null;
2012-06-16;null;null;
2012-06-17;null;null;
2012-06-18;null;null;
2012-06-19;null;null;
2012-06-20;null;null;
2012-06-21;null;null;
2012-06-22;null;null;
2012-06-23;null;null;
2012-06-24;null;null;
2012-06-25;null;null;
2012-06-26;null;null;
2012-06-27;null;null;
2012-06-28;null;null;
2012-06-29;null;null;
2012-06-30;null;null;
2012-07-01;null;null;
2012-07-02;null;null;
2012-07-03;null;null;
2012-07-04;null;null;
2012-07-05;null;null;
2012-07-06;null;null;
2012-07-07;null;null;
2012-07-08;null;null;
2012-07-09;null;null;
2012-07-10;null;null;
2012-07-11;null;null;
2012-07-12;null;null;
2012-07-13;null;null;
2012-07-14;null;null;
2012-07-15;null;null;
2012-07-16;null;null;
2012-07-17;null;null;
2012-07-18;null;null;
2012-07-19;null;null;
2012-07-20;null;null;
2012-07-21;null;null;
2012-07-22;null;null;
2012-07-23;null;null;
2012-07-24;null;null;
2012-07-25;null;null;
2012-07-26;null;null;
2012-07-27;null;null;
2012-07-28;null;null;
2012-07-29;null;null;
2012-07-30;null;null;
2012-07-31;null;null;
2012-08-01;null;null;
2012-08-02;null;null;
2012-08-03;null;null;
2012-08-04;null;null;
2012-08-05;null;null;
2012-08-06;null;null;
2012-08-07;null;null;
2012-08-08;null;null;
2012-08-09;null;null;
2012-08-10;null;null;
2012-08-11;null;null;
2012-08-12;null;null;
2012-08-13;null;null;
2012-08-14;null;null;
2012-08-15;null;null;
2012-08-16;null;null;
2012-08-17;null;null;
2012-08-18;null;null;
2012-08-19;null;null;
2012-08-20;null;null;
2012-08-21;null;null;
2012-08-22;null;null;
2012-08-23;null;null;
2012-08-24;null;null;
2012-08-25;null;null;
2012-08-26;null;null;
2012-08-27;null;null;
2012-08-28;null;null;
2012-08-29;null;null;
2012-08-30;null;null;
2012-08-31;null;null;
2012-09-01;null;null;
2012-09-02;null;null;
2012-09-03;null;null;
2012-09-04;null;null;
2012-09-05;null;null;
2012-09-06;null;null;
2012-09-07;null;null;
2012-09-08;null;null;
2012-09-09;null;null;
2012-09-10;null;null;
2012-09-11;null;null;
2012-09-12;null;null;
2012-09-13;null;null;
2012-09-14;null;null;
2012-09-15;null;null;
2012-09-16;null;null;
2012-09-17;null;null;
2012-09-18;null;null;
2012-09-19;null;null;
2012-09-20;null;null;
2012-09-21;null;null;
2012-09-22;null;null;
2012-09-23;null;null;
2012-09-24;null;null;
2012-09-25;null;null;
2012-09-26;null;null;
2012-09-27;null;null;
2012-09-28;null;null;
2012-09-29;null;null;
2012-09-30;null;null;
2012-10-01;null;null;
2012-10-02;null;null;
2012-10-03;null;null;
2012-10-04;null;null;
2012-10-05;null;null;
2012-10-06;null;null;
2012-10-07;null;null;
2012-10-08;null;null;
2012-10-09;null;null;
2012-10-10;null;null;
2012-10-11;null;null;
2012-10-12;null;null;
2012-10-13;null;null;
2012-10-14;null;null;
2012-10-15;null;null;
2012-10-16;null;null;
2012-10-17;null;null;
2012-10-18;null;null;
2012-10-19;null;null;
2012-10-20;null;null;
2012-10-21;null;null;
2012-10-22;null;null;
2012-10-23;null;null;
2012-10-24;null;null;
2012-10-25;null;null;
2012-10-26;null;null;
2012-10-27;null;null;
2012-10-28;null;null;
2012-10-29;null;null;
2012-10-30;null;null;

